JvmtiExport can_access_local_variables 0
JvmtiExport can_hotswap_or_post_breakpoint 0
JvmtiExport can_post_on_exceptions 0
# 319 ciObject found
instanceKlass org/apache/maven/model/ModelBase
ciInstanceKlass java/lang/Cloneable 1 0 7 100 1 100 1 1 1
instanceKlass org/apache/maven/artifact/handler/DefaultArtifactHandler$__sisu12$$FastClassByGuice$$183735360
instanceKlass org/apache/maven/model/merge/ModelMerger$1
instanceKlass java/util/Collections$UnmodifiableList$1
instanceKlass org/eclipse/aether/collection/DependencyManagement
instanceKlass org/apache/maven/repository/internal/RequestTraceHelper
instanceKlass org/eclipse/aether/util/graph/selector/ExclusionDependencySelector$ExclusionComparator
instanceKlass org/apache/maven/utils/Os
instanceKlass org/apache/maven/project/DefaultDependencyResolutionRequest
instanceKlass org/apache/maven/lifecycle/internal/LifecycleDependencyResolver$ReactorDependencyFilter
instanceKlass org/eclipse/aether/repository/LocalMetadataRegistration
instanceKlass org/apache/maven/artifact/repository/metadata/io/xpp3/MetadataXpp3Writer
instanceKlass org/codehaus/plexus/util/WriterFactory
instanceKlass org/eclipse/aether/metadata/MergeableMetadata
instanceKlass sun/util/cldr/CLDRBaseLocaleDataMetaInfo$TZCanonicalIDMapHolder
instanceKlass sun/util/resources/provider/NonBaseLocaleDataMetaInfo
instanceKlass sun/util/locale/provider/BaseLocaleDataMetaInfo
instanceKlass sun/util/locale/provider/TimeZoneNameUtility$TimeZoneNameGetter
instanceKlass sun/util/locale/provider/TimeZoneNameUtility
instanceKlass sun/nio/cs/Surrogate
instanceKlass sun/nio/cs/Surrogate$Parser
instanceKlass org/eclipse/aether/repository/LocalArtifactRegistration
instanceKlass org/eclipse/aether/util/FileUtils$2
instanceKlass jdk/internal/util/random/RandomSupport
instanceKlass org/eclipse/aether/util/FileUtils$CollocatedTempFile
instanceKlass org/eclipse/aether/util/FileUtils$TempFile
instanceKlass org/eclipse/aether/util/FileUtils
instanceKlass org/apache/maven/repository/internal/PluginsMetadataGenerator
instanceKlass org/apache/maven/repository/internal/VersionsMetadataGenerator
instanceKlass org/apache/maven/repository/internal/LocalSnapshotMetadataGenerator
instanceKlass org/apache/maven/project/artifact/ProjectArtifact$PomArtifactHandler
instanceKlass org/apache/maven/project/artifact/ArtifactWithDependencies
instanceKlass org/eclipse/sisu/plexus/CompositeBeanHelper$1
instanceKlass org/eclipse/sisu/plexus/CompositeBeanHelper
instanceKlass org/apache/maven/plugin/internal/ValidatingConfigurationListener
instanceKlass org/apache/maven/plugin/DebugConfigurationListener
instanceKlass org/eclipse/sisu/inject/MildKeys
instanceKlass java/time/LocalTime
instanceKlass java/time/LocalDate
instanceKlass java/time/chrono/ChronoLocalDate
instanceKlass java/time/zone/ZoneOffsetTransition
instanceKlass java/time/LocalDateTime
instanceKlass java/time/chrono/ChronoLocalDateTime
instanceKlass java/time/temporal/TemporalAdjuster
instanceKlass java/time/zone/ZoneOffsetTransitionRule
instanceKlass java/time/zone/ZoneRules
instanceKlass java/time/zone/Ser
instanceKlass java/io/Externalizable
instanceKlass java/time/zone/ZoneRulesProvider$1
instanceKlass java/time/zone/ZoneRulesProvider
instanceKlass java/time/Period
instanceKlass java/time/chrono/ChronoPeriod
instanceKlass java/time/format/DateTimeFormatterBuilder$TextPrinterParser
instanceKlass java/time/format/DateTimeTextProvider$1
instanceKlass java/time/format/DateTimeTextProvider
instanceKlass java/time/format/DateTimeTextProvider$LocaleStore
instanceKlass java/time/format/DateTimeFormatterBuilder$InstantPrinterParser
instanceKlass java/time/format/DateTimeFormatterBuilder$StringLiteralPrinterParser
instanceKlass java/time/format/DateTimeFormatterBuilder$ZoneIdPrinterParser
instanceKlass java/time/format/DateTimeFormatterBuilder$OffsetIdPrinterParser
instanceKlass java/time/format/DecimalStyle
instanceKlass java/time/format/DateTimeFormatterBuilder$CompositePrinterParser
instanceKlass java/time/chrono/AbstractChronology
instanceKlass java/time/chrono/Chronology
instanceKlass java/time/format/DateTimeFormatterBuilder$CharLiteralPrinterParser
instanceKlass java/time/format/DateTimeFormatterBuilder$NumberPrinterParser
instanceKlass java/time/format/DateTimeFormatterBuilder$DateTimePrinterParser
instanceKlass java/time/temporal/JulianFields
instanceKlass java/time/temporal/IsoFields
instanceKlass java/time/temporal/ValueRange
instanceKlass java/time/temporal/TemporalField
instanceKlass java/time/ZoneId
instanceKlass java/time/temporal/TemporalQuery
instanceKlass java/time/format/DateTimeFormatterBuilder
instanceKlass java/time/format/DateTimeFormatter
instanceKlass java/time/temporal/Temporal
instanceKlass java/time/temporal/TemporalAccessor
instanceKlass org/codehaus/plexus/component/configurator/converters/ParameterizedConfigurationConverter
instanceKlass org/codehaus/plexus/component/configurator/converters/AbstractConfigurationConverter
instanceKlass org/codehaus/plexus/component/configurator/converters/ConfigurationConverter
instanceKlass org/codehaus/plexus/component/configurator/converters/lookup/DefaultConverterLookup
instanceKlass org/codehaus/plexus/component/configurator/expression/DefaultExpressionEvaluator
instanceKlass org/apache/maven/plugin/PluginParameterExpressionEvaluator
instanceKlass org/codehaus/plexus/component/configurator/expression/TypeAwareExpressionEvaluator
instanceKlass org/apache/maven/monitor/logging/DefaultLog
instanceKlass org/apache/maven/plugins/install/InstallMojo$$FastClassByGuice$$183443347
instanceKlass com/google/inject/internal/Messages$Converter
instanceKlass com/google/inject/internal/Messages
instanceKlass org/w3c/dom/Element
instanceKlass org/w3c/dom/Document
instanceKlass org/w3c/dom/Node
instanceKlass java/security/CodeSigner
instanceKlass java/util/jar/JarVerifier
instanceKlass org/eclipse/sisu/space/FileEntryIterator
instanceKlass org/eclipse/sisu/space/ResourceEnumeration
instanceKlass org/eclipse/sisu/plexus/ComponentDescriptorBeanModule$PlexusDescriptorBeanSource
instanceKlass org/eclipse/sisu/plexus/ComponentDescriptorBeanModule$ComponentMetadata
instanceKlass org/apache/maven/plugin/AbstractMojo
instanceKlass org/apache/maven/plugin/ContextEnabled
instanceKlass org/apache/maven/plugin/Mojo
instanceKlass org/eclipse/sisu/plexus/ComponentDescriptorBeanModule
instanceKlass org/apache/maven/classrealm/ArtifactClassRealmConstituent
instanceKlass org/eclipse/aether/util/graph/visitor/TreeDependencyVisitor
instanceKlass org/eclipse/aether/util/graph/visitor/FilteringDependencyVisitor
instanceKlass org/eclipse/aether/internal/impl/ArtifactRequestBuilder
instanceKlass org/eclipse/aether/util/graph/transformer/ConflictResolver$NodeInfo
instanceKlass org/eclipse/aether/util/artifact/ArtifactIdUtils
instanceKlass org/eclipse/aether/util/graph/transformer/NearestVersionSelector$ConflictGroup
instanceKlass org/eclipse/aether/util/graph/transformer/ConflictResolver$ConflictItem
instanceKlass org/eclipse/aether/util/graph/transformer/ConflictResolver$ScopeContext
instanceKlass org/eclipse/aether/util/graph/transformer/ConflictResolver$ConflictContext
instanceKlass org/eclipse/aether/util/graph/transformer/ConflictResolver$State
instanceKlass org/eclipse/aether/util/graph/transformer/ConflictIdSorter$RootQueue
instanceKlass org/eclipse/aether/util/graph/transformer/ConflictIdSorter$ConflictId
instanceKlass org/eclipse/aether/util/graph/transformer/ConflictMarker$ConflictGroup
instanceKlass org/eclipse/aether/util/graph/transformer/ConflictMarker$Key
instanceKlass org/eclipse/aether/util/graph/transformer/ConflictMarker
instanceKlass org/eclipse/aether/util/graph/transformer/ConflictIdSorter
instanceKlass org/eclipse/aether/util/graph/transformer/TransformationContextKeys
instanceKlass org/eclipse/aether/internal/impl/collect/DefaultDependencyGraphTransformationContext
instanceKlass org/eclipse/aether/graph/Dependency$Exclusions$1
instanceKlass org/eclipse/aether/internal/impl/collect/DataPool$GraphKey
instanceKlass org/eclipse/aether/internal/impl/collect/DefaultDependencyCycle
instanceKlass org/eclipse/aether/internal/impl/collect/DataPool$Descriptor
instanceKlass org/apache/maven/model/merge/ModelMerger$NotifierKeyComputer
instanceKlass org/eclipse/aether/internal/impl/collect/DataPool$DescriptorKey
instanceKlass org/eclipse/aether/internal/impl/collect/DataPool$Constraint$VersionRepo
instanceKlass org/eclipse/aether/internal/impl/collect/DataPool$Constraint
instanceKlass org/eclipse/aether/internal/impl/collect/DataPool$ConstraintKey
instanceKlass org/eclipse/aether/internal/impl/collect/CollectStepDataImpl
instanceKlass org/eclipse/aether/collection/CollectStepData
instanceKlass org/eclipse/aether/util/graph/manager/ClassicDependencyManager$Key
instanceKlass org/eclipse/aether/internal/impl/collect/df/NodeStack
instanceKlass org/eclipse/aether/graph/DependencyCycle
instanceKlass org/eclipse/aether/internal/impl/collect/DataPool$HardInternPool
instanceKlass org/eclipse/aether/internal/impl/collect/DataPool$WeakInternPool
instanceKlass org/eclipse/aether/internal/impl/collect/DataPool$InternPool
instanceKlass org/eclipse/aether/internal/impl/collect/CachingArtifactTypeRegistry
instanceKlass org/apache/maven/plugin/internal/WagonExcluder
instanceKlass org/eclipse/aether/util/filter/ScopeDependencyFilter
instanceKlass org/eclipse/aether/util/filter/AndDependencyFilter
instanceKlass org/apache/maven/plugin/CacheUtils
instanceKlass org/apache/maven/plugin/DefaultPluginRealmCache$CacheKey
instanceKlass java/lang/Character$CharacterCache
instanceKlass org/apache/maven/project/artifact/DefaultProjectArtifactsCache$CacheKey
instanceKlass org/apache/maven/lifecycle/internal/MojoExecutor$ProjectLock
instanceKlass org/apache/maven/lifecycle/internal/MojoExecutor$1
instanceKlass org/apache/maven/lifecycle/internal/ExecutionPlanItem
instanceKlass org/apache/maven/lifecycle/internal/DefaultMojoExecutionConfigurator$$FastClassByGuice$$182070937
instanceKlass org/apache/maven/lifecycle/internal/GoalTask
instanceKlass org/codehaus/plexus/component/repository/ComponentDependency
instanceKlass org/codehaus/plexus/component/repository/ComponentRequirement
instanceKlass org/apache/maven/model/Exclusion
instanceKlass java/util/Collections$ReverseComparator
instanceKlass org/apache/maven/plugin/MavenPluginValidator
instanceKlass java/io/RandomAccessFile$1
instanceKlass org/codehaus/plexus/configuration/DefaultPlexusConfiguration
instanceKlass java/util/stream/MatchOps$BooleanTerminalSink
instanceKlass java/util/stream/MatchOps$MatchOp
instanceKlass java/util/stream/MatchOps
instanceKlass java/util/stream/Streams$RangeIntSpliterator
instanceKlass org/apache/maven/model/Notifier
instanceKlass org/eclipse/aether/util/version/GenericVersion$Item
instanceKlass org/eclipse/aether/util/version/GenericVersion$Tokenizer
instanceKlass org/eclipse/aether/util/version/GenericVersion
instanceKlass org/eclipse/aether/util/version/GenericVersionConstraint
instanceKlass org/eclipse/aether/version/VersionRange
instanceKlass org/eclipse/aether/version/VersionConstraint
instanceKlass org/eclipse/aether/util/version/GenericVersionScheme
instanceKlass org/apache/maven/model/Site
instanceKlass org/apache/maven/model/io/xpp3/MavenXpp3Reader$1
instanceKlass org/apache/maven/model/io/xpp3/MavenXpp3Reader$ContentTransformer
instanceKlass org/apache/maven/model/io/xpp3/MavenXpp3Reader
instanceKlass org/apache/maven/repository/internal/DefaultModelResolver
instanceKlass java/util/AbstractMap$2$1
instanceKlass org/eclipse/aether/repository/LocalArtifactRequest
instanceKlass org/apache/maven/repository/internal/DefaultVersionResolver$Key
instanceKlass org/eclipse/aether/artifact/AbstractArtifact
instanceKlass org/apache/maven/plugin/DefaultPluginDescriptorCache$CacheKey
instanceKlass org/apache/maven/artifact/repository/metadata/io/xpp3/MetadataXpp3Reader$1
instanceKlass org/apache/maven/artifact/repository/metadata/io/xpp3/MetadataXpp3Reader$ContentTransformer
instanceKlass org/apache/maven/artifact/repository/metadata/io/xpp3/MetadataXpp3Reader
instanceKlass org/eclipse/aether/repository/AuthenticationDigest
instanceKlass java/nio/channels/spi/AbstractInterruptibleChannel$1
instanceKlass sun/nio/ch/Interruptible
instanceKlass sun/nio/ch/FileKey
instanceKlass sun/nio/ch/FileLockTable
instanceKlass sun/nio/fs/WindowsChannelFactory$2
instanceKlass sun/nio/fs/WindowsFileSystemProvider$1
instanceKlass java/util/Formattable
instanceKlass java/util/Formatter$Flags
instanceKlass java/util/Formatter$FormatSpecifier
instanceKlass java/util/Formatter$Conversion
instanceKlass java/util/Formatter$FixedString
instanceKlass java/util/Formatter$FormatString
instanceKlass java/util/Formatter
instanceKlass org/eclipse/aether/internal/impl/Utils
instanceKlass org/eclipse/aether/repository/LocalMetadataResult
instanceKlass org/eclipse/aether/repository/LocalMetadataRequest
instanceKlass org/eclipse/aether/internal/impl/DefaultRepositoryEventDispatcher$1
instanceKlass org/eclipse/aether/RepositoryEvent$Builder
instanceKlass org/eclipse/aether/resolution/MetadataResult
instanceKlass org/eclipse/aether/internal/impl/filter/PrefixesRemoteRepositoryFilterSource$1
instanceKlass org/eclipse/aether/internal/impl/filter/RemoteRepositoryFilterSourceSupport$SimpleResult
instanceKlass org/eclipse/aether/named/support/Retry$DoNotRetry
instanceKlass org/eclipse/aether/internal/impl/synccontext/named/NamedLockFactoryAdapter$AdaptedLockSyncContext
instanceKlass org/eclipse/aether/internal/impl/synccontext/named/GAVNameMapper
instanceKlass org/eclipse/aether/internal/impl/synccontext/named/NameMappers
instanceKlass org/eclipse/sisu/wire/NamedIterableAdapter$NamedEntry
instanceKlass org/eclipse/sisu/wire/NamedIterableAdapter$NamedIterator
instanceKlass org/eclipse/aether/resolution/MetadataRequest
instanceKlass org/eclipse/aether/metadata/AbstractMetadata
instanceKlass org/apache/maven/plugin/version/DefaultPluginVersionRequest
instanceKlass org/apache/maven/execution/ProjectExecutionEvent
instanceKlass org/apache/maven/lifecycle/internal/CompoundProjectExecutionListener
instanceKlass org/apache/maven/lifecycle/internal/DefaultLifecycleMappingDelegate$$FastClassByGuice$$181026144
instanceKlass org/apache/maven/lifecycle/internal/DefaultLifecycleExecutionPlanCalculator$$FastClassByGuice$$179535226
instanceKlass org/apache/maven/project/artifact/DefaultProjectArtifactsCache$$FastClassByGuice$$178291207
instanceKlass org/apache/maven/artifact/factory/DefaultArtifactFactory$$FastClassByGuice$$177401144
instanceKlass org/apache/maven/lifecycle/internal/builder/singlethreaded/SingleThreadedBuilder$$FastClassByGuice$$176947723
instanceKlass java/util/stream/DistinctOps
instanceKlass org/apache/maven/graph/FilteredProjectDependencyGraph$Key
instanceKlass org/apache/maven/lifecycle/internal/LifecycleTask
instanceKlass org/slf4j/helpers/FormattingTuple
instanceKlass org/slf4j/helpers/MessageFormatter
instanceKlass org/apache/maven/internal/aether/MavenChainedWorkspaceReader
instanceKlass java/lang/invoke/MethodHandle$1
instanceKlass org/apache/maven/graph/FilteredProjectDependencyGraph
instanceKlass org/apache/maven/graph/DefaultProjectDependencyGraph$MavenProjectComparator
instanceKlass org/codehaus/plexus/util/dag/TopologicalSorter
instanceKlass org/codehaus/plexus/util/dag/CycleDetector
instanceKlass org/codehaus/plexus/util/dag/Vertex
instanceKlass org/codehaus/plexus/util/dag/DAG
instanceKlass org/apache/maven/project/ProjectSorter
instanceKlass org/apache/maven/graph/DefaultProjectDependencyGraph
instanceKlass org/apache/maven/project/DefaultProjectBuildingResult
instanceKlass org/apache/maven/lifecycle/mapping/DefaultLifecycleMapping$__sisu1$$FastClassByGuice$$175205198
instanceKlass org/apache/maven/lifecycle/Lifecycle$__sisu7$$FastClassByGuice$$175010059
instanceKlass org/apache/maven/lifecycle/Lifecycle$__sisu8$$FastClassByGuice$$173828302
instanceKlass org/apache/maven/lifecycle/mapping/LifecycleMojo
instanceKlass org/apache/maven/lifecycle/mapping/DefaultLifecycleMapping$$FastClassByGuice$$172181513
instanceKlass org/apache/maven/lifecycle/mapping/Lifecycle
instanceKlass org/apache/maven/model/building/DefaultModelBuildingEvent
instanceKlass org/apache/maven/model/building/ModelBuildingEventCatapult$1
instanceKlass org/apache/maven/project/ReactorModelPool$CacheKey
instanceKlass org/apache/maven/artifact/versioning/ComparableVersion$StringItem
instanceKlass org/apache/maven/artifact/handler/DefaultArtifactHandler$__sisu13$$FastClassByGuice$$171261812
instanceKlass org/apache/maven/artifact/versioning/Restriction
instanceKlass org/apache/maven/model/building/DefaultModelProblem
instanceKlass org/apache/maven/model/building/ModelProblemCollectorRequest
instanceKlass org/apache/maven/artifact/handler/DefaultArtifactHandler$__sisu9$$FastClassByGuice$$170898129
instanceKlass org/apache/maven/repository/internal/DefaultModelCache$Key
instanceKlass org/apache/maven/model/building/ModelCacheTag$2
instanceKlass org/apache/maven/model/building/ModelCacheTag$1
instanceKlass org/apache/maven/project/DefaultProjectBuilder$InterimResult
instanceKlass org/apache/maven/artifact/ArtifactUtils
instanceKlass org/apache/maven/artifact/DefaultArtifact
instanceKlass org/apache/maven/artifact/handler/DefaultArtifactHandler$$FastClassByGuice$$168840990
instanceKlass org/apache/maven/artifact/versioning/ComparableVersion$IntItem
instanceKlass org/apache/maven/artifact/versioning/ComparableVersion$Item
instanceKlass org/apache/maven/artifact/versioning/ComparableVersion
instanceKlass org/apache/maven/artifact/versioning/DefaultArtifactVersion
instanceKlass org/apache/maven/repository/internal/ArtifactDescriptorUtils
instanceKlass org/apache/maven/model/Extension
instanceKlass org/codehaus/plexus/interpolation/util/StringUtils
instanceKlass org/apache/maven/model/DistributionManagement
instanceKlass org/apache/maven/model/License
instanceKlass org/apache/maven/model/CiManagement
instanceKlass org/apache/maven/model/MailingList
instanceKlass org/apache/maven/model/Organization
instanceKlass org/apache/maven/model/IssueManagement
instanceKlass org/apache/maven/model/Prerequisites
instanceKlass org/apache/maven/model/Scm
instanceKlass org/apache/maven/model/Parent
instanceKlass org/codehaus/plexus/interpolation/reflection/MethodMap
instanceKlass org/codehaus/plexus/interpolation/reflection/ClassMap$CacheMiss
instanceKlass org/codehaus/plexus/interpolation/reflection/ClassMap
instanceKlass org/codehaus/plexus/interpolation/reflection/ReflectionValueExtractor$Tokenizer
instanceKlass org/codehaus/plexus/interpolation/reflection/ReflectionValueExtractor
instanceKlass org/codehaus/plexus/interpolation/util/ValueSourceUtils
instanceKlass org/apache/maven/model/interpolation/StringVisitorModelInterpolator$ModelVisitor
instanceKlass org/apache/maven/model/interpolation/StringVisitorModelInterpolator$1
instanceKlass org/codehaus/plexus/interpolation/PrefixAwareRecursionInterceptor
instanceKlass org/apache/maven/model/interpolation/UrlNormalizingPostProcessor
instanceKlass org/apache/maven/model/interpolation/PathTranslatingPostProcessor
instanceKlass java/text/DontCareFieldPosition$1
instanceKlass java/text/Format$FieldDelegate
instanceKlass sun/util/resources/Bundles$2
instanceKlass sun/util/resources/LocaleData$LocaleDataResourceBundleProvider
instanceKlass java/util/spi/ResourceBundleProvider
instanceKlass org/apache/maven/model/interpolation/MavenBuildTimestamp
instanceKlass org/apache/maven/model/interpolation/ProblemDetectingValueSource
instanceKlass org/codehaus/plexus/interpolation/PrefixedValueSourceWrapper
instanceKlass org/codehaus/plexus/interpolation/FeedbackEnabledValueSource
instanceKlass org/codehaus/plexus/interpolation/AbstractDelegatingValueSource
instanceKlass org/codehaus/plexus/interpolation/QueryEnabledValueSource
instanceKlass org/apache/maven/model/merge/ModelMerger$ExtensionKeyComputer
instanceKlass org/apache/maven/model/merge/ModelMerger$ResourceKeyComputer
instanceKlass org/apache/maven/model/merge/ModelMerger$SourceDominant
instanceKlass org/apache/maven/model/merge/ModelMerger$DependencyKeyComputer
instanceKlass org/apache/maven/model/building/DefaultModelBuilder$InterpolateString
instanceKlass org/apache/maven/model/building/DefaultModelBuilder$1Interpolation
instanceKlass java/util/Spliterators$IteratorSpliterator
instanceKlass org/apache/maven/model/building/ModelProblemUtils
instanceKlass org/apache/maven/model/io/xpp3/MavenXpp3ReaderEx$Xpp3DomBuilderInputLocationBuilder
instanceKlass org/apache/maven/model/DependencyManagement
instanceKlass org/apache/maven/model/io/xpp3/MavenXpp3ReaderEx$1
instanceKlass org/codehaus/plexus/util/xml/Xpp3DomBuilder$InputLocationBuilder
instanceKlass org/apache/maven/model/io/xpp3/MavenXpp3ReaderEx$ContentTransformer
instanceKlass org/apache/maven/model/io/xpp3/MavenXpp3ReaderEx
instanceKlass org/apache/maven/model/building/ModelSource2
instanceKlass org/apache/maven/model/building/DefaultModelBuildingResult
instanceKlass org/apache/maven/model/building/AbstractModelBuildingListener
instanceKlass org/apache/maven/project/ProjectModelResolver
instanceKlass org/apache/maven/model/building/DefaultModelBuildingRequest
instanceKlass org/apache/maven/artifact/repository/LegacyLocalRepositoryManager
instanceKlass org/apache/maven/repository/internal/DefaultModelCache
instanceKlass org/apache/maven/project/DefaultProjectBuildingRequest
instanceKlass org/apache/maven/shared/utils/logging/AnsiMessageBuilder
instanceKlass org/netbeans/shaded/json/simple/JSONValue
instanceKlass org/netbeans/shaded/json/simple/JSONStreamAware
instanceKlass org/netbeans/shaded/json/simple/JSONAware
instanceKlass org/apache/maven/lifecycle/internal/DefaultExecutionEventCatapult$1
instanceKlass org/apache/maven/lifecycle/internal/DefaultExecutionEvent
instanceKlass org/apache/maven/AbstractMavenLifecycleParticipant
instanceKlass java/util/concurrent/atomic/AtomicReference
instanceKlass org/apache/maven/session/scope/internal/SessionScope$CachingProvider
instanceKlass org/apache/maven/settings/RuntimeInfo
instanceKlass org/eclipse/aether/internal/impl/LocalPathPrefixComposerFactorySupport$LocalPathPrefixComposerSupport
instanceKlass org/eclipse/aether/internal/impl/SimpleLocalRepositoryManager
instanceKlass java/util/ArrayList$SubList$1
instanceKlass org/eclipse/aether/internal/impl/PrioritizedComponent
instanceKlass org/eclipse/sisu/wire/EntrySetAdapter$ValueIterator
instanceKlass org/eclipse/aether/internal/impl/PrioritizedComponents
instanceKlass org/eclipse/aether/repository/RemoteRepository$Builder
instanceKlass java/net/spi/URLStreamHandlerProvider
instanceKlass java/net/URL$1
instanceKlass java/net/URL$2
instanceKlass org/eclipse/aether/util/ConfigUtils
instanceKlass org/eclipse/aether/AbstractRepositoryListener
instanceKlass org/eclipse/aether/util/repository/DefaultAuthenticationSelector
instanceKlass org/eclipse/aether/util/repository/DefaultProxySelector
instanceKlass org/eclipse/aether/util/repository/DefaultMirrorSelector$MirrorDef
instanceKlass org/eclipse/aether/util/repository/DefaultMirrorSelector
instanceKlass org/apache/maven/settings/crypto/DefaultSettingsDecryptionResult
instanceKlass org/apache/maven/settings/crypto/DefaultSettingsDecryptionRequest
instanceKlass org/apache/maven/RepositoryUtils$MavenArtifactTypeRegistry
instanceKlass org/apache/maven/RepositoryUtils
instanceKlass org/eclipse/aether/util/repository/SimpleResolutionErrorPolicy
instanceKlass org/eclipse/aether/util/repository/SimpleArtifactDescriptorPolicy
instanceKlass org/eclipse/aether/artifact/DefaultArtifactType
instanceKlass org/eclipse/aether/util/artifact/SimpleArtifactTypeRegistry
instanceKlass org/eclipse/aether/util/graph/transformer/JavaDependencyContextRefiner
instanceKlass org/eclipse/aether/util/graph/transformer/ChainedDependencyGraphTransformer
instanceKlass org/eclipse/aether/util/graph/transformer/ConflictResolver
instanceKlass org/eclipse/aether/graph/Exclusion
instanceKlass org/eclipse/aether/util/graph/selector/ExclusionDependencySelector
instanceKlass org/eclipse/aether/util/graph/selector/OptionalDependencySelector
instanceKlass org/eclipse/aether/util/graph/selector/ScopeDependencySelector
instanceKlass org/eclipse/aether/util/graph/selector/AndDependencySelector
instanceKlass org/eclipse/aether/util/graph/manager/ClassicDependencyManager
instanceKlass org/eclipse/aether/util/graph/traverser/FatArtifactTraverser
instanceKlass org/eclipse/aether/DefaultSessionData
instanceKlass org/eclipse/aether/DefaultRepositorySystemSession$NullFileTransformerManager
instanceKlass org/eclipse/aether/transform/FileTransformerManager
instanceKlass org/eclipse/aether/DefaultRepositorySystemSession$NullArtifactTypeRegistry
instanceKlass org/eclipse/aether/DefaultRepositorySystemSession$NullAuthenticationSelector
instanceKlass org/eclipse/aether/DefaultRepositorySystemSession$NullProxySelector
instanceKlass org/eclipse/aether/DefaultRepositorySystemSession$NullMirrorSelector
instanceKlass org/eclipse/aether/SessionData
instanceKlass org/eclipse/aether/artifact/ArtifactTypeRegistry
instanceKlass org/eclipse/aether/collection/DependencyGraphTransformer
instanceKlass org/eclipse/aether/util/graph/transformer/ConflictResolver$VersionSelector
instanceKlass org/eclipse/aether/util/graph/transformer/ConflictResolver$ScopeSelector
instanceKlass org/eclipse/aether/util/graph/transformer/ConflictResolver$OptionalitySelector
instanceKlass org/eclipse/aether/util/graph/transformer/ConflictResolver$ScopeDeriver
instanceKlass org/apache/maven/repository/internal/MavenRepositorySystemUtils
instanceKlass org/apache/maven/execution/DefaultMavenExecutionResult
instanceKlass org/apache/maven/artifact/repository/MavenArtifactRepository
instanceKlass org/apache/maven/artifact/repository/layout/ArtifactRepositoryLayout2
instanceKlass org/apache/maven/artifact/repository/layout/DefaultRepositoryLayout$$FastClassByGuice$$168196817
instanceKlass org/apache/maven/execution/AbstractExecutionListener
instanceKlass org/eclipse/aether/transfer/AbstractTransferListener
instanceKlass org/apache/maven/toolchain/building/DefaultToolchainsBuildingResult
instanceKlass org/apache/maven/toolchain/building/DefaultToolchainsBuilder$1
instanceKlass org/apache/maven/toolchain/model/io/xpp3/MavenToolchainsXpp3Writer
instanceKlass org/apache/maven/toolchain/model/io/xpp3/MavenToolchainsXpp3Reader$1
instanceKlass org/apache/maven/toolchain/model/io/xpp3/MavenToolchainsXpp3Reader$ContentTransformer
instanceKlass org/apache/maven/toolchain/model/io/xpp3/MavenToolchainsXpp3Reader
instanceKlass org/apache/maven/building/DefaultProblemCollector
instanceKlass org/apache/maven/building/ProblemCollectorFactory
instanceKlass org/apache/maven/toolchain/building/DefaultToolchainsBuildingRequest
instanceKlass org/apache/maven/settings/building/DefaultSettingsBuildingResult
instanceKlass org/apache/maven/settings/building/DefaultSettingsBuilder$1
instanceKlass org/codehaus/plexus/interpolation/os/OperatingSystemUtils$DefaultEnvVarSource
instanceKlass org/codehaus/plexus/interpolation/os/OperatingSystemUtils$EnvVarSource
instanceKlass org/codehaus/plexus/interpolation/os/OperatingSystemUtils
instanceKlass org/codehaus/plexus/util/xml/pull/MXSerializer
instanceKlass org/codehaus/plexus/util/xml/pull/XmlSerializer
instanceKlass org/apache/maven/settings/io/xpp3/SettingsXpp3Writer
instanceKlass org/codehaus/plexus/util/xml/pull/EntityReplacementMap
instanceKlass org/apache/maven/settings/io/xpp3/SettingsXpp3Reader$1
instanceKlass org/apache/maven/settings/io/xpp3/SettingsXpp3Reader$ContentTransformer
instanceKlass org/apache/maven/settings/io/xpp3/SettingsXpp3Reader
instanceKlass org/apache/maven/building/FileSource
instanceKlass org/apache/maven/settings/building/DefaultSettingsBuildingRequest
instanceKlass org/apache/maven/graph/DefaultGraphBuilder$$FastClassByGuice$$167724332
instanceKlass sun/security/provider/EntropySource
instanceKlass sun/security/provider/AbstractDrbg
instanceKlass java/security/DrbgParameters$Instantiation
instanceKlass java/security/DrbgParameters
instanceKlass sun/security/provider/MoreDrbgParameters
instanceKlass java/security/SecureRandomSpi
instanceKlass jdk/internal/event/Event
instanceKlass sun/security/util/SecurityProviderConstants
instanceKlass java/security/Provider$UString
instanceKlass java/security/Provider$Service
instanceKlass sun/security/provider/NativePRNG$NonBlocking
instanceKlass sun/security/provider/NativePRNG$Blocking
instanceKlass sun/security/provider/NativePRNG
instanceKlass sun/security/provider/SunEntries$1
instanceKlass sun/security/provider/SunEntries
instanceKlass sun/security/util/SecurityConstants
instanceKlass sun/security/jca/ProviderList$2
instanceKlass jdk/internal/math/FloatingDecimal$ASCIIToBinaryBuffer
instanceKlass javax/security/auth/login/Configuration$Parameters
instanceKlass java/security/Policy$Parameters
instanceKlass java/security/cert/CertStoreParameters
instanceKlass java/security/SecureRandomParameters
instanceKlass java/security/Provider$EngineDescription
instanceKlass java/security/Provider$ServiceKey
instanceKlass sun/security/jca/ProviderConfig
instanceKlass sun/security/jca/ProviderList
instanceKlass sun/security/jca/Providers
instanceKlass java/security/Key
instanceKlass java/security/spec/AlgorithmParameterSpec
instanceKlass jdk/internal/math/FDBigInteger
instanceKlass jdk/internal/math/FloatingDecimal$PreparedASCIIToBinaryBuffer
instanceKlass jdk/internal/math/FloatingDecimal$ASCIIToBinaryConverter
instanceKlass jdk/internal/math/FloatingDecimal$BinaryToASCIIBuffer
instanceKlass jdk/internal/math/FloatingDecimal$ExceptionalBinaryToASCIIBuffer
instanceKlass jdk/internal/math/FloatingDecimal$BinaryToASCIIConverter
instanceKlass jdk/internal/math/FloatingDecimal
instanceKlass org/apache/maven/plugin/prefix/internal/DefaultPluginPrefixResolver$$FastClassByGuice$$166559397
instanceKlass org/apache/maven/plugin/CompoundMojoExecutionListener
instanceKlass org/apache/maven/plugin/internal/DefaultLegacySupport$$FastClassByGuice$$164860941
instanceKlass org/apache/maven/plugin/DefaultBuildPluginManager$$FastClassByGuice$$164548042
instanceKlass org/apache/maven/lifecycle/internal/DefaultLifecycleTaskSegmentCalculator$$FastClassByGuice$$163197660
instanceKlass org/apache/maven/lifecycle/internal/DefaultExecutionEventCatapult$$FastClassByGuice$$161543114
instanceKlass org/apache/maven/project/DefaultProjectDependenciesResolver$$FastClassByGuice$$161273681
instanceKlass org/apache/maven/project/RepositorySessionDecorator
instanceKlass org/apache/maven/plugin/DefaultPluginArtifactsCache$$FastClassByGuice$$159974819
instanceKlass com/google/inject/internal/DelegatingInvocationHandler
instanceKlass org/apache/maven/artifact/repository/metadata/io/DefaultMetadataReader$$FastClassByGuice$$159325107
instanceKlass org/apache/maven/plugin/version/internal/DefaultPluginVersionResolver$$FastClassByGuice$$157360080
instanceKlass org/apache/maven/plugin/DefaultExtensionRealmCache$$FastClassByGuice$$156992649
instanceKlass org/apache/maven/rtinfo/internal/DefaultRuntimeInformation$$FastClassByGuice$$155226041
instanceKlass org/eclipse/aether/artifact/ArtifactType
instanceKlass org/eclipse/sisu/wire/NamedIterableAdapter
instanceKlass org/eclipse/aether/internal/impl/DefaultUpdateCheckManager$1
instanceKlass org/apache/maven/plugin/DefaultPluginRealmCache$$FastClassByGuice$$154981989
instanceKlass org/apache/maven/plugin/DefaultPluginDescriptorCache$$FastClassByGuice$$153796881
instanceKlass org/apache/maven/plugin/internal/DefaultMavenPluginManager$$FastClassByGuice$$152685881
instanceKlass org/apache/maven/artifact/handler/manager/DefaultArtifactHandlerManager$$FastClassByGuice$$150996874
instanceKlass org/apache/maven/project/DefaultProjectRealmCache$$FastClassByGuice$$150556581
instanceKlass org/codehaus/plexus/classworlds/realm/Entry
instanceKlass java/util/Random
instanceKlass java/util/random/RandomGenerator
instanceKlass org/eclipse/sisu/inject/Guice4$2
instanceKlass org/apache/maven/project/DefaultProjectBuildingHelper$$FastClassByGuice$$149020581
instanceKlass org/apache/maven/lifecycle/internal/DefaultLifecyclePluginAnalyzer$$FastClassByGuice$$147910986
instanceKlass org/apache/maven/model/plugin/DefaultLifecycleBindingsInjector$$FastClassByGuice$$147089515
instanceKlass org/apache/maven/model/Contributor
instanceKlass org/apache/maven/model/PatternSet
instanceKlass org/apache/maven/model/merge/ModelMerger$KeyComputer
instanceKlass org/apache/maven/model/merge/ModelMerger$Remapping
instanceKlass org/apache/maven/project/DefaultProjectBuilder$$FastClassByGuice$$146515098
instanceKlass org/apache/maven/DefaultMaven$$FastClassByGuice$$144980342
instanceKlass org/apache/maven/cli/event/DefaultEventSpyContext
instanceKlass org/eclipse/sisu/wire/EntryListAdapter$ValueIterator
instanceKlass org/apache/maven/cli/logging/Slf4jLogger
instanceKlass org/eclipse/sisu/inject/LazyBeanEntry$JsrNamed
instanceKlass org/eclipse/sisu/inject/LazyBeanEntry
instanceKlass javax/annotation/Priority
instanceKlass org/eclipse/sisu/inject/Implementations
instanceKlass org/eclipse/sisu/plexus/LazyPlexusBean
instanceKlass org/eclipse/sisu/inject/RankedSequence$Itr
instanceKlass org/eclipse/sisu/inject/RankedBindings$Itr
instanceKlass org/eclipse/sisu/inject/LocatedBeans$Itr
instanceKlass org/eclipse/sisu/plexus/RealmFilteredBeans$FilteredItr
instanceKlass org/eclipse/sisu/plexus/DefaultPlexusBeans$Itr
instanceKlass org/eclipse/sisu/plexus/DefaultPlexusBeans
instanceKlass org/eclipse/sisu/plexus/RealmFilteredBeans
instanceKlass org/eclipse/sisu/inject/BeanCache
instanceKlass org/eclipse/sisu/inject/LocatedBeans
instanceKlass org/eclipse/sisu/inject/MildElements$Indexable
instanceKlass com/google/inject/internal/ProviderInternalFactory$1
instanceKlass com/google/inject/internal/ConstructorInjector$1
instanceKlass org/eclipse/sisu/inject/WatchedBeans
instanceKlass org/eclipse/sisu/inject/MildValues$ValueItr
instanceKlass org/eclipse/sisu/inject/InjectorBindings
instanceKlass com/google/inject/spi/ProvisionListener$ProvisionInvocation
instanceKlass com/google/inject/internal/MembersInjectorImpl$1
instanceKlass com/google/inject/internal/InternalContext
instanceKlass com/google/inject/internal/Initializer$1
instanceKlass com/google/common/collect/AbstractMapBasedMultimap$AsMap$AsMapIterator
instanceKlass com/google/inject/internal/SingleMethodInjector$1
instanceKlass org/codehaus/plexus/DefaultPlexusContainer$$FastClassByGuice$$144160544
instanceKlass com/google/inject/internal/SingleMethodInjector$2
instanceKlass com/google/inject/internal/InjectorImpl$MethodInvoker
instanceKlass com/google/inject/internal/SingleMethodInjector
instanceKlass org/sonatype/plexus/components/sec/dispatcher/DefaultSecDispatcher$$FastClassByGuice$$143383883
instanceKlass org/sonatype/plexus/components/cipher/DefaultPlexusCipher$$FastClassByGuice$$142298871
instanceKlass org/codehaus/plexus/component/configurator/MapOrientedComponentConfigurator$$FastClassByGuice$$140940877
instanceKlass org/codehaus/plexus/component/configurator/BasicComponentConfigurator$$FastClassByGuice$$139773447
instanceKlass org/apache/maven/settings/validation/DefaultSettingsValidator$$FastClassByGuice$$138990944
instanceKlass org/apache/maven/settings/io/DefaultSettingsWriter$$FastClassByGuice$$138224001
instanceKlass org/apache/maven/settings/io/DefaultSettingsReader$$FastClassByGuice$$136414098
instanceKlass org/apache/maven/settings/crypto/DefaultSettingsDecrypter$$FastClassByGuice$$135747935
instanceKlass org/apache/maven/settings/building/DefaultSettingsBuilder$$FastClassByGuice$$134424937
instanceKlass org/eclipse/aether/transport/wagon/WagonTransporterFactory$$FastClassByGuice$$133307287
instanceKlass org/eclipse/aether/internal/transport/wagon/PlexusWagonProvider$$FastClassByGuice$$132768614
instanceKlass org/eclipse/aether/internal/transport/wagon/PlexusWagonConfigurator$$FastClassByGuice$$131182018
instanceKlass org/eclipse/aether/transport/http/XChecksumChecksumExtractor$$FastClassByGuice$$131057310
instanceKlass org/eclipse/aether/transport/http/Nexus2ChecksumExtractor$$FastClassByGuice$$129886327
instanceKlass org/eclipse/aether/transport/http/HttpTransporterFactory$$FastClassByGuice$$128799991
instanceKlass org/eclipse/aether/transport/file/FileTransporterFactory$$FastClassByGuice$$127213657
instanceKlass org/apache/maven/repository/internal/VersionsMetadataGeneratorFactory$$FastClassByGuice$$126053505
instanceKlass org/apache/maven/repository/internal/SnapshotMetadataGeneratorFactory$$FastClassByGuice$$125352829
instanceKlass org/apache/maven/repository/internal/PluginsMetadataGeneratorFactory$$FastClassByGuice$$124023133
instanceKlass org/apache/maven/repository/internal/DefaultVersionResolver$$FastClassByGuice$$123087959
instanceKlass org/apache/maven/repository/internal/DefaultVersionRangeResolver$$FastClassByGuice$$122197244
instanceKlass org/apache/maven/repository/internal/DefaultModelCacheFactory$$FastClassByGuice$$121598506
instanceKlass org/apache/maven/repository/internal/DefaultArtifactDescriptorReader$$FastClassByGuice$$120177840
instanceKlass org/eclipse/aether/named/providers/NoopNamedLockFactory$$FastClassByGuice$$119046687
instanceKlass org/eclipse/aether/named/providers/LocalSemaphoreNamedLockFactory$$FastClassByGuice$$117749688
instanceKlass org/eclipse/aether/named/providers/LocalReadWriteLockNamedLockFactory$$FastClassByGuice$$117074308
instanceKlass org/eclipse/aether/named/providers/FileLockNamedLockFactory$$FastClassByGuice$$116114056
instanceKlass org/eclipse/aether/internal/impl/synccontext/named/providers/StaticNameMapperProvider$$FastClassByGuice$$114572225
instanceKlass org/eclipse/aether/internal/impl/synccontext/named/providers/GAVNameMapperProvider$$FastClassByGuice$$114133885
instanceKlass org/eclipse/aether/internal/impl/synccontext/named/providers/GAECVNameMapperProvider$$FastClassByGuice$$113112251
instanceKlass org/eclipse/aether/internal/impl/synccontext/named/providers/FileStaticNameMapperProvider$$FastClassByGuice$$112047221
instanceKlass org/eclipse/aether/internal/impl/synccontext/named/providers/FileHashingGAVNameMapperProvider$$FastClassByGuice$$110338557
instanceKlass org/eclipse/aether/internal/impl/synccontext/named/providers/FileHashingGAECVNameMapperProvider$$FastClassByGuice$$110041299
instanceKlass org/eclipse/aether/internal/impl/synccontext/named/providers/FileGAVNameMapperProvider$$FastClassByGuice$$108955217
instanceKlass org/eclipse/aether/internal/impl/synccontext/named/providers/FileGAECVNameMapperProvider$$FastClassByGuice$$107161011
instanceKlass org/eclipse/aether/internal/impl/synccontext/named/providers/DiscriminatingNameMapperProvider$$FastClassByGuice$$106057873
instanceKlass org/eclipse/aether/internal/impl/synccontext/named/NamedLockFactoryAdapterFactoryImpl$$FastClassByGuice$$104972544
instanceKlass org/eclipse/aether/internal/impl/synccontext/legacy/DefaultSyncContextFactory$$FastClassByGuice$$104727288
instanceKlass org/eclipse/aether/internal/impl/synccontext/DefaultSyncContextFactory$$FastClassByGuice$$103166501
instanceKlass org/eclipse/aether/internal/impl/resolution/TrustedChecksumsArtifactResolverPostProcessor$$FastClassByGuice$$101981964
instanceKlass org/eclipse/aether/internal/impl/filter/PrefixesRemoteRepositoryFilterSource$$FastClassByGuice$$101347342
instanceKlass org/eclipse/aether/internal/impl/filter/GroupIdRemoteRepositoryFilterSource$$FastClassByGuice$$100554600
instanceKlass org/eclipse/aether/internal/impl/filter/DefaultRemoteRepositoryFilterManager$$FastClassByGuice$$98835558
instanceKlass org/eclipse/aether/internal/impl/collect/df/DfDependencyCollector$$FastClassByGuice$$97565772
instanceKlass org/eclipse/aether/internal/impl/collect/bf/BfDependencyCollector$$FastClassByGuice$$97434879
instanceKlass org/eclipse/aether/internal/impl/collect/DefaultDependencyCollector$$FastClassByGuice$$95660943
instanceKlass org/eclipse/aether/internal/impl/checksum/TrustedToProvidedChecksumsSourceAdapter$$FastClassByGuice$$94834240
instanceKlass org/eclipse/aether/internal/impl/checksum/SummaryFileTrustedChecksumsSource$$FastClassByGuice$$93924579
instanceKlass org/eclipse/aether/internal/impl/checksum/SparseDirectoryTrustedChecksumsSource$$FastClassByGuice$$93250256
instanceKlass org/eclipse/aether/internal/impl/checksum/Sha512ChecksumAlgorithmFactory$$FastClassByGuice$$91503429
instanceKlass org/eclipse/aether/internal/impl/checksum/Sha256ChecksumAlgorithmFactory$$FastClassByGuice$$90214750
instanceKlass org/eclipse/aether/internal/impl/checksum/Sha1ChecksumAlgorithmFactory$$FastClassByGuice$$89312564
instanceKlass org/eclipse/aether/internal/impl/checksum/Md5ChecksumAlgorithmFactory$$FastClassByGuice$$88493949
instanceKlass org/eclipse/aether/internal/impl/checksum/DefaultChecksumAlgorithmFactorySelector$$FastClassByGuice$$87834942
instanceKlass org/eclipse/aether/internal/impl/SimpleLocalRepositoryManagerFactory$$FastClassByGuice$$86220829
instanceKlass org/eclipse/aether/internal/impl/Maven2RepositoryLayoutFactory$$FastClassByGuice$$85709132
instanceKlass org/eclipse/aether/internal/impl/LoggerFactoryProvider$$FastClassByGuice$$84373580
instanceKlass org/eclipse/aether/internal/impl/EnhancedLocalRepositoryManagerFactory$$FastClassByGuice$$83039069
instanceKlass org/eclipse/aether/internal/impl/DefaultUpdatePolicyAnalyzer$$FastClassByGuice$$81993899
instanceKlass org/eclipse/aether/internal/impl/DefaultUpdateCheckManager$$FastClassByGuice$$81251440
instanceKlass org/eclipse/aether/internal/impl/DefaultTransporterProvider$$FastClassByGuice$$80675181
instanceKlass org/eclipse/aether/internal/impl/DefaultTrackingFileManager$$FastClassByGuice$$79460855
instanceKlass org/eclipse/aether/internal/impl/DefaultRepositorySystemLifecycle$$FastClassByGuice$$78028418
instanceKlass org/eclipse/aether/internal/impl/DefaultRepositorySystem$$FastClassByGuice$$76787637
instanceKlass org/eclipse/aether/internal/impl/DefaultRepositoryLayoutProvider$$FastClassByGuice$$76441166
instanceKlass org/eclipse/aether/internal/impl/DefaultRepositoryEventDispatcher$$FastClassByGuice$$75459511
instanceKlass org/eclipse/aether/internal/impl/DefaultRepositoryConnectorProvider$$FastClassByGuice$$73584769
instanceKlass org/eclipse/aether/internal/impl/DefaultRemoteRepositoryManager$$FastClassByGuice$$72825117
instanceKlass org/eclipse/aether/internal/impl/DefaultOfflineController$$FastClassByGuice$$71536884
instanceKlass org/eclipse/aether/internal/impl/DefaultMetadataResolver$$FastClassByGuice$$70535064
instanceKlass org/eclipse/aether/internal/impl/DefaultLocalRepositoryProvider$$FastClassByGuice$$69628520
instanceKlass org/eclipse/aether/internal/impl/DefaultLocalPathPrefixComposerFactory$$FastClassByGuice$$68923627
instanceKlass org/eclipse/aether/internal/impl/DefaultLocalPathComposer$$FastClassByGuice$$67759016
instanceKlass org/eclipse/aether/internal/impl/DefaultInstaller$$FastClassByGuice$$67055418
instanceKlass org/eclipse/aether/internal/impl/DefaultFileProcessor$$FastClassByGuice$$65538051
instanceKlass org/eclipse/aether/internal/impl/DefaultDeployer$$FastClassByGuice$$64241224
instanceKlass org/eclipse/aether/internal/impl/DefaultChecksumPolicyProvider$$FastClassByGuice$$63631906
instanceKlass org/eclipse/aether/internal/impl/DefaultArtifactResolver$$FastClassByGuice$$61918463
instanceKlass org/eclipse/aether/connector/basic/BasicRepositoryConnectorFactory$$FastClassByGuice$$61345618
instanceKlass org/apache/maven/model/validation/DefaultModelValidator$$FastClassByGuice$$60669541
instanceKlass org/apache/maven/model/superpom/DefaultSuperPomProvider$$FastClassByGuice$$59537830
instanceKlass org/apache/maven/model/profile/activation/PropertyProfileActivator$$FastClassByGuice$$57720054
instanceKlass org/apache/maven/model/profile/activation/OperatingSystemProfileActivator$$FastClassByGuice$$56803202
instanceKlass org/apache/maven/model/profile/activation/JdkVersionProfileActivator$$FastClassByGuice$$56578340
instanceKlass org/apache/maven/model/profile/activation/FileProfileActivator$$FastClassByGuice$$55092268
instanceKlass org/apache/maven/model/profile/DefaultProfileSelector$$FastClassByGuice$$53571738
instanceKlass org/apache/maven/model/profile/DefaultProfileInjector$$FastClassByGuice$$52844725
instanceKlass org/apache/maven/model/plugin/DefaultReportingConverter$$FastClassByGuice$$52104582
instanceKlass org/apache/maven/model/plugin/DefaultReportConfigurationExpander$$FastClassByGuice$$50578321
instanceKlass org/apache/maven/model/plugin/DefaultPluginConfigurationExpander$$FastClassByGuice$$49834587
instanceKlass org/apache/maven/model/path/ProfileActivationFilePathInterpolator$$FastClassByGuice$$48778826
instanceKlass org/apache/maven/model/path/DefaultUrlNormalizer$$FastClassByGuice$$47359189
instanceKlass org/apache/maven/model/path/DefaultPathTranslator$$FastClassByGuice$$46940120
instanceKlass org/apache/maven/model/path/DefaultModelUrlNormalizer$$FastClassByGuice$$46006683
instanceKlass org/apache/maven/model/path/DefaultModelPathTranslator$$FastClassByGuice$$44142782
instanceKlass org/apache/maven/model/normalization/DefaultModelNormalizer$$FastClassByGuice$$43727738
instanceKlass org/apache/maven/model/management/DefaultPluginManagementInjector$$FastClassByGuice$$41988279
instanceKlass org/apache/maven/model/management/DefaultDependencyManagementInjector$$FastClassByGuice$$41703347
instanceKlass org/apache/maven/model/locator/DefaultModelLocator$$FastClassByGuice$$40313881
instanceKlass org/apache/maven/model/io/DefaultModelWriter$$FastClassByGuice$$38841549
instanceKlass org/apache/maven/model/io/DefaultModelReader$$FastClassByGuice$$38619251
instanceKlass org/apache/maven/model/interpolation/StringVisitorModelInterpolator$$FastClassByGuice$$37267651
instanceKlass org/apache/maven/model/interpolation/DefaultModelVersionProcessor$$FastClassByGuice$$35884002
instanceKlass org/apache/maven/model/inheritance/DefaultInheritanceAssembler$$FastClassByGuice$$34605376
instanceKlass org/apache/maven/model/composition/DefaultDependencyManagementImporter$$FastClassByGuice$$33945970
instanceKlass org/apache/maven/model/building/DefaultModelProcessor$$FastClassByGuice$$33182703
instanceKlass org/apache/maven/model/building/DefaultModelBuilder$$FastClassByGuice$$31575754
instanceKlass org/apache/maven/cli/internal/BootstrapCoreExtensionManager$$FastClassByGuice$$31041086
instanceKlass org/apache/maven/cli/configuration/SettingsXmlConfigurationProcessor$$FastClassByGuice$$29671160
instanceKlass org/apache/maven/toolchain/io/DefaultToolchainsWriter$$FastClassByGuice$$28734237
instanceKlass org/apache/maven/toolchain/io/DefaultToolchainsReader$$FastClassByGuice$$28187486
instanceKlass org/apache/maven/toolchain/building/DefaultToolchainsBuilder$$FastClassByGuice$$27021473
instanceKlass org/apache/maven/plugin/internal/MavenPluginMavenPrerequisiteChecker$$FastClassByGuice$$25978061
instanceKlass org/apache/maven/plugin/internal/MavenPluginJavaPrerequisiteChecker$$FastClassByGuice$$24355259
instanceKlass org/apache/maven/plugin/internal/DefaultPluginValidationManager$$FastClassByGuice$$24098241
instanceKlass org/apache/maven/plugin/DefaultMojosExecutionStrategy$$FastClassByGuice$$22249793
instanceKlass org/apache/maven/lifecycle/internal/LifecycleDependencyResolver$$FastClassByGuice$$21045448
instanceKlass org/apache/maven/lifecycle/internal/DefaultProjectArtifactFactory$$FastClassByGuice$$20806128
instanceKlass org/apache/maven/internal/aether/ResolverLifecycle$$FastClassByGuice$$19311655
instanceKlass com/google/inject/internal/InjectorImpl$SyntheticProviderBindingImpl$1
instanceKlass com/google/inject/internal/InjectorImpl$1
instanceKlass org/apache/maven/internal/aether/DefaultRepositorySystemSessionFactory$$FastClassByGuice$$18094551
instanceKlass org/apache/maven/extension/internal/CoreExportsProvider$$FastClassByGuice$$17205110
instanceKlass org/apache/maven/execution/DefaultMavenExecutionRequestPopulator$$FastClassByGuice$$16020593
instanceKlass org/apache/maven/classrealm/DefaultClassRealmManager$$FastClassByGuice$$15574777
instanceKlass org/apache/maven/DefaultArtifactFilterManager$$FastClassByGuice$$14405760
instanceKlass com/google/inject/internal/SingleParameterInjector
instanceKlass org/netbeans/modules/maven/event/NbEventSpy$$FastClassByGuice$$12662406
instanceKlass com/google/inject/internal/SingleFieldInjector
instanceKlass org/apache/maven/lifecycle/internal/MojoExecutor$$FastClassByGuice$$12013212
instanceKlass com/google/inject/internal/DefaultConstructionProxyFactory$ReflectiveProxy
instanceKlass org/apache/maven/lifecycle/internal/BuildListCalculator$$FastClassByGuice$$10754134
instanceKlass org/apache/maven/lifecycle/internal/builder/BuilderCommon$$FastClassByGuice$$9953284
instanceKlass org/apache/maven/lifecycle/internal/LifecycleModuleBuilder$$FastClassByGuice$$9406559
instanceKlass org/apache/maven/lifecycle/internal/LifecycleDebugLogger$$FastClassByGuice$$7649357
instanceKlass org/apache/maven/lifecycle/internal/LifecyclePluginResolver$$FastClassByGuice$$6491823
instanceKlass org/apache/maven/lifecycle/internal/MojoDescriptorCreator$$FastClassByGuice$$6189253
instanceKlass org/apache/maven/lifecycle/internal/LifecycleStarter$$FastClassByGuice$$4924198
instanceKlass org/apache/maven/lifecycle/DefaultLifecycles$$FastClassByGuice$$3387520
instanceKlass org/apache/maven/eventspy/internal/EventSpyDispatcher$$FastClassByGuice$$3025205
instanceKlass org/eclipse/sisu/bean/BeanPropertySetter
instanceKlass org/eclipse/sisu/PreDestroy
instanceKlass org/eclipse/sisu/PostConstruct
instanceKlass org/apache/maven/lifecycle/Lifecycle$$FastClassByGuice$$2040706
instanceKlass org/eclipse/sisu/plexus/PlexusConfigurations$ConfigurationProvider
instanceKlass com/google/inject/internal/ProxyFactory
instanceKlass com/google/common/collect/TransformedIterator
instanceKlass com/google/inject/spi/InterceptorBinding
instanceKlass com/google/inject/internal/MethodAspect
instanceKlass com/google/inject/internal/MembersInjectorImpl
instanceKlass org/eclipse/sisu/bean/BeanInjector
instanceKlass org/eclipse/sisu/plexus/PlexusLifecycleManager$2
instanceKlass org/eclipse/sisu/bean/PropertyBinder$1
instanceKlass org/eclipse/sisu/plexus/ProvidedPropertyBinding
instanceKlass org/eclipse/sisu/plexus/PlexusRequirements$AbstractRequirementProvider
instanceKlass org/eclipse/sisu/bean/BeanPropertyField
instanceKlass org/eclipse/sisu/bean/DeclaredMembers$MemberIterator
instanceKlass org/eclipse/sisu/bean/BeanPropertyIterator
instanceKlass org/eclipse/sisu/bean/DeclaredMembers
instanceKlass org/eclipse/sisu/bean/IgnoreSetters
instanceKlass org/eclipse/sisu/bean/BeanProperties
instanceKlass org/eclipse/sisu/plexus/PlexusRequirements
instanceKlass org/eclipse/sisu/plexus/PlexusConfigurations
instanceKlass org/eclipse/sisu/plexus/PlexusPropertyBinder
instanceKlass org/eclipse/sisu/bean/BeanLifecycle
instanceKlass com/google/inject/internal/EncounterImpl
instanceKlass org/apache/maven/execution/scope/internal/MojoExecutionScope$2
instanceKlass com/google/inject/internal/ProviderInternalFactory
instanceKlass com/google/inject/internal/InternalProviderInstanceBindingImpl$Factory
instanceKlass com/google/inject/internal/FactoryProxy
instanceKlass com/google/inject/internal/InternalFactoryToProviderAdapter
instanceKlass com/google/inject/internal/ConstructionContext
instanceKlass com/google/inject/internal/SingletonScope$1
instanceKlass com/google/inject/internal/ProviderToInternalFactoryAdapter
instanceKlass com/google/inject/internal/CycleDetectingLock$CycleDetectingLockFactory$ReentrantCycleDetectingLock
instanceKlass com/google/inject/internal/Initializer$InjectableReference
instanceKlass com/google/inject/internal/ProvisionListenerStackCallback
instanceKlass com/google/common/cache/LocalCache$AbstractReferenceEntry
instanceKlass com/google/inject/internal/ProvisionListenerCallbackStore$KeyBinding
instanceKlass com/google/inject/internal/util/Classes
instanceKlass com/google/inject/spi/ExposedBinding
instanceKlass com/google/inject/internal/CreationListener
instanceKlass com/google/inject/internal/InjectorShell$LoggerFactory
instanceKlass com/google/inject/internal/InjectorShell$InjectorFactory
instanceKlass com/google/inject/internal/Initializables$1
instanceKlass com/google/inject/internal/Initializables
instanceKlass com/google/inject/internal/ConstantFactory
instanceKlass com/google/inject/internal/InjectorShell
instanceKlass com/google/inject/internal/ProvisionListenerCallbackStore
instanceKlass com/google/inject/internal/SingleMemberInjector
instanceKlass com/google/inject/spi/TypeEncounter
instanceKlass com/google/inject/internal/MembersInjectorStore
instanceKlass com/google/inject/internal/TypeConverterBindingProcessor$4
instanceKlass com/google/inject/internal/TypeConverterBindingProcessor$2
instanceKlass com/google/inject/internal/TypeConverterBindingProcessor$1
instanceKlass com/google/inject/internal/TypeConverterBindingProcessor$5
instanceKlass com/google/inject/internal/FailableCache
instanceKlass com/google/inject/internal/ConstructorInjectorStore
instanceKlass com/google/inject/internal/DeferredLookups
instanceKlass com/google/inject/spi/ConvertedConstantBinding
instanceKlass com/google/inject/spi/ProviderBinding
instanceKlass com/google/inject/internal/InjectorImpl
instanceKlass com/google/inject/internal/Lookups
instanceKlass com/google/inject/internal/InjectorImpl$InjectorOptions
instanceKlass org/eclipse/sisu/wire/BeanProviders$4
instanceKlass org/eclipse/sisu/wire/PlaceholderBeanProvider
instanceKlass com/google/inject/internal/ProvisionListenerStackCallback$ProvisionCallback
instanceKlass com/google/inject/internal/ConstructorInjector
instanceKlass com/google/inject/internal/DefaultConstructionProxyFactory$FastClassProxy
instanceKlass com/google/inject/internal/aop/ImmutableStringTrie
instanceKlass java/util/function/ToIntFunction
instanceKlass jdk/internal/reflect/UnsafeFieldAccessorFactory
instanceKlass org/apache/maven/plugin/internal/DefaultPluginDependenciesResolver$$FastClassByGuice$$780572
instanceKlass com/google/inject/internal/aop/ChildClassDefiner$ChildLoaderCacheHolder
instanceKlass com/google/inject/internal/aop/BytecodeTasks
instanceKlass org/objectweb/asm/Handle
instanceKlass org/objectweb/asm/Label
instanceKlass org/objectweb/asm/Type
instanceKlass com/google/inject/internal/aop/AbstractGlueGenerator
instanceKlass com/google/inject/internal/aop/UnsafeClassDefiner
instanceKlass com/google/inject/internal/aop/ChildClassDefiner
instanceKlass com/google/inject/internal/aop/ClassDefining$ClassDefinerHolder
instanceKlass com/google/inject/internal/aop/ClassDefiner
instanceKlass com/google/inject/internal/aop/ClassDefining
instanceKlass com/google/inject/internal/BytecodeGen$EnhancerBuilder
instanceKlass com/google/inject/internal/aop/ClassBuilding
instanceKlass com/google/common/collect/MapMakerInternalMap$StrongValueEntry
instanceKlass com/google/common/collect/MapMakerInternalMap$WeakKeyStrongValueEntry$Helper
instanceKlass com/google/common/collect/MapMakerInternalMap$InternalEntry
instanceKlass com/google/common/collect/MapMakerInternalMap$1
instanceKlass com/google/common/collect/MapMakerInternalMap$InternalEntryHelper
instanceKlass com/google/common/collect/MapMakerInternalMap$WeakValueReference
instanceKlass com/google/common/collect/MapMaker
instanceKlass com/google/inject/internal/BytecodeGen
instanceKlass com/google/inject/internal/ConstructionProxy
instanceKlass com/google/inject/internal/DefaultConstructionProxyFactory
instanceKlass com/google/inject/internal/ConstructionProxyFactory
instanceKlass com/google/inject/internal/ConstructorBindingImpl$Factory
instanceKlass org/eclipse/sisu/inject/TypeArguments$Implicit
instanceKlass org/eclipse/sisu/wire/BeanProviders$6
instanceKlass org/eclipse/sisu/wire/BeanProviders$3
instanceKlass org/sonatype/inject/BeanEntry
instanceKlass org/eclipse/sisu/BeanEntry
instanceKlass org/eclipse/sisu/wire/BeanProviders$7
instanceKlass org/eclipse/sisu/wire/BeanProviders$1
instanceKlass com/google/inject/spi/ProviderLookup$1
instanceKlass com/google/inject/spi/ProviderWithDependencies
instanceKlass com/google/inject/spi/ProviderLookup
instanceKlass org/eclipse/sisu/wire/BeanProviders
instanceKlass org/eclipse/sisu/inject/HiddenSource
instanceKlass org/eclipse/sisu/wire/LocatorWiring
instanceKlass com/google/inject/ProvidedBy
instanceKlass com/google/inject/ImplementedBy
instanceKlass org/sonatype/plexus/components/cipher/PBECipher
instanceKlass org/codehaus/classworlds/ClassRealm
instanceKlass org/apache/maven/settings/crypto/SettingsDecryptionResult
instanceKlass org/apache/maven/settings/building/DefaultSettingsProblemCollector
instanceKlass org/apache/maven/settings/merge/MavenSettingsMerger
instanceKlass org/apache/maven/settings/building/SettingsBuildingResult
instanceKlass org/apache/maven/settings/building/SettingsProblemCollector
instanceKlass org/eclipse/aether/impl/MetadataGenerator
instanceKlass org/apache/maven/model/Relocation
instanceKlass org/apache/maven/repository/internal/ArtifactDescriptorReaderDelegate
instanceKlass org/eclipse/aether/named/support/AdaptedSemaphoreNamedLock$AdaptedSemaphore
instanceKlass org/eclipse/aether/named/support/NamedLockFactorySupport$NamedLockHolder
instanceKlass org/eclipse/aether/named/support/NamedLockSupport
instanceKlass org/eclipse/aether/named/NamedLock
instanceKlass org/eclipse/aether/internal/impl/synccontext/named/NamedLockFactoryAdapter
instanceKlass org/eclipse/aether/spi/log/Logger
instanceKlass org/eclipse/aether/internal/impl/filter/PrefixesRemoteRepositoryFilterSource$Node
instanceKlass org/eclipse/aether/spi/connector/filter/RemoteRepositoryFilter$Result
instanceKlass org/eclipse/aether/spi/connector/filter/RemoteRepositoryFilter
instanceKlass org/eclipse/aether/collection/DependencyTraverser
instanceKlass org/eclipse/aether/collection/DependencyManager
instanceKlass org/eclipse/aether/internal/impl/collect/df/DfDependencyCollector$Args
instanceKlass org/eclipse/aether/internal/impl/collect/bf/BfDependencyCollector$DescriptorResolutionResult
instanceKlass org/eclipse/aether/internal/impl/collect/bf/BfDependencyCollector$Args
instanceKlass org/eclipse/aether/internal/impl/collect/bf/DependencyProcessingContext
instanceKlass org/eclipse/aether/internal/impl/collect/bf/DependencyResolutionSkipper
instanceKlass org/eclipse/aether/collection/VersionFilter
instanceKlass org/eclipse/aether/internal/impl/collect/DependencyCollectorDelegate$Results
instanceKlass org/eclipse/aether/internal/impl/collect/DefaultVersionFilterContext
instanceKlass org/eclipse/aether/internal/impl/collect/DefaultDependencyCollectionContext
instanceKlass org/eclipse/aether/collection/DependencyCollectionContext
instanceKlass org/eclipse/aether/internal/impl/collect/DataPool
instanceKlass org/eclipse/aether/graph/DefaultDependencyNode
instanceKlass org/eclipse/aether/version/Version
instanceKlass org/eclipse/aether/internal/impl/collect/PremanagedDependency
instanceKlass org/eclipse/aether/collection/DependencyGraphTransformationContext
instanceKlass org/eclipse/aether/collection/VersionFilter$VersionFilterContext
instanceKlass org/eclipse/aether/spi/connector/Transfer
instanceKlass org/eclipse/aether/internal/impl/checksum/SummaryFileTrustedChecksumsSource$SummaryFileWriter
instanceKlass org/eclipse/aether/internal/impl/checksum/SparseDirectoryTrustedChecksumsSource$SparseDirectoryWriter
instanceKlass org/eclipse/aether/spi/checksums/TrustedChecksumsSource$Writer
instanceKlass org/eclipse/aether/spi/connector/checksum/ChecksumAlgorithm
instanceKlass org/eclipse/aether/impl/UpdateCheck
instanceKlass org/eclipse/aether/spi/connector/transport/Transporter
instanceKlass java/nio/channels/FileLock
instanceKlass org/eclipse/aether/resolution/DependencyResult
instanceKlass org/eclipse/aether/resolution/DependencyRequest
instanceKlass org/eclipse/aether/collection/CollectResult
instanceKlass org/eclipse/aether/collection/CollectRequest
instanceKlass org/eclipse/aether/resolution/ArtifactDescriptorRequest
instanceKlass org/eclipse/aether/resolution/VersionRangeResult
instanceKlass org/eclipse/aether/resolution/VersionRangeRequest
instanceKlass org/eclipse/aether/resolution/VersionRequest
instanceKlass org/eclipse/aether/spi/connector/layout/RepositoryLayout
instanceKlass org/eclipse/aether/RepositoryEvent
instanceKlass org/eclipse/aether/repository/LocalRepository
instanceKlass org/eclipse/aether/internal/impl/LocalPathPrefixComposer
instanceKlass org/eclipse/aether/transform/FileTransformer
instanceKlass org/eclipse/aether/installation/InstallResult
instanceKlass org/eclipse/aether/installation/InstallRequest
instanceKlass org/eclipse/aether/spi/io/FileProcessor$ProgressListener
instanceKlass org/eclipse/aether/internal/impl/DefaultDeployer$EventCatapult
instanceKlass org/eclipse/aether/repository/RepositoryPolicy
instanceKlass org/eclipse/aether/deployment/DeployResult
instanceKlass org/eclipse/aether/deployment/DeployRequest
instanceKlass org/eclipse/aether/transfer/TransferResource
instanceKlass org/eclipse/aether/spi/connector/checksum/ChecksumPolicy
instanceKlass org/eclipse/aether/resolution/ArtifactRequest
instanceKlass org/eclipse/aether/resolution/VersionResult
instanceKlass org/eclipse/aether/repository/LocalArtifactResult
instanceKlass org/eclipse/aether/internal/impl/DefaultArtifactResolver$ResolutionGroup
instanceKlass org/eclipse/aether/SyncContext
instanceKlass org/eclipse/aether/spi/locator/ServiceLocator
instanceKlass org/eclipse/aether/repository/RemoteRepository
instanceKlass org/eclipse/aether/spi/connector/RepositoryConnector
instanceKlass org/apache/maven/model/validation/DefaultModelValidator$1ActivationFrame
instanceKlass org/apache/maven/model/profile/activation/JdkVersionProfileActivator$RangeValue
instanceKlass org/apache/maven/model/InputLocation
instanceKlass org/apache/maven/model/InputSource
instanceKlass org/apache/maven/model/interpolation/StringVisitorModelInterpolator$InnerInterpolator
instanceKlass org/apache/maven/model/ActivationFile
instanceKlass org/apache/maven/model/profile/DefaultProfileActivationContext
instanceKlass org/apache/maven/model/Activation
instanceKlass org/apache/maven/model/ActivationOS
instanceKlass org/apache/maven/model/ActivationProperty
instanceKlass org/codehaus/plexus/interpolation/RegexBasedInterpolator
instanceKlass org/apache/maven/model/building/ModelBuildingEventCatapult
instanceKlass org/apache/maven/model/building/ModelData
instanceKlass org/apache/maven/model/building/DefaultModelProblemCollector
instanceKlass org/apache/maven/model/building/ModelCacheTag
instanceKlass org/apache/maven/model/building/ModelBuildingEvent
instanceKlass org/apache/maven/model/profile/ProfileActivationContext
instanceKlass org/apache/maven/model/building/ModelProblemCollectorExt
instanceKlass org/apache/maven/cli/internal/extension/model/CoreExtension
instanceKlass org/apache/maven/building/ProblemCollector
instanceKlass org/apache/maven/toolchain/merge/MavenToolchainMerger
instanceKlass org/codehaus/plexus/interpolation/InterpolationPostProcessor
instanceKlass org/apache/maven/toolchain/building/ToolchainsBuildingResult
instanceKlass org/eclipse/aether/graph/Dependency
instanceKlass org/eclipse/aether/resolution/ArtifactDescriptorResult
instanceKlass org/apache/maven/plugin/internal/DefaultPluginValidationManager$PluginValidationIssues
instanceKlass com/google/inject/util/Types
instanceKlass org/eclipse/sisu/Nullable
instanceKlass org/eclipse/aether/repository/LocalRepositoryManager
instanceKlass org/eclipse/aether/repository/AuthenticationSelector
instanceKlass org/eclipse/aether/repository/ProxySelector
instanceKlass org/eclipse/aether/repository/MirrorSelector
instanceKlass org/eclipse/aether/resolution/ResolutionErrorPolicy
instanceKlass org/apache/maven/classrealm/ClassRealmManagerDelegate
instanceKlass org/apache/maven/classrealm/ClassRealmConstituent
instanceKlass org/apache/maven/classrealm/ClassRealmRequest
instanceKlass org/eclipse/aether/repository/WorkspaceRepository
instanceKlass org/apache/maven/ArtifactFilterManagerDelegate
instanceKlass java/util/concurrent/atomic/AtomicBoolean
instanceKlass org/apache/maven/model/Reporting
instanceKlass org/apache/maven/project/inheritance/DefaultModelInheritanceAssembler
instanceKlass org/apache/maven/execution/ProjectDependencyGraph
instanceKlass org/apache/maven/graph/DefaultGraphBuilder
instanceKlass org/apache/maven/lifecycle/DefaultLifecycleExecutor
instanceKlass org/apache/maven/lifecycle/internal/PhaseRecorder
instanceKlass org/apache/maven/lifecycle/internal/DependencyContext
instanceKlass org/apache/maven/lifecycle/internal/ProjectIndex
instanceKlass org/apache/maven/plugin/MojoExecutionRunner
instanceKlass org/apache/maven/repository/legacy/resolver/transform/DefaultArtifactTransformationManager
instanceKlass org/apache/maven/artifact/resolver/DefaultResolutionErrorHandler
instanceKlass org/apache/maven/project/DefaultProjectBuildingHelper
instanceKlass org/apache/maven/plugin/DefaultBuildPluginManager
instanceKlass org/apache/maven/lifecycle/internal/DefaultLifecycleMappingDelegate
instanceKlass org/apache/maven/artifact/factory/DefaultArtifactFactory
instanceKlass org/apache/maven/settings/RepositoryPolicy
instanceKlass org/apache/maven/settings/RepositoryBase
instanceKlass org/eclipse/aether/util/graph/visitor/AbstractDepthFirstNodeListGenerator
instanceKlass org/apache/maven/plugin/descriptor/PluginDescriptorBuilder
instanceKlass org/codehaus/plexus/component/configurator/ConfigurationListener
instanceKlass org/apache/maven/plugin/logging/Log
instanceKlass org/apache/maven/plugin/internal/DefaultMavenPluginManager
instanceKlass org/apache/maven/project/path/DefaultPathTranslator
instanceKlass org/apache/maven/plugin/version/internal/DefaultPluginVersionResolver$Versions
instanceKlass org/apache/maven/plugin/version/internal/DefaultPluginVersionResult
instanceKlass org/apache/maven/plugin/version/internal/DefaultPluginVersionResolver$Key
instanceKlass org/apache/maven/plugin/version/PluginVersionResult
instanceKlass org/apache/maven/plugin/version/internal/DefaultPluginVersionResolver
instanceKlass org/apache/maven/plugin/descriptor/Parameter
instanceKlass org/apache/maven/lifecycle/internal/DefaultMojoExecutionConfigurator
instanceKlass org/apache/maven/artifact/repository/metadata/io/DefaultMetadataReader
instanceKlass org/apache/maven/model/building/Result
instanceKlass org/eclipse/aether/DefaultRepositorySystemSession
instanceKlass org/apache/maven/execution/MavenExecutionResult
instanceKlass org/apache/maven/DefaultMaven
instanceKlass org/apache/maven/repository/Proxy
instanceKlass org/apache/maven/model/RepositoryPolicy
instanceKlass org/apache/maven/artifact/repository/Authentication
instanceKlass org/apache/maven/repository/ArtifactTransferListener
instanceKlass org/apache/maven/repository/legacy/LegacyRepositorySystem
instanceKlass org/apache/maven/repository/metadata/MetadataGraphVertex
instanceKlass org/apache/maven/repository/metadata/DefaultGraphConflictResolver
instanceKlass org/apache/maven/project/validation/ModelValidationResult
instanceKlass org/apache/maven/project/validation/DefaultModelValidator
instanceKlass org/apache/maven/execution/ExecutionEvent
instanceKlass org/apache/maven/lifecycle/internal/DefaultExecutionEventCatapult
instanceKlass org/apache/maven/artifact/repository/layout/DefaultRepositoryLayout
instanceKlass org/apache/maven/toolchain/DefaultToolchain
instanceKlass org/apache/maven/toolchain/ToolchainPrivate
instanceKlass org/apache/maven/toolchain/java/JavaToolchain
instanceKlass org/apache/maven/toolchain/java/JavaToolchainFactory
instanceKlass org/apache/maven/repository/legacy/resolver/conflict/FarthestConflictResolver
instanceKlass org/apache/maven/artifact/handler/manager/DefaultArtifactHandlerManager
instanceKlass org/apache/maven/repository/legacy/repository/DefaultArtifactRepositoryFactory
instanceKlass org/apache/maven/plugin/PluginArtifactsCache$CacheRecord
instanceKlass org/apache/maven/plugin/PluginArtifactsCache$Key
instanceKlass org/apache/maven/plugin/DefaultPluginArtifactsCache
instanceKlass org/apache/maven/exception/ExceptionSummary
instanceKlass org/apache/maven/exception/DefaultExceptionHandler
instanceKlass org/apache/maven/plugin/internal/DefaultPluginManager
instanceKlass org/codehaus/plexus/component/repository/ComponentSetDescriptor
instanceKlass org/apache/maven/plugin/PluginDescriptorCache$PluginDescriptorSupplier
instanceKlass org/apache/maven/plugin/PluginDescriptorCache$Key
instanceKlass org/apache/maven/plugin/DefaultPluginDescriptorCache
instanceKlass org/eclipse/aether/RequestTrace
instanceKlass org/apache/maven/model/PluginContainer
instanceKlass org/eclipse/aether/repository/ArtifactRepository
instanceKlass org/apache/maven/plugin/prefix/PluginPrefixResult
instanceKlass org/apache/maven/plugin/prefix/internal/DefaultPluginPrefixResolver
instanceKlass org/apache/maven/repository/legacy/resolver/conflict/NewestConflictResolver
instanceKlass org/apache/maven/repository/metadata/MetadataGraphEdge
instanceKlass org/apache/maven/repository/metadata/DefaultGraphConflictResolutionPolicy
instanceKlass org/apache/maven/DefaultProjectDependenciesResolver
instanceKlass org/apache/maven/lifecycle/internal/ProjectSegment
instanceKlass org/apache/maven/lifecycle/internal/builder/multithreaded/ThreadOutputMuxer
instanceKlass org/apache/maven/lifecycle/internal/builder/multithreaded/ConcurrencyDependencyGraph
instanceKlass java/util/concurrent/CompletionService
instanceKlass org/apache/maven/lifecycle/internal/builder/multithreaded/MultiThreadedBuilder
instanceKlass org/apache/maven/project/artifact/DefaultMavenMetadataCache$CacheKey
instanceKlass org/apache/maven/project/artifact/DefaultMavenMetadataCache
instanceKlass org/apache/maven/configuration/BeanConfigurationRequest
instanceKlass org/codehaus/plexus/component/configurator/expression/ExpressionEvaluator
instanceKlass org/codehaus/plexus/configuration/PlexusConfiguration
instanceKlass org/codehaus/plexus/component/configurator/converters/lookup/ConverterLookup
instanceKlass org/apache/maven/configuration/internal/DefaultBeanConfigurator
instanceKlass org/apache/maven/lifecycle/internal/TaskSegment
instanceKlass org/apache/maven/execution/BuildSummary
instanceKlass org/apache/maven/execution/ProjectExecutionListener
instanceKlass org/apache/maven/artifact/repository/layout/FlatRepositoryLayout
instanceKlass org/apache/maven/artifact/repository/metadata/Versioning
instanceKlass org/apache/maven/artifact/versioning/VersionRange
instanceKlass org/apache/maven/repository/legacy/resolver/DefaultLegacyArtifactCollector
instanceKlass org/apache/maven/project/artifact/ProjectArtifactsCache$CacheRecord
instanceKlass org/apache/maven/project/artifact/ProjectArtifactsCache$Key
instanceKlass org/apache/maven/project/artifact/DefaultProjectArtifactsCache
instanceKlass org/eclipse/aether/resolution/ArtifactResult
instanceKlass org/eclipse/aether/graph/DependencyNode
instanceKlass org/eclipse/aether/collection/DependencySelector
instanceKlass org/eclipse/aether/resolution/ArtifactDescriptorPolicy
instanceKlass org/apache/maven/plugin/internal/DefaultPluginDependenciesResolver
instanceKlass org/apache/maven/project/ReactorModelPool
instanceKlass org/apache/maven/model/building/ModelBuildingResult
instanceKlass org/apache/maven/project/DefaultProjectBuilder$InternalConfig
instanceKlass org/apache/maven/model/resolution/ModelResolver
instanceKlass org/apache/maven/model/RepositoryBase
instanceKlass org/apache/maven/project/ProjectBuildingResult
instanceKlass org/apache/maven/model/building/ModelBuildingListener
instanceKlass org/apache/maven/model/building/ModelCache
instanceKlass org/apache/maven/project/DefaultProjectBuilder
instanceKlass org/apache/maven/plugin/PluginRealmCache$CacheRecord
instanceKlass org/apache/maven/plugin/PluginRealmCache$PluginRealmSupplier
instanceKlass org/apache/maven/plugin/PluginRealmCache$Key
instanceKlass org/apache/maven/plugin/DefaultPluginRealmCache
instanceKlass org/apache/maven/model/building/ModelProblemCollector
instanceKlass org/apache/maven/model/building/ModelBuildingRequest
instanceKlass org/apache/maven/model/merge/ModelMerger
instanceKlass org/apache/maven/model/plugin/DefaultLifecycleBindingsInjector
instanceKlass org/apache/maven/artifact/versioning/ArtifactVersion
instanceKlass org/apache/maven/execution/DefaultRuntimeInformation
instanceKlass org/apache/maven/plugin/prefix/PluginPrefixRequest
instanceKlass org/apache/maven/plugin/version/PluginVersionRequest
instanceKlass org/apache/maven/lifecycle/MavenExecutionPlan
instanceKlass org/apache/maven/lifecycle/internal/DefaultLifecycleExecutionPlanCalculator
instanceKlass org/eclipse/aether/metadata/Metadata
instanceKlass org/eclipse/aether/artifact/Artifact
instanceKlass org/apache/maven/plugin/internal/DefaultLegacySupport
instanceKlass org/apache/maven/repository/legacy/resolver/conflict/OldestConflictResolver
instanceKlass org/apache/http/impl/conn/PoolingHttpClientConnectionManager
instanceKlass org/apache/http/pool/ConnPoolControl
instanceKlass org/apache/http/config/Registry
instanceKlass org/apache/http/client/methods/CloseableHttpResponse
instanceKlass org/apache/http/HttpResponse
instanceKlass org/apache/maven/wagon/shared/http/BasicAuthScope
instanceKlass org/apache/maven/wagon/shared/http/HttpConfiguration
instanceKlass org/apache/http/impl/client/CloseableHttpClient
instanceKlass org/apache/http/client/HttpClient
instanceKlass org/apache/http/client/HttpRequestRetryHandler
instanceKlass org/apache/http/client/RedirectStrategy
instanceKlass org/apache/http/config/Lookup
instanceKlass org/apache/http/conn/ssl/TrustStrategy
instanceKlass org/apache/http/ssl/TrustStrategy
instanceKlass org/apache/http/client/ServiceUnavailableRetryStrategy
instanceKlass org/apache/http/Header
instanceKlass org/apache/http/NameValuePair
instanceKlass org/apache/http/auth/Credentials
instanceKlass org/apache/http/client/AuthCache
instanceKlass org/apache/http/client/CredentialsProvider
instanceKlass org/apache/http/protocol/HttpContext
instanceKlass org/apache/http/HttpEntity
instanceKlass org/apache/http/client/methods/HttpUriRequest
instanceKlass org/apache/http/HttpRequest
instanceKlass org/apache/http/HttpMessage
instanceKlass org/apache/http/auth/AuthScheme
instanceKlass org/apache/http/conn/HttpClientConnectionManager
instanceKlass org/apache/maven/wagon/OutputData
instanceKlass org/apache/maven/wagon/InputData
instanceKlass java/util/EventObject
instanceKlass org/apache/maven/wagon/events/SessionListener
instanceKlass org/apache/maven/wagon/resource/Resource
instanceKlass org/apache/maven/wagon/repository/RepositoryPermissions
instanceKlass org/apache/maven/wagon/events/TransferEventSupport
instanceKlass org/apache/maven/wagon/events/SessionEventSupport
instanceKlass org/apache/maven/wagon/proxy/ProxyInfoProvider
instanceKlass org/apache/maven/wagon/AbstractWagon
instanceKlass org/apache/maven/wagon/StreamingWagon
instanceKlass org/apache/maven/toolchain/Toolchain
instanceKlass org/apache/maven/toolchain/DefaultToolchainManager
instanceKlass org/apache/maven/repository/DefaultMirrorSelector
instanceKlass org/apache/maven/repository/metadata/ClasspathContainer
instanceKlass org/apache/maven/repository/metadata/MetadataGraph
instanceKlass org/apache/maven/repository/metadata/DefaultClasspathTransformation
instanceKlass org/apache/maven/lifecycle/internal/ReactorBuildStatus
instanceKlass org/apache/maven/lifecycle/internal/ProjectBuildList
instanceKlass org/apache/maven/lifecycle/internal/ReactorContext
instanceKlass org/apache/maven/lifecycle/internal/builder/singlethreaded/SingleThreadedBuilder
instanceKlass org/eclipse/aether/version/VersionScheme
instanceKlass org/apache/maven/rtinfo/internal/DefaultRuntimeInformation
instanceKlass org/apache/maven/toolchain/model/TrackableBase
instanceKlass org/apache/maven/toolchain/DefaultToolchainsBuilder
instanceKlass org/apache/maven/project/DefaultDependencyResolutionResult
instanceKlass org/apache/maven/project/DependencyResolutionRequest
instanceKlass org/eclipse/aether/graph/DependencyVisitor
instanceKlass org/apache/maven/project/DependencyResolutionResult
instanceKlass org/apache/maven/project/DefaultProjectDependenciesResolver
instanceKlass org/apache/maven/repository/legacy/resolver/conflict/DefaultConflictResolverFactory
instanceKlass org/apache/maven/artifact/resolver/ResolutionNode
instanceKlass org/apache/maven/repository/legacy/resolver/conflict/NearestConflictResolver
instanceKlass org/apache/maven/profiles/ProfileManager
instanceKlass org/apache/maven/model/building/ModelSource
instanceKlass org/apache/maven/project/ProjectBuilderConfiguration
instanceKlass org/apache/maven/project/DefaultMavenProjectBuilder
instanceKlass org/eclipse/aether/graph/DependencyFilter
instanceKlass org/apache/maven/project/ProjectRealmCache$CacheRecord
instanceKlass org/apache/maven/project/ProjectRealmCache$Key
instanceKlass org/apache/maven/project/DefaultProjectRealmCache
instanceKlass org/apache/maven/settings/crypto/SettingsDecryptionRequest
instanceKlass org/apache/maven/wagon/repository/Repository
instanceKlass org/apache/maven/wagon/authentication/AuthenticationInfo
instanceKlass org/apache/maven/wagon/proxy/ProxyInfo
instanceKlass org/apache/maven/wagon/observers/ChecksumObserver
instanceKlass org/apache/maven/repository/legacy/DefaultWagonManager
instanceKlass org/apache/maven/settings/TrackableBase
instanceKlass org/apache/maven/settings/building/SettingsBuildingRequest
instanceKlass org/apache/maven/artifact/repository/ArtifactRepositoryPolicy
instanceKlass org/apache/maven/artifact/repository/DefaultArtifactRepositoryFactory
instanceKlass org/apache/maven/model/ModelBase
instanceKlass org/apache/maven/model/building/ModelProblem
instanceKlass org/apache/maven/project/artifact/MavenMetadataSource$ProjectRelocation
instanceKlass org/apache/maven/artifact/repository/metadata/Metadata
instanceKlass org/apache/maven/model/Dependency
instanceKlass org/apache/maven/artifact/repository/metadata/RepositoryMetadata
instanceKlass org/apache/maven/repository/legacy/metadata/ResolutionGroup
instanceKlass org/apache/maven/project/artifact/MavenMetadataSource
instanceKlass org/apache/maven/lifecycle/internal/DefaultLifecycleTaskSegmentCalculator
instanceKlass org/apache/maven/plugin/ExtensionRealmCache$CacheRecord
instanceKlass org/apache/maven/plugin/ExtensionRealmCache$Key
instanceKlass org/apache/maven/plugin/DefaultExtensionRealmCache
instanceKlass org/apache/maven/profiles/ProfilesRoot
instanceKlass org/codehaus/plexus/logging/AbstractLogEnabled
instanceKlass org/eclipse/aether/RepositoryListener
instanceKlass org/apache/maven/lifecycle/mapping/LifecyclePhase
instanceKlass org/apache/maven/model/ConfigurationContainer
instanceKlass org/apache/maven/model/InputLocationTracker
instanceKlass org/apache/maven/lifecycle/internal/DefaultLifecyclePluginAnalyzer$GoalSpec
instanceKlass org/apache/maven/lifecycle/internal/DefaultLifecyclePluginAnalyzer
instanceKlass org/apache/maven/artifact/handler/DefaultArtifactHandler
instanceKlass org/apache/maven/lifecycle/mapping/DefaultLifecycleMapping
instanceKlass org/objectweb/asm/Handler
instanceKlass org/objectweb/asm/Frame
instanceKlass org/objectweb/asm/ByteVector
instanceKlass org/objectweb/asm/Symbol
instanceKlass org/objectweb/asm/SymbolTable
instanceKlass org/objectweb/asm/FieldVisitor
instanceKlass org/objectweb/asm/MethodVisitor
instanceKlass org/objectweb/asm/ModuleVisitor
instanceKlass org/objectweb/asm/RecordComponentVisitor
instanceKlass org/apache/maven/artifact/resolver/filter/ArtifactFilter
instanceKlass org/eclipse/aether/RepositorySystemSession
instanceKlass org/apache/maven/wagon/events/TransferListener
instanceKlass org/apache/maven/artifact/repository/ArtifactRepository
instanceKlass org/apache/maven/artifact/Artifact
instanceKlass org/apache/maven/artifact/resolver/ArtifactResolutionResult
instanceKlass org/apache/maven/artifact/resolver/ArtifactResolutionRequest
instanceKlass org/apache/maven/artifact/metadata/ArtifactMetadata
instanceKlass org/apache/maven/repository/legacy/metadata/ArtifactMetadata
instanceKlass org/apache/maven/repository/legacy/metadata/MetadataResolutionRequest
instanceKlass org/apache/maven/artifact/repository/RepositoryRequest
instanceKlass org/apache/maven/artifact/resolver/DefaultArtifactResolver
instanceKlass org/sonatype/plexus/components/sec/dispatcher/PasswordDecryptor
instanceKlass sun/reflect/generics/tree/MethodTypeSignature
instanceKlass sun/reflect/generics/tree/VoidDescriptor
instanceKlass org/sonatype/plexus/components/sec/dispatcher/model/SettingsSecurity
instanceKlass com/google/inject/spi/ProviderWithExtensionVisitor
instanceKlass com/google/common/collect/Iterables
instanceKlass java/util/stream/ForEachOps$ForEachOp
instanceKlass java/util/stream/ForEachOps
instanceKlass org/codehaus/plexus/component/repository/ComponentDescriptor
instanceKlass org/eclipse/sisu/plexus/PlexusBean
instanceKlass com/google/inject/spi/ProvidesMethodBinding
instanceKlass org/eclipse/sisu/inject/Guice4
instanceKlass com/google/inject/internal/GuiceInternal
instanceKlass org/sonatype/inject/Parameters
instanceKlass org/eclipse/sisu/plexus/PlexusXmlBeanConverter
instanceKlass org/eclipse/sisu/plexus/PlexusBeanConverter
instanceKlass com/google/inject/spi/TypeConverterBinding
instanceKlass java/lang/reflect/AnnotatedParameterizedType
instanceKlass sun/reflect/generics/tree/Wildcard
instanceKlass sun/reflect/generics/tree/BottomSignature
instanceKlass org/eclipse/sisu/inject/DefaultRankingFunction
instanceKlass com/google/inject/spi/ProvisionListenerBinding
instanceKlass com/google/inject/spi/TypeListenerBinding
instanceKlass org/eclipse/sisu/bean/BeanListener
instanceKlass com/google/inject/matcher/Matchers
instanceKlass org/eclipse/sisu/bean/PropertyBinder
instanceKlass org/eclipse/sisu/plexus/PlexusBeanBinder
instanceKlass com/google/inject/spi/InjectionListener
instanceKlass org/sonatype/plexus/components/sec/dispatcher/DefaultSecDispatcher
instanceKlass org/sonatype/plexus/components/cipher/DefaultPlexusCipher
instanceKlass org/sonatype/plexus/components/cipher/PlexusCipher
instanceKlass org/codehaus/plexus/component/configurator/AbstractComponentConfigurator
instanceKlass org/codehaus/plexus/component/configurator/ComponentConfigurator
instanceKlass org/apache/maven/settings/validation/DefaultSettingsValidator
instanceKlass org/apache/maven/settings/validation/SettingsValidator
instanceKlass org/apache/maven/settings/io/DefaultSettingsWriter
instanceKlass org/apache/maven/settings/io/SettingsWriter
instanceKlass org/apache/maven/settings/io/DefaultSettingsReader
instanceKlass org/apache/maven/settings/io/SettingsReader
instanceKlass org/apache/maven/settings/crypto/DefaultSettingsDecrypter
instanceKlass org/apache/maven/settings/crypto/SettingsDecrypter
instanceKlass org/apache/maven/settings/building/DefaultSettingsBuilder
instanceKlass org/apache/maven/settings/building/SettingsBuilder
instanceKlass org/eclipse/aether/transport/wagon/WagonTransporterFactory
instanceKlass org/eclipse/aether/internal/transport/wagon/PlexusWagonProvider
instanceKlass org/eclipse/aether/transport/wagon/WagonProvider
instanceKlass org/eclipse/aether/internal/transport/wagon/PlexusWagonConfigurator
instanceKlass org/eclipse/aether/transport/wagon/WagonConfigurator
instanceKlass org/eclipse/aether/transport/http/ChecksumExtractor
instanceKlass org/eclipse/aether/transport/http/HttpTransporterFactory
instanceKlass org/eclipse/aether/transport/file/FileTransporterFactory
instanceKlass org/eclipse/aether/spi/connector/transport/TransporterFactory
instanceKlass org/apache/maven/repository/internal/VersionsMetadataGeneratorFactory
instanceKlass org/apache/maven/repository/internal/SnapshotMetadataGeneratorFactory
instanceKlass org/apache/maven/repository/internal/PluginsMetadataGeneratorFactory
instanceKlass org/eclipse/aether/impl/MetadataGeneratorFactory
instanceKlass org/apache/maven/repository/internal/DefaultVersionResolver
instanceKlass org/eclipse/aether/impl/VersionResolver
instanceKlass org/apache/maven/repository/internal/DefaultVersionRangeResolver
instanceKlass org/eclipse/aether/impl/VersionRangeResolver
instanceKlass org/apache/maven/repository/internal/DefaultModelCacheFactory
instanceKlass org/apache/maven/repository/internal/ModelCacheFactory
instanceKlass org/apache/maven/repository/internal/DefaultArtifactDescriptorReader
instanceKlass org/eclipse/aether/impl/ArtifactDescriptorReader
instanceKlass org/eclipse/aether/named/support/NamedLockFactorySupport
instanceKlass org/eclipse/aether/named/NamedLockFactory
instanceKlass org/eclipse/aether/internal/impl/synccontext/named/providers/StaticNameMapperProvider
instanceKlass org/eclipse/aether/internal/impl/synccontext/named/providers/GAVNameMapperProvider
instanceKlass org/eclipse/aether/internal/impl/synccontext/named/providers/GAECVNameMapperProvider
instanceKlass org/eclipse/aether/internal/impl/synccontext/named/providers/FileStaticNameMapperProvider
instanceKlass org/eclipse/aether/internal/impl/synccontext/named/providers/FileHashingGAVNameMapperProvider
instanceKlass org/eclipse/aether/internal/impl/synccontext/named/providers/FileHashingGAECVNameMapperProvider
instanceKlass org/eclipse/aether/internal/impl/synccontext/named/providers/FileGAVNameMapperProvider
instanceKlass org/eclipse/aether/internal/impl/synccontext/named/providers/FileGAECVNameMapperProvider
instanceKlass org/eclipse/aether/internal/impl/synccontext/named/NameMapper
instanceKlass org/eclipse/aether/internal/impl/synccontext/named/providers/DiscriminatingNameMapperProvider
instanceKlass org/eclipse/aether/internal/impl/synccontext/named/NamedLockFactoryAdapterFactoryImpl
instanceKlass org/eclipse/aether/internal/impl/synccontext/named/NamedLockFactoryAdapterFactory
instanceKlass org/eclipse/aether/internal/impl/synccontext/legacy/DefaultSyncContextFactory
instanceKlass org/eclipse/aether/impl/SyncContextFactory
instanceKlass org/eclipse/aether/internal/impl/synccontext/DefaultSyncContextFactory
instanceKlass org/eclipse/aether/spi/synccontext/SyncContextFactory
instanceKlass java/lang/Deprecated
instanceKlass org/eclipse/aether/internal/impl/slf4j/Slf4jLoggerFactory
instanceKlass org/eclipse/aether/internal/impl/resolution/ArtifactResolverPostProcessorSupport
instanceKlass org/eclipse/aether/internal/impl/filter/RemoteRepositoryFilterSourceSupport
instanceKlass org/eclipse/aether/spi/connector/filter/RemoteRepositoryFilterSource
instanceKlass org/eclipse/aether/spi/resolution/ArtifactResolverPostProcessor
instanceKlass org/eclipse/aether/internal/impl/filter/DefaultRemoteRepositoryFilterManager
instanceKlass org/eclipse/aether/impl/RemoteRepositoryFilterManager
instanceKlass org/eclipse/aether/internal/impl/collect/DependencyCollectorDelegate
instanceKlass org/eclipse/aether/internal/impl/collect/DefaultDependencyCollector
instanceKlass org/eclipse/aether/impl/DependencyCollector
instanceKlass org/eclipse/aether/internal/impl/checksum/TrustedToProvidedChecksumsSourceAdapter
instanceKlass org/eclipse/aether/spi/checksums/ProvidedChecksumsSource
instanceKlass org/eclipse/aether/internal/impl/checksum/FileTrustedChecksumsSourceSupport
instanceKlass org/eclipse/aether/spi/checksums/TrustedChecksumsSource
instanceKlass org/eclipse/aether/spi/connector/checksum/ChecksumAlgorithmFactorySupport
instanceKlass org/eclipse/aether/spi/connector/checksum/ChecksumAlgorithmFactory
instanceKlass org/eclipse/aether/internal/impl/checksum/DefaultChecksumAlgorithmFactorySelector
instanceKlass org/eclipse/aether/spi/connector/checksum/ChecksumAlgorithmFactorySelector
instanceKlass org/eclipse/aether/internal/impl/SimpleLocalRepositoryManagerFactory
instanceKlass org/eclipse/aether/internal/impl/Maven2RepositoryLayoutFactory
instanceKlass org/eclipse/aether/spi/connector/layout/RepositoryLayoutFactory
instanceKlass org/eclipse/aether/spi/log/LoggerFactory
instanceKlass org/eclipse/aether/internal/impl/LoggerFactoryProvider
instanceKlass org/eclipse/aether/internal/impl/EnhancedLocalRepositoryManagerFactory
instanceKlass org/eclipse/aether/spi/localrepo/LocalRepositoryManagerFactory
instanceKlass org/eclipse/aether/internal/impl/DefaultUpdatePolicyAnalyzer
instanceKlass org/eclipse/aether/impl/UpdatePolicyAnalyzer
instanceKlass org/eclipse/aether/internal/impl/DefaultUpdateCheckManager
instanceKlass org/eclipse/aether/impl/UpdateCheckManager
instanceKlass java/lang/Long$LongCache
instanceKlass org/eclipse/aether/internal/impl/DefaultTransporterProvider
instanceKlass org/eclipse/aether/spi/connector/transport/TransporterProvider
instanceKlass org/eclipse/aether/internal/impl/DefaultTrackingFileManager
instanceKlass org/eclipse/aether/internal/impl/TrackingFileManager
instanceKlass org/eclipse/aether/internal/impl/DefaultRepositorySystemLifecycle
instanceKlass org/eclipse/aether/impl/RepositorySystemLifecycle
instanceKlass org/eclipse/aether/internal/impl/DefaultRepositorySystem
instanceKlass org/eclipse/aether/RepositorySystem
instanceKlass org/eclipse/aether/internal/impl/DefaultRepositoryLayoutProvider
instanceKlass org/eclipse/aether/spi/connector/layout/RepositoryLayoutProvider
instanceKlass org/eclipse/aether/internal/impl/DefaultRepositoryEventDispatcher
instanceKlass org/eclipse/aether/impl/RepositoryEventDispatcher
instanceKlass org/eclipse/aether/internal/impl/DefaultRepositoryConnectorProvider
instanceKlass org/eclipse/aether/impl/RepositoryConnectorProvider
instanceKlass org/eclipse/aether/internal/impl/DefaultRemoteRepositoryManager
instanceKlass org/eclipse/aether/impl/RemoteRepositoryManager
instanceKlass org/eclipse/aether/internal/impl/DefaultOfflineController
instanceKlass org/eclipse/aether/impl/OfflineController
instanceKlass org/eclipse/aether/internal/impl/DefaultMetadataResolver
instanceKlass org/eclipse/aether/impl/MetadataResolver
instanceKlass org/eclipse/aether/internal/impl/DefaultLocalRepositoryProvider
instanceKlass org/eclipse/aether/impl/LocalRepositoryProvider
instanceKlass org/eclipse/aether/internal/impl/LocalPathPrefixComposerFactorySupport
instanceKlass org/eclipse/aether/internal/impl/LocalPathPrefixComposerFactory
instanceKlass org/eclipse/aether/internal/impl/DefaultLocalPathComposer
instanceKlass org/eclipse/aether/internal/impl/LocalPathComposer
instanceKlass org/eclipse/aether/internal/impl/DefaultInstaller
instanceKlass org/eclipse/aether/impl/Installer
instanceKlass org/eclipse/aether/internal/impl/DefaultFileProcessor
instanceKlass org/eclipse/aether/spi/io/FileProcessor
instanceKlass org/eclipse/aether/internal/impl/DefaultDeployer
instanceKlass org/eclipse/aether/impl/Deployer
instanceKlass org/eclipse/aether/internal/impl/DefaultChecksumPolicyProvider
instanceKlass org/eclipse/aether/spi/connector/checksum/ChecksumPolicyProvider
instanceKlass org/eclipse/aether/internal/impl/DefaultArtifactResolver
instanceKlass org/eclipse/aether/impl/ArtifactResolver
instanceKlass org/eclipse/aether/connector/basic/BasicRepositoryConnectorFactory
instanceKlass org/eclipse/aether/spi/locator/Service
instanceKlass org/eclipse/aether/spi/connector/RepositoryConnectorFactory
instanceKlass org/apache/maven/model/validation/DefaultModelValidator
instanceKlass org/apache/maven/model/validation/ModelValidator
instanceKlass org/apache/maven/model/superpom/DefaultSuperPomProvider
instanceKlass org/apache/maven/model/superpom/SuperPomProvider
instanceKlass org/apache/maven/model/profile/activation/PropertyProfileActivator
instanceKlass org/apache/maven/model/profile/activation/OperatingSystemProfileActivator
instanceKlass org/apache/maven/model/profile/activation/JdkVersionProfileActivator
instanceKlass org/apache/maven/model/profile/activation/FileProfileActivator
instanceKlass org/apache/maven/model/profile/activation/ProfileActivator
instanceKlass org/apache/maven/model/profile/DefaultProfileSelector
instanceKlass org/apache/maven/model/profile/ProfileSelector
instanceKlass org/apache/maven/model/profile/DefaultProfileInjector
instanceKlass org/apache/maven/model/profile/ProfileInjector
instanceKlass org/apache/maven/model/plugin/DefaultReportingConverter
instanceKlass org/apache/maven/model/plugin/ReportingConverter
instanceKlass org/apache/maven/model/plugin/DefaultReportConfigurationExpander
instanceKlass org/apache/maven/model/plugin/ReportConfigurationExpander
instanceKlass org/apache/maven/model/plugin/DefaultPluginConfigurationExpander
instanceKlass org/apache/maven/model/plugin/PluginConfigurationExpander
instanceKlass org/apache/maven/model/path/ProfileActivationFilePathInterpolator
instanceKlass org/apache/maven/model/path/DefaultUrlNormalizer
instanceKlass org/apache/maven/model/path/UrlNormalizer
instanceKlass org/apache/maven/model/path/DefaultPathTranslator
instanceKlass org/apache/maven/model/path/PathTranslator
instanceKlass org/apache/maven/model/path/DefaultModelUrlNormalizer
instanceKlass org/apache/maven/model/path/ModelUrlNormalizer
instanceKlass org/apache/maven/model/path/DefaultModelPathTranslator
instanceKlass org/apache/maven/model/path/ModelPathTranslator
instanceKlass org/apache/maven/model/normalization/DefaultModelNormalizer
instanceKlass org/apache/maven/model/normalization/ModelNormalizer
instanceKlass org/apache/maven/model/management/DefaultPluginManagementInjector
instanceKlass org/apache/maven/model/management/PluginManagementInjector
instanceKlass org/apache/maven/model/management/DefaultDependencyManagementInjector
instanceKlass org/apache/maven/model/management/DependencyManagementInjector
instanceKlass org/apache/maven/model/locator/DefaultModelLocator
instanceKlass org/apache/maven/model/io/DefaultModelWriter
instanceKlass org/apache/maven/model/io/ModelWriter
instanceKlass org/apache/maven/model/io/DefaultModelReader
instanceKlass org/apache/maven/model/interpolation/AbstractStringBasedModelInterpolator
instanceKlass org/apache/maven/model/interpolation/ModelInterpolator
instanceKlass org/apache/maven/model/interpolation/DefaultModelVersionProcessor
instanceKlass org/apache/maven/model/interpolation/ModelVersionProcessor
instanceKlass org/apache/maven/model/inheritance/DefaultInheritanceAssembler
instanceKlass org/apache/maven/model/inheritance/InheritanceAssembler
instanceKlass org/apache/maven/model/composition/DefaultDependencyManagementImporter
instanceKlass org/apache/maven/model/composition/DependencyManagementImporter
instanceKlass org/apache/maven/model/building/DefaultModelProcessor
instanceKlass org/apache/maven/model/building/ModelProcessor
instanceKlass org/apache/maven/model/io/ModelReader
instanceKlass org/apache/maven/model/locator/ModelLocator
instanceKlass org/apache/maven/model/building/DefaultModelBuilder
instanceKlass org/apache/maven/model/building/ModelBuilder
instanceKlass org/apache/maven/cli/internal/BootstrapCoreExtensionManager
instanceKlass org/apache/maven/cli/configuration/SettingsXmlConfigurationProcessor
instanceKlass org/apache/maven/cli/configuration/ConfigurationProcessor
instanceKlass org/apache/maven/toolchain/io/DefaultToolchainsWriter
instanceKlass org/apache/maven/toolchain/io/ToolchainsWriter
instanceKlass org/apache/maven/toolchain/io/DefaultToolchainsReader
instanceKlass org/apache/maven/toolchain/io/ToolchainsReader
instanceKlass org/apache/maven/toolchain/building/DefaultToolchainsBuilder
instanceKlass org/apache/maven/toolchain/building/ToolchainsBuilder
instanceKlass org/apache/maven/execution/MavenSession
instanceKlass org/apache/maven/session/scope/internal/SessionScope$ScopeState
instanceKlass org/apache/maven/session/scope/internal/SessionScope
instanceKlass org/apache/maven/plugin/internal/MavenPluginMavenPrerequisiteChecker
instanceKlass org/apache/maven/plugin/internal/MavenPluginJavaPrerequisiteChecker
instanceKlass org/apache/maven/plugin/MavenPluginPrerequisitesChecker
instanceKlass jdk/internal/reflect/ClassDefiner$1
instanceKlass jdk/internal/reflect/ClassDefiner
instanceKlass jdk/internal/reflect/MethodAccessorGenerator$1
instanceKlass jdk/internal/reflect/Label$PatchInfo
instanceKlass jdk/internal/reflect/Label
instanceKlass jdk/internal/reflect/UTF8
instanceKlass jdk/internal/reflect/ClassFileAssembler
instanceKlass jdk/internal/reflect/ByteVectorImpl
instanceKlass jdk/internal/reflect/ByteVector
instanceKlass jdk/internal/reflect/ByteVectorFactory
instanceKlass jdk/internal/reflect/AccessorGenerator
instanceKlass jdk/internal/reflect/ClassFileConstants
instanceKlass org/apache/maven/plugin/internal/AbstractMavenPluginDependenciesValidator
instanceKlass org/apache/maven/plugin/internal/MavenPluginDependenciesValidator
instanceKlass org/apache/maven/plugin/internal/AbstractMavenPluginParametersValidator
instanceKlass org/apache/maven/plugin/internal/MavenPluginConfigurationValidator
instanceKlass org/apache/maven/eventspy/AbstractEventSpy
instanceKlass org/apache/maven/plugin/PluginValidationManager
instanceKlass org/apache/maven/plugin/DefaultMojosExecutionStrategy
instanceKlass org/apache/maven/plugin/MojosExecutionStrategy
instanceKlass org/apache/maven/lifecycle/internal/LifecycleDependencyResolver
instanceKlass org/apache/maven/lifecycle/internal/DefaultProjectArtifactFactory
instanceKlass org/apache/maven/lifecycle/internal/ProjectArtifactFactory
instanceKlass org/apache/maven/internal/aether/ResolverLifecycle
instanceKlass org/apache/maven/internal/aether/DefaultRepositorySystemSessionFactory
instanceKlass org/apache/maven/extension/internal/CoreExportsProvider
instanceKlass org/apache/maven/plugin/MojoExecution
instanceKlass org/apache/maven/project/MavenProject
instanceKlass org/apache/maven/execution/MojoExecutionEvent
instanceKlass org/apache/maven/execution/scope/internal/MojoExecutionScope$ScopeState
instanceKlass org/apache/maven/execution/scope/MojoExecutionScoped
instanceKlass com/google/inject/RestrictedBindingSource$Permit
instanceKlass org/apache/maven/execution/scope/internal/MojoExecutionScope$1
instanceKlass org/apache/maven/execution/scope/internal/MojoExecutionScope
instanceKlass org/apache/maven/execution/MojoExecutionListener
instanceKlass org/eclipse/sisu/space/QualifiedTypeBinder$1
instanceKlass org/apache/maven/execution/DefaultMavenExecutionRequestPopulator
instanceKlass org/apache/maven/execution/MavenExecutionRequestPopulator
instanceKlass org/apache/maven/classrealm/DefaultClassRealmManager
instanceKlass org/apache/maven/classrealm/ClassRealmManager
instanceKlass org/apache/maven/SessionScoped
instanceKlass org/apache/maven/ReactorReader
instanceKlass org/apache/maven/repository/internal/MavenWorkspaceReader
instanceKlass org/eclipse/aether/repository/WorkspaceReader
instanceKlass org/apache/maven/DefaultArtifactFilterManager
instanceKlass org/apache/maven/ArtifactFilterManager
instanceKlass org/eclipse/sisu/space/WildcardKey$QualifiedImpl
instanceKlass org/eclipse/sisu/space/WildcardKey$Qualified
instanceKlass org/eclipse/sisu/space/WildcardKey
instanceKlass org/eclipse/sisu/Typed
instanceKlass org/sonatype/inject/EagerSingleton
instanceKlass org/eclipse/sisu/EagerSingleton
instanceKlass org/sonatype/inject/Mediator
instanceKlass org/eclipse/sisu/inject/TypeArguments
instanceKlass org/netbeans/modules/maven/event/NbEventSpy
instanceKlass org/apache/maven/eventspy/EventSpy
instanceKlass org/objectweb/asm/Context
instanceKlass org/objectweb/asm/Attribute
instanceKlass org/objectweb/asm/AnnotationVisitor
instanceKlass org/objectweb/asm/ClassReader
instanceKlass jdk/internal/misc/ScopedMemoryAccess$Scope
instanceKlass org/eclipse/sisu/space/IndexedClassFinder$1
instanceKlass org/eclipse/sisu/inject/Logs$SLF4JSink
instanceKlass org/eclipse/sisu/inject/Logs$Sink
instanceKlass org/eclipse/sisu/inject/Logs
instanceKlass org/eclipse/sisu/space/QualifierCache
instanceKlass org/eclipse/sisu/space/QualifiedTypeVisitor
instanceKlass org/eclipse/sisu/plexus/PlexusTypeVisitor$ComponentAnnotationVisitor
instanceKlass org/eclipse/sisu/space/AnnotationVisitor
instanceKlass org/eclipse/sisu/plexus/PlexusTypeVisitor
instanceKlass org/eclipse/sisu/space/ClassVisitor
instanceKlass org/eclipse/sisu/plexus/PlexusXmlBeanModule$PlexusXmlBeanSource
instanceKlass com/google/inject/internal/MoreTypes$ParameterizedTypeImpl
instanceKlass sun/reflect/generics/reflectiveObjects/ParameterizedTypeImpl
instanceKlass sun/reflect/generics/reflectiveObjects/LazyReflectiveObjectGenerator
instanceKlass org/eclipse/sisu/inject/DescriptionSource
instanceKlass org/eclipse/sisu/inject/AnnotatedSource
instanceKlass org/eclipse/sisu/Hidden
instanceKlass org/eclipse/sisu/Priority
instanceKlass org/eclipse/sisu/Description
instanceKlass org/eclipse/sisu/inject/Sources
instanceKlass com/google/inject/Key$AnnotationInstanceStrategy
instanceKlass com/google/inject/name/NamedImpl
instanceKlass com/google/inject/name/Named
instanceKlass com/google/inject/name/Names
instanceKlass org/apache/maven/wagon/Wagon
instanceKlass org/apache/maven/toolchain/ToolchainsBuilder
instanceKlass org/apache/maven/toolchain/ToolchainManagerPrivate
instanceKlass org/apache/maven/toolchain/ToolchainManager
instanceKlass org/apache/maven/toolchain/ToolchainFactory
instanceKlass org/apache/maven/settings/MavenSettingsBuilder
instanceKlass org/apache/maven/rtinfo/RuntimeInformation
instanceKlass org/apache/maven/project/artifact/ProjectArtifactsCache
instanceKlass org/apache/maven/project/artifact/MavenMetadataCache
instanceKlass org/apache/maven/project/ProjectRealmCache
instanceKlass org/apache/maven/project/ProjectDependenciesResolver
instanceKlass org/apache/maven/project/ProjectBuildingHelper
instanceKlass org/apache/maven/project/ProjectBuilder
instanceKlass org/apache/maven/project/MavenProjectHelper
instanceKlass org/apache/maven/plugin/version/PluginVersionResolver
instanceKlass org/apache/maven/plugin/prefix/PluginPrefixResolver
instanceKlass org/apache/maven/plugin/internal/PluginDependenciesResolver
instanceKlass org/apache/maven/plugin/PluginRealmCache
instanceKlass org/apache/maven/plugin/PluginManager
instanceKlass org/apache/maven/plugin/PluginDescriptorCache
instanceKlass org/apache/maven/plugin/PluginArtifactsCache
instanceKlass org/apache/maven/plugin/MavenPluginManager
instanceKlass org/apache/maven/plugin/LegacySupport
instanceKlass org/apache/maven/plugin/ExtensionRealmCache
instanceKlass org/apache/maven/plugin/BuildPluginManager
instanceKlass org/apache/maven/model/plugin/LifecycleBindingsInjector
instanceKlass org/apache/maven/lifecycle/internal/builder/BuilderCommon
instanceKlass org/apache/maven/lifecycle/internal/builder/Builder
instanceKlass org/apache/maven/lifecycle/internal/MojoExecutor
instanceKlass org/apache/maven/lifecycle/internal/MojoDescriptorCreator
instanceKlass org/apache/maven/lifecycle/internal/LifecycleTaskSegmentCalculator
instanceKlass org/apache/maven/lifecycle/internal/LifecycleStarter
instanceKlass org/apache/maven/lifecycle/internal/LifecyclePluginResolver
instanceKlass org/apache/maven/lifecycle/internal/LifecycleModuleBuilder
instanceKlass org/apache/maven/lifecycle/internal/LifecycleExecutionPlanCalculator
instanceKlass org/apache/maven/lifecycle/internal/LifecycleDebugLogger
instanceKlass org/apache/maven/lifecycle/internal/ExecutionEventCatapult
instanceKlass org/apache/maven/lifecycle/internal/BuildListCalculator
instanceKlass org/apache/maven/lifecycle/MojoExecutionConfigurator
instanceKlass org/apache/maven/lifecycle/LifecycleMappingDelegate
instanceKlass org/apache/maven/lifecycle/LifecycleExecutor
instanceKlass org/apache/maven/lifecycle/LifeCyclePluginAnalyzer
instanceKlass org/apache/maven/lifecycle/DefaultLifecycles
instanceKlass org/apache/maven/graph/GraphBuilder
instanceKlass org/apache/maven/eventspy/internal/EventSpyDispatcher
instanceKlass org/apache/maven/configuration/BeanConfigurator
instanceKlass org/apache/maven/bridge/MavenRepositorySystem
instanceKlass org/apache/maven/artifact/resolver/ResolutionErrorHandler
instanceKlass org/apache/maven/artifact/repository/metadata/io/MetadataReader
instanceKlass org/apache/maven/artifact/metadata/ArtifactMetadataSource
instanceKlass org/apache/maven/repository/legacy/metadata/ArtifactMetadataSource
instanceKlass org/apache/maven/artifact/handler/manager/ArtifactHandlerManager
instanceKlass org/apache/maven/artifact/factory/ArtifactFactory
instanceKlass org/apache/maven/ProjectDependenciesResolver
instanceKlass org/apache/maven/Maven
instanceKlass org/apache/maven/artifact/handler/ArtifactHandler
instanceKlass org/sonatype/plexus/components/sec/dispatcher/SecDispatcher
instanceKlass org/apache/maven/lifecycle/Lifecycle
instanceKlass org/eclipse/sisu/space/CloningClassSpace$1
instanceKlass org/apache/maven/lifecycle/mapping/LifecycleMapping
instanceKlass org/apache/maven/repository/metadata/GraphConflictResolver
instanceKlass org/apache/maven/repository/metadata/GraphConflictResolutionPolicy
instanceKlass org/eclipse/sisu/plexus/ConfigurationImpl
instanceKlass org/apache/maven/repository/metadata/ClasspathTransformation
instanceKlass org/apache/maven/repository/legacy/resolver/transform/ArtifactTransformationManager
instanceKlass org/apache/maven/repository/legacy/resolver/transform/ArtifactTransformation
instanceKlass org/apache/maven/repository/legacy/resolver/conflict/ConflictResolverFactory
instanceKlass org/apache/maven/repository/legacy/resolver/conflict/ConflictResolver
instanceKlass org/apache/maven/repository/legacy/repository/ArtifactRepositoryFactory
instanceKlass org/apache/maven/repository/legacy/UpdateCheckManager
instanceKlass org/apache/maven/repository/RepositorySystem
instanceKlass org/apache/maven/repository/MirrorSelector
instanceKlass org/apache/maven/project/validation/ModelValidator
instanceKlass org/apache/maven/project/path/PathTranslator
instanceKlass org/apache/maven/project/interpolation/ModelInterpolator
instanceKlass org/apache/maven/project/inheritance/ModelInheritanceAssembler
instanceKlass org/apache/maven/project/MavenProjectBuilder
instanceKlass org/apache/maven/profiles/MavenProfilesBuilder
instanceKlass org/apache/maven/execution/RuntimeInformation
instanceKlass jdk/internal/access/foreign/MemorySegmentProxy
instanceKlass org/apache/maven/artifact/resolver/ArtifactResolver
instanceKlass org/apache/maven/artifact/resolver/ArtifactCollector
instanceKlass org/apache/maven/repository/legacy/resolver/LegacyArtifactCollector
instanceKlass org/apache/maven/artifact/repository/metadata/RepositoryMetadataManager
instanceKlass org/apache/maven/artifact/repository/layout/ArtifactRepositoryLayout
instanceKlass org/apache/maven/artifact/repository/ArtifactRepositoryFactory
instanceKlass org/apache/maven/artifact/manager/WagonManager
instanceKlass org/apache/maven/repository/legacy/WagonManager
instanceKlass org/apache/maven/artifact/installer/ArtifactInstaller
instanceKlass org/eclipse/sisu/plexus/PlexusXmlMetadata
instanceKlass org/eclipse/sisu/plexus/Roles
instanceKlass org/apache/maven/artifact/deployer/ArtifactDeployer
instanceKlass org/eclipse/sisu/plexus/Hints
instanceKlass org/eclipse/sisu/space/AbstractDeferredClass
instanceKlass org/eclipse/sisu/plexus/RequirementImpl
instanceKlass org/codehaus/plexus/component/annotations/Requirement
instanceKlass org/eclipse/sisu/space/Streams
instanceKlass org/eclipse/sisu/plexus/ComponentImpl
instanceKlass org/codehaus/plexus/component/annotations/Component
instanceKlass org/eclipse/sisu/plexus/PlexusTypeRegistry
instanceKlass org/eclipse/sisu/plexus/PlexusXmlScanner
instanceKlass org/eclipse/sisu/space/QualifiedTypeBinder
instanceKlass org/eclipse/sisu/plexus/PlexusTypeBinder
instanceKlass com/google/inject/spi/InjectionRequest
instanceKlass org/eclipse/sisu/bean/BeanProperty
instanceKlass com/google/common/collect/ObjectArrays
instanceKlass com/google/inject/internal/Nullability
instanceKlass com/google/inject/internal/KotlinSupport$KotlinUnsupported
instanceKlass com/google/inject/internal/KotlinSupport$KotlinSupportHolder
instanceKlass com/google/inject/internal/KotlinSupportInterface
instanceKlass com/google/inject/internal/KotlinSupport
instanceKlass com/google/inject/spi/InjectionPoint$OverrideIndex
instanceKlass org/eclipse/sisu/inject/RankedBindings
instanceKlass org/eclipse/sisu/Mediator
instanceKlass sun/reflect/generics/tree/TypeVariableSignature
instanceKlass com/google/inject/Inject
instanceKlass javax/inject/Inject
instanceKlass java/lang/reflect/WildcardType
instanceKlass com/google/inject/spi/InjectionPoint$InjectableMembers
instanceKlass com/google/inject/spi/InjectionPoint$InjectableMember
instanceKlass com/google/inject/spi/InjectionPoint
instanceKlass java/lang/reflect/ParameterizedType
instanceKlass com/google/inject/internal/MoreTypes$GenericArrayTypeImpl
instanceKlass com/google/inject/internal/MoreTypes$CompositeType
instanceKlass com/google/inject/Key$AnnotationTypeStrategy
instanceKlass com/google/common/cache/LocalCache$StrongValueReference
instanceKlass com/google/common/util/concurrent/AbstractFuture$Failure
instanceKlass com/google/common/util/concurrent/AbstractFuture$Cancellation
instanceKlass com/google/common/util/concurrent/AbstractFuture$DelegatingToFuture
instanceKlass com/google/common/util/concurrent/Platform
instanceKlass com/google/common/util/concurrent/Uninterruptibles
instanceKlass com/google/common/util/concurrent/AbstractFuture$Listener
instanceKlass com/google/common/util/concurrent/AbstractFutureState$Waiter
instanceKlass com/google/common/util/concurrent/LazyLogger
instanceKlass java/util/concurrent/Executor
instanceKlass com/google/common/util/concurrent/AbstractFutureState$AtomicHelper
instanceKlass com/google/common/util/concurrent/internal/InternalFutureFailureAccess
instanceKlass com/google/common/util/concurrent/AbstractFuture$Trusted
instanceKlass com/google/common/util/concurrent/ListenableFuture
instanceKlass java/lang/invoke/VarHandle$AccessDescriptor
instanceKlass java/lang/annotation/Documented
instanceKlass java/lang/annotation/Target
instanceKlass javax/inject/Named
instanceKlass javax/inject/Qualifier
instanceKlass com/google/inject/BindingAnnotation
instanceKlass javax/inject/Scope
instanceKlass com/google/inject/ScopeAnnotation
instanceKlass com/google/inject/internal/Annotations$AnnotationChecker
instanceKlass java/lang/reflect/Proxy$ProxyBuilder$1
instanceKlass jdk/internal/org/objectweb/asm/Edge
instanceKlass java/lang/reflect/ProxyGenerator$PrimitiveTypeInfo
instanceKlass java/util/StringJoiner
instanceKlass java/lang/reflect/ProxyGenerator$ProxyMethod
instanceKlass java/lang/WeakPairMap$Pair$Lookup
instanceKlass java/lang/WeakPairMap$Pair
instanceKlass java/lang/WeakPairMap
instanceKlass java/lang/Module$ReflectionData
instanceKlass jdk/internal/module/Checks
instanceKlass java/lang/module/ModuleDescriptor$Builder
instanceKlass java/lang/PublicMethods
instanceKlass java/util/Collections$1
instanceKlass java/lang/reflect/Proxy$ProxyBuilder
instanceKlass java/lang/ClassValue$Version
instanceKlass java/lang/ClassValue$Identity
instanceKlass java/lang/ClassValue
instanceKlass java/lang/reflect/Proxy
instanceKlass sun/reflect/annotation/AnnotationInvocationHandler
instanceKlass sun/reflect/annotation/AnnotationParser$1
instanceKlass sun/reflect/annotation/ExceptionProxy
instanceKlass java/lang/annotation/Inherited
instanceKlass java/lang/annotation/Retention
instanceKlass sun/reflect/annotation/AnnotationType$1
instanceKlass sun/reflect/annotation/AnnotationType
instanceKlass java/lang/reflect/GenericArrayType
instanceKlass sun/reflect/generics/visitor/Reifier
instanceKlass sun/reflect/generics/visitor/TypeTreeVisitor
instanceKlass sun/reflect/generics/factory/CoreReflectionFactory
instanceKlass sun/reflect/generics/factory/GenericsFactory
instanceKlass sun/reflect/generics/scope/AbstractScope
instanceKlass sun/reflect/generics/scope/Scope
instanceKlass com/google/inject/internal/Annotations$TestAnnotation
instanceKlass com/google/inject/internal/Annotations$AnnotationToStringConfig
instanceKlass com/google/common/base/Joiner$MapJoiner
instanceKlass com/google/common/base/Joiner
instanceKlass java/lang/reflect/InvocationHandler
instanceKlass com/google/inject/internal/Annotations
instanceKlass org/eclipse/sisu/Parameters
instanceKlass org/eclipse/sisu/wire/ParameterKeys
instanceKlass com/google/inject/internal/util/StackTraceElements$InMemoryStackTraceElement
instanceKlass com/google/inject/internal/util/StackTraceElements
instanceKlass org/eclipse/sisu/wire/TypeConverterCache
instanceKlass com/google/inject/internal/Scoping
instanceKlass com/google/inject/internal/InternalFactory
instanceKlass java/lang/StackTraceElement$HashedModules
instanceKlass com/google/inject/internal/InternalFlags$1
instanceKlass com/google/inject/internal/InternalFlags
instanceKlass com/google/inject/spi/ConstructorBinding
instanceKlass com/google/inject/internal/DelayedInitialize
instanceKlass com/google/inject/spi/ProviderKeyBinding
instanceKlass com/google/inject/spi/ProviderInstanceBinding
instanceKlass com/google/inject/spi/InstanceBinding
instanceKlass com/google/inject/spi/HasDependencies
instanceKlass com/google/inject/spi/LinkedKeyBinding
instanceKlass com/google/inject/spi/UntargettedBinding
instanceKlass com/google/inject/internal/BindingImpl
instanceKlass com/google/inject/Key$AnnotationStrategy
instanceKlass org/eclipse/sisu/wire/ElementAnalyzer$1
instanceKlass com/google/inject/util/Modules$EmptyModule
instanceKlass com/google/inject/util/Modules$OverriddenModuleBuilder
instanceKlass com/google/inject/util/Modules
instanceKlass java/util/stream/Nodes$ArrayNode
instanceKlass java/util/stream/Node$Builder
instanceKlass java/util/stream/Node$OfDouble
instanceKlass java/util/stream/Node$OfLong
instanceKlass java/util/stream/Node$OfInt
instanceKlass java/util/stream/Node$OfPrimitive
instanceKlass java/util/stream/Nodes$EmptyNode
instanceKlass java/util/stream/Node
instanceKlass java/util/stream/Nodes
instanceKlass java/util/function/IntFunction
instanceKlass java/util/stream/SortedOps
instanceKlass com/google/common/collect/Ordering
instanceKlass com/google/inject/internal/DeclaredMembers
instanceKlass com/google/common/base/ExtraObjectsMethodsForWeb
instanceKlass com/google/common/collect/ImmutableMap$Builder
instanceKlass com/google/inject/internal/MoreTypes
instanceKlass com/google/inject/multibindings/ProvidesIntoOptional
instanceKlass com/google/inject/multibindings/ProvidesIntoMap
instanceKlass com/google/inject/multibindings/ProvidesIntoSet
instanceKlass com/google/inject/Provides
instanceKlass javax/inject/Singleton
instanceKlass com/google/inject/spi/ElementSource
instanceKlass com/google/inject/spi/ScopeBinding
instanceKlass com/google/inject/Scopes$2
instanceKlass com/google/inject/Scopes$1
instanceKlass com/google/inject/internal/SingletonScope
instanceKlass com/google/inject/Scopes
instanceKlass com/google/inject/Singleton
instanceKlass com/google/inject/spi/Elements$ModuleInfo
instanceKlass com/google/inject/PrivateModule
instanceKlass java/util/stream/Streams$2
instanceKlass java/util/stream/Streams$ConcatSpliterator
instanceKlass sun/reflect/annotation/AnnotatedTypeFactory$AnnotatedTypeBaseImpl
instanceKlass java/lang/reflect/AnnotatedType
instanceKlass sun/reflect/annotation/AnnotatedTypeFactory
instanceKlass sun/reflect/annotation/TypeAnnotation$LocationInfo$Location
instanceKlass sun/reflect/annotation/TypeAnnotation$LocationInfo
instanceKlass sun/reflect/generics/tree/ClassSignature
instanceKlass sun/reflect/generics/tree/Signature
instanceKlass sun/reflect/generics/tree/ClassTypeSignature
instanceKlass sun/reflect/generics/tree/SimpleClassTypeSignature
instanceKlass sun/reflect/generics/tree/FieldTypeSignature
instanceKlass sun/reflect/generics/tree/BaseType
instanceKlass sun/reflect/generics/tree/TypeSignature
instanceKlass sun/reflect/generics/tree/ReturnType
instanceKlass sun/reflect/generics/tree/TypeArgument
instanceKlass sun/reflect/generics/tree/FormalTypeParameter
instanceKlass sun/reflect/generics/tree/TypeTree
instanceKlass sun/reflect/generics/tree/Tree
instanceKlass sun/reflect/generics/parser/SignatureParser
instanceKlass java/lang/reflect/TypeVariable
instanceKlass sun/reflect/generics/repository/AbstractRepository
instanceKlass sun/reflect/annotation/TypeAnnotation
instanceKlass sun/reflect/annotation/TypeAnnotationParser
instanceKlass java/lang/Class$AnnotationData
instanceKlass com/google/inject/RestrictedBindingSource
instanceKlass com/google/inject/spi/BindingSourceRestriction
instanceKlass com/google/inject/spi/ModuleSource
instanceKlass com/google/inject/internal/ProviderMethodsModule
instanceKlass com/google/inject/spi/BindingSourceRestriction$PermitMapConstruction$PermitMapImpl
instanceKlass com/google/inject/spi/BindingSourceRestriction$PermitMap
instanceKlass com/google/inject/spi/BindingSourceRestriction$PermitMapConstruction
instanceKlass com/google/common/collect/Hashing
instanceKlass com/google/common/math/IntMath$1
instanceKlass com/google/common/math/MathPreconditions
instanceKlass com/google/common/math/IntMath
instanceKlass com/google/inject/internal/AbstractBindingBuilder
instanceKlass com/google/inject/binder/ConstantBindingBuilder
instanceKlass com/google/inject/binder/AnnotatedElementBuilder
instanceKlass com/google/inject/spi/Elements$RecordingBinder
instanceKlass com/google/inject/Binding
instanceKlass com/google/inject/spi/DefaultBindingTargetVisitor
instanceKlass com/google/inject/spi/BindingTargetVisitor
instanceKlass com/google/inject/spi/Elements
instanceKlass com/google/inject/internal/InjectorShell$RootModule
instanceKlass com/google/common/collect/ListMultimap
instanceKlass com/google/inject/internal/InjectorBindingData
instanceKlass java/util/concurrent/atomic/AtomicReferenceArray
instanceKlass java/util/concurrent/Future
instanceKlass com/google/common/cache/LocalCache$LoadingValueReference
instanceKlass java/lang/invoke/VarForm
instanceKlass java/lang/invoke/VarHandleGuards
instanceKlass jdk/internal/util/Preconditions$1
instanceKlass java/lang/invoke/VarHandle$1
instanceKlass java/lang/invoke/VarHandles
instanceKlass java/util/concurrent/ConcurrentLinkedQueue$Node
instanceKlass com/google/common/cache/Weigher
instanceKlass com/google/common/base/Predicate
instanceKlass com/google/common/base/Equivalence
instanceKlass java/util/function/BiPredicate
instanceKlass com/google/common/base/MoreObjects
instanceKlass com/google/common/cache/LocalCache$1
instanceKlass com/google/common/cache/ReferenceEntry
instanceKlass com/google/common/cache/CacheLoader
instanceKlass com/google/common/cache/LocalCache$LocalManualCache
instanceKlass java/util/AbstractMap$SimpleImmutableEntry
instanceKlass com/google/common/cache/RemovalListener
instanceKlass com/google/common/cache/LocalCache$ValueReference
instanceKlass com/google/common/cache/CacheBuilder$2
instanceKlass com/google/common/cache/CacheStats
instanceKlass com/google/common/base/Suppliers$SupplierOfInstance
instanceKlass com/google/common/base/Suppliers
instanceKlass com/google/common/cache/CacheBuilder$1
instanceKlass com/google/common/cache/AbstractCache$StatsCounter
instanceKlass com/google/common/cache/LoadingCache
instanceKlass com/google/common/cache/Cache
instanceKlass com/google/common/base/Supplier
instanceKlass com/google/common/cache/CacheBuilder
instanceKlass com/google/inject/internal/WeakKeySet
instanceKlass com/google/common/collect/Sets
instanceKlass com/google/inject/internal/InjectorJitBindingData
instanceKlass com/google/inject/internal/ProcessedBindingData
instanceKlass com/google/inject/spi/DefaultElementVisitor
instanceKlass com/google/inject/internal/InjectorShell$Builder
instanceKlass com/google/common/collect/Lists
instanceKlass com/google/common/collect/CollectPreconditions
instanceKlass com/google/common/collect/LinkedHashMultimap$MultimapIterationChain
instanceKlass java/lang/StrictMath
instanceKlass com/google/common/collect/Platform
instanceKlass com/google/common/collect/Multiset
instanceKlass com/google/common/collect/AbstractMultimap
instanceKlass com/google/common/collect/SetMultimap
instanceKlass com/google/common/base/Converter
instanceKlass com/google/common/collect/ImmutableMap
instanceKlass com/google/common/base/Function
instanceKlass com/google/common/collect/BiMap
instanceKlass com/google/common/collect/SortedMapDifference
instanceKlass com/google/common/collect/MapDifference
instanceKlass com/google/common/collect/Maps
instanceKlass com/google/inject/internal/CycleDetectingLock
instanceKlass com/google/common/collect/Multimap
instanceKlass com/google/inject/internal/CycleDetectingLock$CycleDetectingLockFactory
instanceKlass com/google/inject/internal/Initializable
instanceKlass com/google/inject/internal/Initializer
instanceKlass com/google/common/collect/PeekingIterator
instanceKlass com/google/common/collect/UnmodifiableIterator
instanceKlass com/google/common/collect/Iterators
instanceKlass com/google/common/collect/ImmutableCollection$Builder
instanceKlass com/google/common/collect/ImmutableSet$SetBuilderImpl
instanceKlass com/google/inject/internal/util/SourceProvider
instanceKlass com/google/inject/spi/ErrorDetail
instanceKlass com/google/inject/internal/Errors
instanceKlass com/google/common/base/Preconditions
instanceKlass java/time/Duration
instanceKlass java/time/temporal/TemporalAmount
instanceKlass java/time/temporal/TemporalUnit
instanceKlass java/util/concurrent/TimeUnit$1
instanceKlass jdk/internal/logger/DefaultLoggerFinder$1
instanceKlass java/util/logging/Logger$SystemLoggerHelper$1
instanceKlass java/util/logging/Logger$SystemLoggerHelper
instanceKlass java/util/logging/LogManager$4
instanceKlass jdk/internal/logger/BootstrapLogger$BootstrapExecutors
instanceKlass jdk/internal/logger/BootstrapLogger$RedirectedLoggers
instanceKlass java/util/Spliterators$1Adapter
instanceKlass java/util/Spliterators$ArraySpliterator
instanceKlass java/util/Spliterator$OfDouble
instanceKlass java/util/Spliterator$OfLong
instanceKlass java/util/Spliterators$EmptySpliterator
instanceKlass java/util/Spliterators
instanceKlass jdk/internal/logger/BootstrapLogger$DetectBackend$1
instanceKlass jdk/internal/logger/BootstrapLogger$DetectBackend
instanceKlass jdk/internal/logger/BootstrapLogger
instanceKlass sun/util/logging/PlatformLogger$ConfigurableBridge
instanceKlass sun/util/logging/PlatformLogger$Bridge
instanceKlass java/lang/System$Logger
instanceKlass java/util/stream/Streams
instanceKlass java/util/stream/Stream$Builder
instanceKlass java/util/stream/Streams$AbstractStreamBuilderImpl
instanceKlass java/util/Hashtable$Enumerator
instanceKlass java/util/logging/LogManager$LoggerContext$1
instanceKlass java/util/logging/LogManager$VisitedLoggers
instanceKlass java/util/logging/LogManager$2
instanceKlass java/lang/System$LoggerFinder
instanceKlass java/util/logging/LogManager$LoggingProviderAccess
instanceKlass sun/util/logging/internal/LoggingProviderImpl$LogManagerAccess
instanceKlass java/util/Collections$SynchronizedMap
instanceKlass java/util/logging/LogManager$LogNode
instanceKlass java/util/logging/LogManager$LoggerContext
instanceKlass java/util/logging/LogManager$1
instanceKlass java/util/logging/LogManager
instanceKlass java/util/logging/Logger$ConfigurationData
instanceKlass java/util/logging/Logger$LoggerBundle
instanceKlass java/util/logging/Level
instanceKlass java/util/logging/Handler
instanceKlass java/util/logging/Logger
instanceKlass com/google/common/base/Ticker
instanceKlass com/google/common/base/Stopwatch
instanceKlass com/google/inject/internal/util/ContinuousStopwatch
instanceKlass com/google/inject/Injector
instanceKlass com/google/inject/internal/InternalInjectorCreator
instanceKlass com/google/inject/Guice
instanceKlass org/eclipse/sisu/wire/Wiring
instanceKlass org/eclipse/sisu/wire/WireModule$Strategy$1
instanceKlass org/eclipse/sisu/wire/WireModule$Strategy
instanceKlass org/eclipse/sisu/wire/AbstractTypeConverter
instanceKlass com/google/inject/spi/ElementVisitor
instanceKlass org/eclipse/sisu/wire/WireModule
instanceKlass org/eclipse/sisu/bean/BeanBinder
instanceKlass org/eclipse/sisu/plexus/PlexusBindingModule
instanceKlass org/codehaus/plexus/DefaultPlexusContainer$BootModule
instanceKlass org/codehaus/plexus/component/annotations/Configuration
instanceKlass org/eclipse/sisu/plexus/PlexusAnnotatedMetadata
instanceKlass org/eclipse/sisu/plexus/PlexusBeanMetadata
instanceKlass org/eclipse/sisu/plexus/PlexusAnnotatedBeanModule$PlexusAnnotatedBeanSource
instanceKlass org/eclipse/sisu/space/SpaceModule$2
instanceKlass org/eclipse/sisu/space/SpaceModule$Strategy$2
instanceKlass org/eclipse/sisu/space/SpaceModule$Strategy$1
instanceKlass org/eclipse/sisu/space/DefaultClassFinder
instanceKlass org/objectweb/asm/ClassVisitor
instanceKlass org/eclipse/sisu/space/SpaceScanner
instanceKlass org/eclipse/sisu/space/IndexedClassFinder
instanceKlass org/eclipse/sisu/space/ClassFinder
instanceKlass org/eclipse/sisu/space/SpaceModule
instanceKlass org/eclipse/sisu/space/SpaceVisitor
instanceKlass org/eclipse/sisu/plexus/PlexusTypeListener
instanceKlass org/eclipse/sisu/space/QualifiedTypeListener
instanceKlass org/eclipse/sisu/plexus/PlexusAnnotatedBeanModule$1
instanceKlass org/eclipse/sisu/space/SpaceModule$Strategy
instanceKlass org/eclipse/sisu/plexus/PlexusAnnotatedBeanModule
instanceKlass org/eclipse/sisu/plexus/PlexusBeanSource
instanceKlass org/eclipse/sisu/plexus/PlexusXmlBeanModule
instanceKlass org/eclipse/sisu/plexus/PlexusBeanModule
instanceKlass org/eclipse/sisu/space/URLClassSpace
instanceKlass org/codehaus/plexus/DefaultPlexusContainer$SLF4JLoggerFactoryProvider
instanceKlass com/google/inject/util/Providers$ConstantProvider
instanceKlass com/google/inject/util/Providers
instanceKlass org/codehaus/plexus/personality/plexus/lifecycle/phase/Disposable
instanceKlass org/codehaus/plexus/personality/plexus/lifecycle/phase/Startable
instanceKlass org/codehaus/plexus/personality/plexus/lifecycle/phase/Initializable
instanceKlass org/codehaus/plexus/personality/plexus/lifecycle/phase/Contextualizable
instanceKlass org/codehaus/plexus/logging/LogEnabled
instanceKlass org/eclipse/sisu/bean/PropertyBinding
instanceKlass javax/annotation/PreDestroy
instanceKlass javax/annotation/PostConstruct
instanceKlass org/eclipse/sisu/bean/LifecycleBuilder
instanceKlass org/eclipse/sisu/bean/BeanScheduler$1
instanceKlass com/google/inject/spi/DefaultBindingScopingVisitor
instanceKlass com/google/inject/spi/BindingScopingVisitor
instanceKlass org/eclipse/sisu/bean/BeanScheduler$CycleActivator
instanceKlass com/google/inject/PrivateBinder
instanceKlass com/google/inject/MembersInjector
instanceKlass com/google/inject/spi/TypeListener
instanceKlass com/google/inject/binder/AnnotatedConstantBindingBuilder
instanceKlass org/aopalliance/intercept/MethodInterceptor
instanceKlass org/aopalliance/intercept/Interceptor
instanceKlass org/aopalliance/aop/Advice
instanceKlass com/google/inject/Scope
instanceKlass com/google/inject/spi/Message
instanceKlass com/google/inject/spi/Element
instanceKlass com/google/inject/spi/ModuleAnnotatedMethodScanner
instanceKlass com/google/inject/spi/Dependency
instanceKlass com/google/inject/TypeLiteral
instanceKlass com/google/inject/Key
instanceKlass com/google/inject/binder/AnnotatedBindingBuilder
instanceKlass com/google/inject/binder/LinkedBindingBuilder
instanceKlass com/google/inject/binder/ScopedBindingBuilder
instanceKlass com/google/inject/spi/ProvisionListener
instanceKlass com/google/inject/Binder
instanceKlass org/eclipse/sisu/bean/BeanScheduler
instanceKlass org/eclipse/sisu/plexus/DefaultPlexusBeanLocator
instanceKlass org/eclipse/sisu/plexus/RealmManager
instanceKlass org/codehaus/plexus/context/ContextMapAdapter
instanceKlass org/codehaus/plexus/context/DefaultContext
instanceKlass org/codehaus/plexus/logging/AbstractLogger
instanceKlass org/codehaus/plexus/logging/AbstractLoggerManager
instanceKlass java/util/Date
instanceKlass java/text/DigitList
instanceKlass java/text/FieldPosition
instanceKlass java/lang/StringUTF16$CharsSpliterator
instanceKlass java/util/stream/Sink$ChainedInt
instanceKlass java/util/OptionalInt
instanceKlass java/util/stream/Sink$OfInt
instanceKlass java/util/function/IntConsumer
instanceKlass java/util/function/IntPredicate
instanceKlass java/util/stream/IntStream
instanceKlass java/lang/StringLatin1$CharsSpliterator
instanceKlass java/util/Spliterator$OfInt
instanceKlass java/util/Spliterator$OfPrimitive
instanceKlass java/text/DecimalFormatSymbols
instanceKlass java/text/DateFormatSymbols
instanceKlass sun/util/calendar/CalendarUtils
instanceKlass sun/util/calendar/CalendarDate
instanceKlass sun/util/resources/Bundles$CacheKeyReference
instanceKlass java/util/ResourceBundle$ResourceBundleProviderHelper
instanceKlass sun/util/resources/Bundles$CacheKey
instanceKlass java/util/ResourceBundle$1
instanceKlass jdk/internal/access/JavaUtilResourceBundleAccess
instanceKlass sun/util/resources/Bundles
instanceKlass sun/util/resources/LocaleData$LocaleDataStrategy
instanceKlass sun/util/resources/Bundles$Strategy
instanceKlass sun/util/resources/LocaleData$1
instanceKlass sun/util/resources/LocaleData
instanceKlass sun/util/locale/provider/LocaleResources
instanceKlass java/util/ResourceBundle
instanceKlass java/util/ResourceBundle$Control
instanceKlass sun/util/locale/provider/CalendarDataUtility$CalendarWeekParameterGetter
instanceKlass sun/util/locale/provider/LocaleServiceProviderPool$LocalizedObjectGetter
instanceKlass sun/util/locale/provider/LocaleServiceProviderPool
instanceKlass java/util/Locale$Builder
instanceKlass sun/util/locale/provider/CalendarDataUtility
instanceKlass sun/util/calendar/CalendarSystem$GregorianHolder
instanceKlass sun/util/calendar/CalendarSystem
instanceKlass java/util/Calendar$Builder
instanceKlass sun/util/locale/provider/AvailableLanguageTags
instanceKlass java/util/ServiceLoader$ProviderImpl
instanceKlass java/util/ServiceLoader$Provider
instanceKlass java/util/ServiceLoader$1
instanceKlass sun/util/resources/cldr/provider/CLDRLocaleDataMetaInfo
instanceKlass jdk/internal/module/ModulePatcher$PatchedModuleReader
instanceKlass java/util/ServiceLoader$3
instanceKlass java/util/ServiceLoader$2
instanceKlass java/util/ServiceLoader$LazyClassPathLookupIterator
instanceKlass java/util/concurrent/CopyOnWriteArrayList$COWIterator
instanceKlass java/util/ServiceLoader$ModuleServicesLookupIterator
instanceKlass java/util/ServiceLoader
instanceKlass sun/util/locale/LocaleObjectCache
instanceKlass sun/util/locale/BaseLocale$Key
instanceKlass sun/util/locale/InternalLocaleBuilder$CaseInsensitiveChar
instanceKlass sun/util/locale/InternalLocaleBuilder
instanceKlass sun/util/locale/StringTokenIterator
instanceKlass sun/util/locale/ParseStatus
instanceKlass sun/util/locale/LanguageTag
instanceKlass sun/util/cldr/CLDRBaseLocaleDataMetaInfo
instanceKlass sun/util/locale/provider/LocaleDataMetaInfo
instanceKlass sun/util/locale/provider/ResourceBundleBasedAdapter
instanceKlass sun/util/locale/provider/LocaleProviderAdapter$1
instanceKlass sun/util/locale/provider/LocaleProviderAdapter
instanceKlass java/util/spi/LocaleServiceProvider
instanceKlass sun/util/calendar/ZoneInfoFile$ZoneOffsetTransitionRule
instanceKlass sun/util/calendar/ZoneInfoFile$1
instanceKlass sun/util/calendar/ZoneInfoFile
instanceKlass java/util/TimeZone
instanceKlass java/util/Calendar
instanceKlass java/text/AttributedCharacterIterator$Attribute
instanceKlass com/google/inject/matcher/AbstractMatcher
instanceKlass com/google/inject/matcher/Matcher
instanceKlass com/google/inject/spi/TypeConverter
instanceKlass org/codehaus/plexus/DefaultPlexusContainer$LoggerProvider
instanceKlass org/codehaus/plexus/DefaultPlexusContainer$DefaultsModule
instanceKlass org/codehaus/plexus/DefaultPlexusContainer$ContainerModule
instanceKlass java/util/concurrent/locks/ReentrantReadWriteLock$WriteLock
instanceKlass java/util/concurrent/locks/ReentrantReadWriteLock$ReadLock
instanceKlass java/util/concurrent/locks/ReentrantReadWriteLock
instanceKlass java/util/concurrent/locks/ReadWriteLock
instanceKlass org/eclipse/sisu/inject/ImplicitBindings
instanceKlass org/eclipse/sisu/inject/MildValues$InverseMapping
instanceKlass org/eclipse/sisu/inject/MildValues
instanceKlass org/eclipse/sisu/inject/Weak
instanceKlass sun/reflect/misc/ReflectUtil
instanceKlass java/util/concurrent/atomic/AtomicReferenceFieldUpdater$AtomicReferenceFieldUpdaterImpl$1
instanceKlass java/util/concurrent/atomic/AtomicReferenceFieldUpdater
instanceKlass org/eclipse/sisu/inject/RankedSequence$Content
instanceKlass org/eclipse/sisu/inject/RankedSequence
instanceKlass org/eclipse/sisu/inject/BindingSubscriber
instanceKlass org/eclipse/sisu/inject/DefaultBeanLocator
instanceKlass org/eclipse/sisu/inject/DeferredClass
instanceKlass org/codehaus/plexus/DefaultPlexusContainer$LoggerManagerProvider
instanceKlass org/eclipse/sisu/inject/DeferredProvider
instanceKlass com/google/inject/Provider
instanceKlass com/google/inject/AbstractModule
instanceKlass org/eclipse/sisu/inject/BindingPublisher
instanceKlass org/eclipse/sisu/inject/RankingFunction
instanceKlass org/codehaus/plexus/context/Context
instanceKlass org/eclipse/sisu/space/ClassSpace
instanceKlass javax/inject/Provider
instanceKlass org/eclipse/sisu/bean/BeanManager
instanceKlass org/eclipse/sisu/plexus/PlexusBeanLocator
instanceKlass org/codehaus/plexus/classworlds/ClassWorldListener
instanceKlass com/google/inject/Module
instanceKlass org/eclipse/sisu/inject/MutableBeanLocator
instanceKlass org/eclipse/sisu/inject/BeanLocator
instanceKlass org/codehaus/plexus/DefaultPlexusContainer
instanceKlass org/codehaus/plexus/MutablePlexusContainer
instanceKlass java/util/stream/ReduceOps$AccumulatingSink
instanceKlass java/util/stream/ReduceOps$Box
instanceKlass java/util/stream/ReduceOps$ReduceOp
instanceKlass java/util/stream/ReduceOps
instanceKlass java/util/function/BinaryOperator
instanceKlass java/util/stream/Collectors$CollectorImpl
instanceKlass java/util/stream/Collector
instanceKlass java/util/stream/Collectors
instanceKlass sun/invoke/util/VerifyAccess$1
instanceKlass java/util/HashMap$HashMapSpliterator
instanceKlass org/apache/maven/extension/internal/CoreExports
instanceKlass java/util/Collections$UnmodifiableCollection$1
instanceKlass org/codehaus/plexus/DefaultContainerConfiguration
instanceKlass org/codehaus/plexus/ContainerConfiguration
instanceKlass org/codehaus/plexus/util/BaseIOUtil
instanceKlass org/codehaus/plexus/util/xml/XMLWriter
instanceKlass org/codehaus/plexus/util/xml/Xpp3Dom
instanceKlass org/codehaus/plexus/util/xml/pull/MXParser
instanceKlass org/codehaus/plexus/util/xml/pull/XmlPullParser
instanceKlass org/codehaus/plexus/util/xml/Xpp3DomBuilder
instanceKlass java/util/regex/ASCII
instanceKlass org/codehaus/plexus/util/ReaderFactory
instanceKlass org/apache/maven/project/ExtensionDescriptor
instanceKlass org/apache/maven/project/ExtensionDescriptorBuilder
instanceKlass org/apache/maven/extension/internal/CoreExtensionEntry
instanceKlass org/apache/maven/cli/ResolveFile
instanceKlass java/util/StringTokenizer
instanceKlass org/codehaus/plexus/logging/Logger
instanceKlass org/apache/maven/cli/logging/Slf4jLoggerManager
instanceKlass org/slf4j/impl/MavenSlf4jSimpleFriend
instanceKlass org/slf4j/MavenSlf4jFriend
instanceKlass org/apache/maven/cli/logging/BaseSlf4jConfiguration
instanceKlass org/codehaus/plexus/util/PropertyUtils
instanceKlass org/apache/maven/cli/logging/Slf4jConfiguration
instanceKlass org/apache/maven/cli/logging/Slf4jConfigurationFactory
instanceKlass org/slf4j/impl/OutputChoice
instanceKlass sun/net/DefaultProgressMeteringPolicy
instanceKlass sun/net/ProgressMeteringPolicy
instanceKlass sun/net/ProgressMonitor
instanceKlass org/slf4j/impl/SimpleLoggerConfiguration$1
instanceKlass java/text/Format
instanceKlass org/slf4j/impl/SimpleLoggerConfiguration
instanceKlass org/slf4j/helpers/NamedLoggerBase
instanceKlass org/slf4j/impl/SimpleLoggerFactory
instanceKlass org/slf4j/impl/StaticLoggerBinder
instanceKlass org/slf4j/spi/LoggerFactoryBinder
instanceKlass java/util/Collections$3
instanceKlass java/net/URLClassLoader$3$1
instanceKlass java/net/URLClassLoader$3
instanceKlass jdk/internal/loader/URLClassPath$1
instanceKlass java/lang/CompoundEnumeration
instanceKlass jdk/internal/loader/BuiltinClassLoader$1
instanceKlass java/util/Collections$EmptyEnumeration
instanceKlass org/slf4j/helpers/Util
instanceKlass org/slf4j/helpers/NOPLoggerFactory
instanceKlass java/util/concurrent/LinkedBlockingQueue$Node
instanceKlass java/util/concurrent/locks/AbstractQueuedSynchronizer$ConditionObject
instanceKlass java/util/concurrent/locks/Condition
instanceKlass java/util/concurrent/BlockingQueue
instanceKlass org/slf4j/helpers/SubstituteLoggerFactory
instanceKlass org/slf4j/event/LoggingEvent
instanceKlass org/slf4j/ILoggerFactory
instanceKlass org/slf4j/LoggerFactory
instanceKlass java/util/LinkedList$ListItr
instanceKlass org/codehaus/plexus/util/StringUtils
instanceKlass org/apache/maven/cli/CLIReportingUtils
instanceKlass java/util/function/BiConsumer
instanceKlass org/codehaus/plexus/interpolation/SimpleRecursionInterceptor
instanceKlass org/codehaus/plexus/interpolation/AbstractValueSource
instanceKlass org/codehaus/plexus/interpolation/RecursionInterceptor
instanceKlass org/codehaus/plexus/interpolation/StringSearchInterpolator
instanceKlass org/codehaus/plexus/interpolation/Interpolator
instanceKlass org/codehaus/plexus/interpolation/BasicInterpolator
instanceKlass org/apache/maven/properties/internal/SystemProperties
instanceKlass java/util/Collections$SynchronizedCollection
instanceKlass java/util/Properties$EntrySet
instanceKlass java/util/Collections$UnmodifiableMap$UnmodifiableEntrySet$UnmodifiableEntry
instanceKlass java/util/Collections$UnmodifiableMap$UnmodifiableEntrySet$1
instanceKlass org/codehaus/plexus/util/Os
instanceKlass org/apache/maven/properties/internal/EnvironmentUtils
instanceKlass java/util/stream/Sink$ChainedReference
instanceKlass java/util/stream/FindOps$FindOp
instanceKlass java/util/stream/TerminalOp
instanceKlass java/util/stream/FindOps$FindSink
instanceKlass java/util/stream/TerminalSink
instanceKlass java/util/stream/Sink
instanceKlass java/util/stream/FindOps
instanceKlass java/util/function/Predicate
instanceKlass sun/reflect/annotation/AnnotationParser
instanceKlass java/lang/Class$3
instanceKlass java/util/EnumMap$1
instanceKlass java/util/stream/StreamOpFlag$MaskBuilder
instanceKlass java/util/stream/Stream
instanceKlass java/util/stream/BaseStream
instanceKlass java/util/stream/PipelineHelper
instanceKlass java/util/stream/StreamSupport
instanceKlass java/util/ArrayList$ArrayListSpliterator
instanceKlass java/util/Spliterator
instanceKlass java/util/LinkedList$Node
instanceKlass java/util/AbstractList$Itr
instanceKlass org/apache/commons/cli/DefaultParser
instanceKlass org/apache/commons/cli/Util
instanceKlass org/apache/commons/cli/CommandLine$Builder
instanceKlass org/apache/commons/cli/CommandLine
instanceKlass java/util/LinkedHashMap$LinkedHashIterator
instanceKlass java/util/function/Consumer
instanceKlass java/util/IdentityHashMap$IdentityHashMapIterator
instanceKlass org/apache/commons/cli/Parser
instanceKlass org/apache/maven/cli/CleanArgument
instanceKlass org/apache/commons/cli/OptionValidator
instanceKlass org/apache/commons/cli/Option$Builder
instanceKlass org/apache/commons/cli/Option
instanceKlass org/apache/commons/cli/Options
instanceKlass org/apache/commons/cli/CommandLineParser
instanceKlass org/apache/maven/cli/CLIManager
instanceKlass org/apache/maven/cli/logging/Slf4jStdoutLogger
instanceKlass sun/nio/fs/WindowsPath$1
instanceKlass sun/nio/fs/WindowsLinkSupport
instanceKlass org/eclipse/aether/DefaultRepositoryCache
instanceKlass org/apache/maven/project/ProjectBuildingRequest
instanceKlass org/apache/maven/execution/DefaultMavenExecutionRequest
instanceKlass org/apache/maven/execution/MavenExecutionRequest
instanceKlass java/lang/Shutdown$Lock
instanceKlass java/lang/Shutdown
instanceKlass java/lang/ApplicationShutdownHooks$1
instanceKlass java/lang/ApplicationShutdownHooks
instanceKlass java/util/regex/IntHashSet
instanceKlass java/util/regex/Matcher
instanceKlass java/util/regex/MatchResult
instanceKlass sun/net/www/protocol/jar/JarFileFactory
instanceKlass sun/net/www/protocol/jar/URLJarFile$URLJarFileCloseController
instanceKlass org/fusesource/jansi/io/AnsiOutputStream$ZeroWidthSupplier
instanceKlass jdk/internal/loader/NativeLibraries$Unloader
instanceKlass java/net/URLClassLoader$2
instanceKlass jdk/internal/jimage/ImageLocation
instanceKlass jdk/internal/jimage/decompressor/Decompressor
instanceKlass jdk/internal/jimage/ImageStringsReader
instanceKlass jdk/internal/jimage/ImageStrings
instanceKlass jdk/internal/jimage/ImageHeader
instanceKlass jdk/internal/jimage/NativeImageBuffer$1
instanceKlass jdk/internal/jimage/NativeImageBuffer
instanceKlass jdk/internal/jimage/BasicImageReader$1
instanceKlass jdk/internal/jimage/BasicImageReader
instanceKlass jdk/internal/jimage/ImageReader
instanceKlass jdk/internal/jimage/ImageReaderFactory$1
instanceKlass jdk/internal/jimage/ImageReaderFactory
instanceKlass jdk/internal/module/SystemModuleFinders$SystemImage
instanceKlass jdk/internal/module/SystemModuleFinders$SystemModuleReader
instanceKlass java/lang/module/ModuleReader
instanceKlass jdk/internal/loader/BuiltinClassLoader$5
instanceKlass jdk/internal/loader/BuiltinClassLoader$2
instanceKlass jdk/internal/module/Resources
instanceKlass org/fusesource/jansi/internal/OSInfo
instanceKlass org/fusesource/jansi/internal/JansiLoader$1
instanceKlass org/fusesource/jansi/internal/JansiLoader
instanceKlass org/fusesource/jansi/internal/CLibrary
instanceKlass java/lang/ProcessEnvironment$CheckedEntry
instanceKlass java/lang/ProcessEnvironment$CheckedEntrySet$1
instanceKlass java/lang/ProcessEnvironment$EntryComparator
instanceKlass java/lang/ProcessEnvironment$NameComparator
instanceKlass org/fusesource/jansi/io/AnsiProcessor
instanceKlass org/fusesource/jansi/io/AnsiOutputStream$WidthSupplier
instanceKlass org/fusesource/jansi/AnsiConsole
instanceKlass java/util/concurrent/Callable
instanceKlass org/fusesource/jansi/Ansi
instanceKlass org/apache/maven/shared/utils/logging/LoggerLevelRenderer
instanceKlass org/apache/maven/shared/utils/logging/MessageBuilder
instanceKlass org/apache/maven/shared/utils/logging/MessageUtils
instanceKlass java/util/regex/CharPredicates
instanceKlass java/util/regex/Pattern$BitClass
instanceKlass java/util/regex/Pattern$TreeInfo
instanceKlass java/util/regex/Pattern$BmpCharPredicate
instanceKlass java/util/regex/Pattern$CharPredicate
instanceKlass java/util/regex/Pattern$Node
instanceKlass java/util/regex/Pattern
instanceKlass org/apache/maven/cli/CliRequest
instanceKlass org/codehaus/plexus/interpolation/ValueSource
instanceKlass org/apache/maven/toolchain/building/ToolchainsBuildingRequest
instanceKlass org/apache/maven/building/Source
instanceKlass org/apache/maven/execution/ExecutionListener
instanceKlass org/eclipse/aether/transfer/TransferListener
instanceKlass org/slf4j/Logger
instanceKlass org/codehaus/plexus/logging/LoggerManager
instanceKlass org/apache/maven/eventspy/EventSpy$Context
instanceKlass org/codehaus/plexus/PlexusContainer
instanceKlass org/apache/maven/exception/ExceptionHandler
instanceKlass org/eclipse/aether/RepositoryCache
instanceKlass org/apache/maven/cli/MavenCli
instanceKlass java/io/FilePermissionCollection$1
instanceKlass java/util/function/BiFunction
instanceKlass java/security/Security$2
instanceKlass jdk/internal/access/JavaSecurityPropertiesAccess
instanceKlass java/util/concurrent/ConcurrentHashMap$MapEntry
instanceKlass java/io/FileInputStream$1
instanceKlass java/util/Properties$LineReader
instanceKlass java/security/Security$1
instanceKlass java/security/Security
instanceKlass sun/security/util/SecurityProperties
instanceKlass sun/security/util/FilePermCompat
instanceKlass java/io/FilePermission$1
instanceKlass jdk/internal/access/JavaIOFilePermissionAccess
instanceKlass sun/net/www/MessageHeader
instanceKlass java/net/URLConnection
instanceKlass java/util/TreeMap$Entry
instanceKlass java/net/URLClassLoader$1
instanceKlass java/util/TreeMap$PrivateEntryIterator
instanceKlass java/util/TimSort
instanceKlass java/util/Arrays$LegacyMergeSort
instanceKlass java/lang/invoke/LambdaFormBuffer
instanceKlass java/lang/invoke/LambdaFormEditor$TransformKey
instanceKlass java/lang/invoke/LambdaFormEditor
instanceKlass sun/invoke/util/Wrapper$1
instanceKlass java/lang/invoke/DelegatingMethodHandle$Holder
instanceKlass java/lang/invoke/DirectMethodHandle$2
instanceKlass java/lang/invoke/ClassSpecializer$Factory
instanceKlass java/lang/invoke/ClassSpecializer$SpeciesData
instanceKlass java/lang/invoke/ClassSpecializer$1
instanceKlass java/lang/invoke/ClassSpecializer
instanceKlass java/lang/invoke/InnerClassLambdaMetafactory$1
instanceKlass jdk/internal/org/objectweb/asm/ClassReader
instanceKlass java/lang/invoke/LambdaProxyClassArchive
instanceKlass java/lang/invoke/InfoFromMemberName
instanceKlass java/lang/invoke/MethodHandleInfo
instanceKlass jdk/internal/org/objectweb/asm/ConstantDynamic
instanceKlass jdk/internal/org/objectweb/asm/Handle
instanceKlass sun/security/action/GetBooleanAction
instanceKlass java/lang/invoke/AbstractValidatingLambdaMetafactory
instanceKlass java/lang/invoke/MethodHandleImpl$1
instanceKlass jdk/internal/access/JavaLangInvokeAccess
instanceKlass java/lang/invoke/Invokers$Holder
instanceKlass java/lang/invoke/BootstrapMethodInvoker
instanceKlass java/lang/invoke/MethodHandles$Lookup$ClassDefiner
instanceKlass java/lang/invoke/MethodHandles$Lookup$ClassFile
instanceKlass jdk/internal/org/objectweb/asm/Handler
instanceKlass jdk/internal/org/objectweb/asm/Attribute
instanceKlass jdk/internal/org/objectweb/asm/FieldVisitor
instanceKlass sun/invoke/empty/Empty
instanceKlass sun/invoke/util/VerifyType
instanceKlass java/lang/invoke/InvokerBytecodeGenerator$ClassData
instanceKlass jdk/internal/org/objectweb/asm/AnnotationVisitor
instanceKlass jdk/internal/org/objectweb/asm/Frame
instanceKlass jdk/internal/org/objectweb/asm/Label
instanceKlass jdk/internal/org/objectweb/asm/Type
instanceKlass jdk/internal/org/objectweb/asm/MethodVisitor
instanceKlass sun/invoke/util/BytecodeDescriptor
instanceKlass jdk/internal/org/objectweb/asm/ByteVector
instanceKlass jdk/internal/org/objectweb/asm/Symbol
instanceKlass jdk/internal/org/objectweb/asm/SymbolTable
instanceKlass jdk/internal/org/objectweb/asm/ClassVisitor
instanceKlass java/io/FilenameFilter
instanceKlass java/lang/invoke/InvokerBytecodeGenerator$2
instanceKlass java/lang/invoke/InvokerBytecodeGenerator
instanceKlass java/lang/invoke/LambdaForm$Holder
instanceKlass java/lang/invoke/LambdaForm$Name
instanceKlass java/lang/invoke/Invokers
instanceKlass java/lang/invoke/MethodHandleImpl
instanceKlass sun/invoke/util/ValueConversions
instanceKlass java/lang/invoke/DirectMethodHandle$Holder
instanceKlass java/lang/invoke/LambdaForm$NamedFunction
instanceKlass sun/invoke/util/Wrapper$Format
instanceKlass java/lang/invoke/MethodTypeForm
instanceKlass java/lang/invoke/MethodType$ConcurrentWeakInternSet
instanceKlass java/lang/invoke/LambdaMetafactory
instanceKlass java/util/ArrayList$Itr
instanceKlass org/codehaus/plexus/classworlds/strategy/AbstractStrategy
instanceKlass org/codehaus/plexus/classworlds/strategy/Strategy
instanceKlass org/codehaus/plexus/classworlds/strategy/StrategyFactory
instanceKlass java/util/NavigableMap
instanceKlass java/util/SortedMap
instanceKlass java/util/NavigableSet
instanceKlass java/util/SortedSet
instanceKlass sun/nio/ch/IOStatus
instanceKlass java/nio/DirectByteBuffer$Deallocator
instanceKlass sun/nio/ch/Util$BufferCache
instanceKlass sun/nio/ch/Util
instanceKlass sun/nio/ch/NativeThread
instanceKlass java/io/Reader
instanceKlass org/codehaus/plexus/classworlds/launcher/ConfigurationParser
instanceKlass org/codehaus/plexus/classworlds/launcher/Configurator
instanceKlass org/codehaus/plexus/classworlds/launcher/ConfigurationHandler
instanceKlass java/nio/channels/Channels
instanceKlass sun/nio/ch/FileChannelImpl$Closer
instanceKlass sun/nio/ch/NativeDispatcher
instanceKlass sun/nio/ch/NativeThreadSet
instanceKlass sun/nio/ch/IOUtil
instanceKlass java/nio/channels/spi/AbstractInterruptibleChannel
instanceKlass java/nio/channels/InterruptibleChannel
instanceKlass java/nio/channels/ScatteringByteChannel
instanceKlass java/nio/channels/GatheringByteChannel
instanceKlass java/nio/channels/SeekableByteChannel
instanceKlass java/nio/channels/ByteChannel
instanceKlass java/nio/channels/WritableByteChannel
instanceKlass java/nio/channels/ReadableByteChannel
instanceKlass java/nio/channels/Channel
instanceKlass java/util/Collections$EmptyIterator
instanceKlass sun/nio/fs/WindowsChannelFactory$Flags
instanceKlass sun/nio/fs/WindowsChannelFactory$1
instanceKlass sun/nio/fs/WindowsChannelFactory
instanceKlass sun/nio/fs/WindowsSecurityDescriptor
instanceKlass java/nio/file/attribute/FileAttribute
instanceKlass java/net/URI$Parser
instanceKlass java/nio/file/FileSystems$DefaultFileSystemHolder$1
instanceKlass java/nio/file/FileSystems$DefaultFileSystemHolder
instanceKlass java/nio/file/FileSystems
instanceKlass java/nio/file/Paths
instanceKlass java/lang/Void
instanceKlass java/lang/PublicMethods$Key
instanceKlass java/lang/PublicMethods$MethodList
instanceKlass org/codehaus/plexus/classworlds/ClassWorld
instanceKlass org/codehaus/plexus/classworlds/launcher/Launcher
instanceKlass java/security/SecureClassLoader$DebugHolder
instanceKlass java/security/PermissionCollection
instanceKlass java/security/SecureClassLoader$1
instanceKlass java/security/SecureClassLoader$CodeSourceKey
instanceKlass java/util/zip/Checksum$1
instanceKlass java/util/zip/CRC32
instanceKlass java/util/zip/Checksum
instanceKlass sun/nio/ByteBuffered
instanceKlass java/lang/Package$VersionInfo
instanceKlass java/lang/NamedPackage
instanceKlass java/util/jar/Attributes$Name
instanceKlass java/util/jar/Attributes
instanceKlass jdk/internal/loader/Resource
instanceKlass sun/security/action/GetIntegerAction
instanceKlass sun/security/util/Debug
instanceKlass sun/security/util/SignatureFileVerifier
instanceKlass java/util/zip/ZipFile$InflaterCleanupAction
instanceKlass java/util/zip/Inflater$InflaterZStreamRef
instanceKlass java/util/zip/Inflater
instanceKlass java/util/zip/ZipEntry
instanceKlass jdk/internal/util/jar/JarIndex
instanceKlass java/nio/Bits$1
instanceKlass jdk/internal/misc/VM$BufferPool
instanceKlass java/nio/Bits
instanceKlass sun/nio/ch/DirectBuffer
instanceKlass jdk/internal/perf/PerfCounter$CoreCounters
instanceKlass jdk/internal/perf/Perf
instanceKlass jdk/internal/perf/Perf$GetPerfAction
instanceKlass jdk/internal/perf/PerfCounter
instanceKlass java/nio/file/attribute/FileTime
instanceKlass java/util/zip/ZipUtils
instanceKlass java/util/zip/ZipFile$Source$End
instanceKlass java/io/RandomAccessFile$2
instanceKlass jdk/internal/access/JavaIORandomAccessFileAccess
instanceKlass java/io/RandomAccessFile
instanceKlass java/io/DataInput
instanceKlass java/io/DataOutput
instanceKlass sun/nio/fs/WindowsNativeDispatcher$CompletionStatus
instanceKlass sun/nio/fs/WindowsNativeDispatcher$AclInformation
instanceKlass sun/nio/fs/WindowsNativeDispatcher$Account
instanceKlass sun/nio/fs/WindowsNativeDispatcher$DiskFreeSpace
instanceKlass sun/nio/fs/WindowsNativeDispatcher$VolumeInformation
instanceKlass sun/nio/fs/WindowsNativeDispatcher$FirstStream
instanceKlass sun/nio/fs/WindowsNativeDispatcher$FirstFile
instanceKlass java/util/Enumeration
instanceKlass java/util/concurrent/ConcurrentHashMap$Traverser
instanceKlass java/util/concurrent/ConcurrentHashMap$CollectionView
instanceKlass jdk/internal/loader/NativeLibraries$NativeLibraryImpl
instanceKlass jdk/internal/loader/NativeLibrary
instanceKlass java/util/ArrayDeque$DeqIterator
instanceKlass jdk/internal/loader/NativeLibraries$1
instanceKlass jdk/internal/loader/NativeLibraries$LibraryPaths
instanceKlass sun/nio/fs/WindowsNativeDispatcher
instanceKlass sun/nio/fs/NativeBuffer$Deallocator
instanceKlass sun/nio/fs/NativeBuffer
instanceKlass java/lang/ThreadLocal$ThreadLocalMap
instanceKlass sun/nio/fs/NativeBuffers
instanceKlass sun/nio/fs/WindowsFileAttributes
instanceKlass java/nio/file/attribute/DosFileAttributes
instanceKlass sun/nio/fs/AbstractBasicFileAttributeView
instanceKlass sun/nio/fs/DynamicFileAttributeView
instanceKlass sun/nio/fs/WindowsFileAttributeViews
instanceKlass sun/nio/fs/Util
instanceKlass java/nio/file/attribute/BasicFileAttributeView
instanceKlass java/nio/file/attribute/FileAttributeView
instanceKlass java/nio/file/attribute/AttributeView
instanceKlass java/nio/file/Files
instanceKlass java/nio/file/CopyOption
instanceKlass java/nio/file/attribute/BasicFileAttributes
instanceKlass sun/nio/fs/WindowsPath
instanceKlass java/nio/file/Path
instanceKlass java/nio/file/Watchable
instanceKlass java/util/zip/ZipFile$Source$Key
instanceKlass sun/nio/fs/WindowsPathParser$Result
instanceKlass sun/nio/fs/WindowsPathParser
instanceKlass java/util/Collections$UnmodifiableCollection
instanceKlass java/util/Arrays$ArrayItr
instanceKlass java/nio/file/FileSystem
instanceKlass java/nio/file/OpenOption
instanceKlass java/nio/file/spi/FileSystemProvider
instanceKlass sun/nio/fs/DefaultFileSystemProvider
instanceKlass java/util/zip/ZipFile$Source
instanceKlass java/lang/ref/Cleaner$Cleanable
instanceKlass jdk/internal/ref/CleanerImpl
instanceKlass java/lang/ref/Cleaner$1
instanceKlass java/lang/ref/Cleaner
instanceKlass jdk/internal/ref/CleanerFactory$1
instanceKlass java/util/concurrent/ThreadFactory
instanceKlass jdk/internal/ref/CleanerFactory
instanceKlass java/util/zip/ZipCoder
instanceKlass java/util/zip/ZipFile$CleanableResource
instanceKlass java/lang/Runtime$Version
instanceKlass java/util/jar/JavaUtilJarAccessImpl
instanceKlass jdk/internal/access/JavaUtilJarAccess
instanceKlass jdk/internal/loader/FileURLMapper
instanceKlass jdk/internal/loader/URLClassPath$JarLoader$1
instanceKlass java/util/zip/ZipFile$1
instanceKlass jdk/internal/access/JavaUtilZipFileAccess
instanceKlass java/util/zip/ZipFile
instanceKlass java/util/zip/ZipConstants
instanceKlass jdk/internal/loader/URLClassPath$Loader
instanceKlass jdk/internal/loader/URLClassPath$3
instanceKlass java/security/PrivilegedExceptionAction
instanceKlass sun/util/locale/LocaleUtils
instanceKlass sun/util/locale/BaseLocale
instanceKlass java/util/Locale
instanceKlass sun/net/util/URLUtil
instanceKlass sun/launcher/LauncherHelper
instanceKlass java/lang/reflect/Array
instanceKlass java/lang/invoke/StringConcatFactory$3
instanceKlass java/lang/invoke/StringConcatFactory$2
instanceKlass java/lang/invoke/StringConcatFactory$1
instanceKlass java/lang/invoke/StringConcatFactory
instanceKlass java/lang/ModuleLayer$Controller
instanceKlass java/util/concurrent/CopyOnWriteArrayList
instanceKlass jdk/internal/module/ServicesCatalog$ServiceProvider
instanceKlass jdk/internal/loader/AbstractClassLoaderValue$Memoizer
instanceKlass java/util/ImmutableCollections$ListItr
instanceKlass java/util/ListIterator
instanceKlass java/lang/ModuleLayer
instanceKlass jdk/internal/module/ModuleLoaderMap$Modules
instanceKlass jdk/internal/module/ModuleLoaderMap$Mapper
instanceKlass java/util/function/Function
instanceKlass jdk/internal/module/ModuleLoaderMap
instanceKlass java/util/AbstractMap$1$1
instanceKlass java/lang/module/ResolvedModule
instanceKlass java/lang/module/Configuration
instanceKlass jdk/internal/loader/BuiltinClassLoader$LoadedModule
instanceKlass jdk/internal/loader/AbstractClassLoaderValue
instanceKlass jdk/internal/module/ServicesCatalog
instanceKlass jdk/internal/util/Preconditions
instanceKlass sun/net/util/IPAddressUtil
instanceKlass java/net/URLStreamHandler
instanceKlass java/util/HexFormat
instanceKlass sun/net/www/ParseUtil
instanceKlass java/net/URL$3
instanceKlass jdk/internal/access/JavaNetURLAccess
instanceKlass java/net/URL$DefaultFactory
instanceKlass java/net/URLStreamHandlerFactory
instanceKlass jdk/internal/loader/URLClassPath
instanceKlass java/security/Principal
instanceKlass java/security/ProtectionDomain$Key
instanceKlass java/security/ProtectionDomain$JavaSecurityAccessImpl
instanceKlass jdk/internal/access/JavaSecurityAccess
instanceKlass java/lang/ClassLoader$ParallelLoaders
instanceKlass java/security/cert/Certificate
instanceKlass jdk/internal/loader/ArchivedClassLoaders
instanceKlass java/util/Deque
instanceKlass java/util/Queue
instanceKlass jdk/internal/loader/ClassLoaderHelper
instanceKlass jdk/internal/loader/NativeLibraries
instanceKlass jdk/internal/loader/BootLoader
instanceKlass java/util/Optional
instanceKlass jdk/internal/module/SystemModuleFinders$SystemModuleFinder
instanceKlass java/lang/module/ModuleFinder
instanceKlass jdk/internal/module/SystemModuleFinders$3
instanceKlass jdk/internal/module/ModuleHashes$HashSupplier
instanceKlass jdk/internal/module/SystemModuleFinders$2
instanceKlass java/util/function/Supplier
instanceKlass java/lang/module/ModuleReference
instanceKlass jdk/internal/module/ModuleResolution
instanceKlass java/util/Collections$UnmodifiableMap
instanceKlass jdk/internal/module/ModuleHashes$Builder
instanceKlass jdk/internal/module/ModuleHashes
instanceKlass jdk/internal/module/ModuleTarget
instanceKlass java/util/ImmutableCollections$Set12$1
instanceKlass java/lang/Enum
instanceKlass java/lang/module/ModuleDescriptor$Version
instanceKlass java/lang/module/ModuleDescriptor$Provides
instanceKlass java/lang/module/ModuleDescriptor$Opens
instanceKlass java/util/ImmutableCollections$SetN$SetNIterator
instanceKlass java/lang/module/ModuleDescriptor$Exports
instanceKlass java/lang/module/ModuleDescriptor$Requires
instanceKlass jdk/internal/module/Builder
instanceKlass jdk/internal/module/SystemModules$default
instanceKlass jdk/internal/module/SystemModules
instanceKlass jdk/internal/module/SystemModulesMap
instanceKlass java/net/URI$1
instanceKlass jdk/internal/access/JavaNetUriAccess
instanceKlass java/net/URI
instanceKlass jdk/internal/module/SystemModuleFinders
instanceKlass jdk/internal/module/ArchivedModuleGraph
instanceKlass jdk/internal/module/ArchivedBootLayer
instanceKlass jdk/internal/module/ModuleBootstrap$Counters
instanceKlass jdk/internal/module/ModulePatcher
instanceKlass jdk/internal/util/ArraysSupport
instanceKlass java/io/FileSystem
instanceKlass java/io/DefaultFileSystem
instanceKlass java/io/File
instanceKlass java/lang/module/ModuleDescriptor$1
instanceKlass jdk/internal/access/JavaLangModuleAccess
instanceKlass sun/invoke/util/VerifyAccess
instanceKlass java/lang/module/ModuleDescriptor
instanceKlass jdk/internal/module/ModuleBootstrap
instanceKlass java/lang/invoke/MethodHandleStatics
instanceKlass java/util/Collections
instanceKlass sun/io/Win32ErrorMode
instanceKlass jdk/internal/misc/OSEnvironment
instanceKlass jdk/internal/misc/Signal$NativeHandler
instanceKlass java/util/Hashtable$Entry
instanceKlass jdk/internal/misc/Signal
instanceKlass java/lang/Terminator$1
instanceKlass jdk/internal/misc/Signal$Handler
instanceKlass java/lang/Terminator
instanceKlass java/nio/charset/CoderResult
instanceKlass java/lang/Readable
instanceKlass java/nio/ByteOrder
instanceKlass java/nio/Buffer$1
instanceKlass jdk/internal/access/JavaNioAccess
instanceKlass jdk/internal/misc/ScopedMemoryAccess
instanceKlass sun/nio/cs/GBK$EncodeHolder
instanceKlass java/nio/charset/CharsetEncoder
instanceKlass sun/nio/cs/ArrayEncoder
instanceKlass sun/security/action/GetPropertyAction
instanceKlass java/io/Writer
instanceKlass java/io/OutputStream
instanceKlass java/io/Flushable
instanceKlass java/io/FileDescriptor$1
instanceKlass jdk/internal/access/JavaIOFileDescriptorAccess
instanceKlass java/io/FileDescriptor
instanceKlass jdk/internal/util/StaticProperty
instanceKlass java/util/HashMap$HashIterator
instanceKlass java/lang/Integer$IntegerCache
instanceKlass java/lang/CharacterData
instanceKlass java/lang/VersionProps
instanceKlass java/lang/StringConcatHelper
instanceKlass java/lang/StringCoding
instanceKlass java/nio/charset/CodingErrorAction
instanceKlass java/lang/StringUTF16
instanceKlass sun/nio/cs/DoubleByte
instanceKlass sun/nio/cs/GBK$DecodeHolder
instanceKlass java/nio/charset/CharsetDecoder
instanceKlass sun/nio/cs/ArrayDecoder
instanceKlass sun/nio/cs/DelegatableDecoder
instanceKlass java/lang/reflect/Modifier
instanceKlass java/lang/Class$1
instanceKlass java/lang/Class$Atomic
instanceKlass java/lang/Class$ReflectionData
instanceKlass java/nio/charset/StandardCharsets
instanceKlass sun/nio/cs/HistoricallyNamedCharset
instanceKlass java/util/Arrays
instanceKlass java/lang/ThreadLocal
instanceKlass java/nio/charset/spi/CharsetProvider
instanceKlass java/nio/charset/Charset
instanceKlass jdk/internal/misc/VM
instanceKlass jdk/internal/util/SystemProps$Raw
instanceKlass jdk/internal/util/SystemProps
instanceKlass java/lang/System$2
instanceKlass jdk/internal/access/JavaLangAccess
instanceKlass java/lang/ref/Reference$1
instanceKlass jdk/internal/access/JavaLangRefAccess
instanceKlass java/lang/ref/ReferenceQueue$Lock
instanceKlass java/lang/ref/ReferenceQueue
instanceKlass jdk/internal/reflect/ReflectionFactory
instanceKlass jdk/internal/reflect/ReflectionFactory$GetReflectionFactoryAction
instanceKlass java/security/PrivilegedAction
instanceKlass java/util/concurrent/locks/LockSupport
instanceKlass java/util/concurrent/ConcurrentHashMap$Node
instanceKlass java/util/concurrent/ConcurrentHashMap$CounterCell
instanceKlass java/util/concurrent/locks/ReentrantLock
instanceKlass java/util/concurrent/locks/Lock
instanceKlass java/lang/Runtime
instanceKlass java/util/HashMap$Node
instanceKlass java/util/KeyValueHolder
instanceKlass java/util/Map$Entry
instanceKlass java/util/ImmutableCollections$MapN$MapNIterator
instanceKlass java/lang/Math
instanceKlass jdk/internal/reflect/Reflection
instanceKlass java/lang/invoke/MethodHandles$Lookup
instanceKlass java/lang/StringLatin1
instanceKlass java/security/Permission
instanceKlass java/security/Guard
instanceKlass java/lang/invoke/MemberName$Factory
instanceKlass java/lang/invoke/MethodHandles
instanceKlass jdk/internal/access/SharedSecrets
instanceKlass java/lang/reflect/ReflectAccess
instanceKlass jdk/internal/access/JavaLangReflectAccess
instanceKlass java/util/ImmutableCollections
instanceKlass java/util/Objects
instanceKlass java/util/Set
instanceKlass jdk/internal/misc/CDS
instanceKlass java/lang/Module$ArchivedData
instanceKlass java/lang/String$CaseInsensitiveComparator
instanceKlass java/util/Comparator
instanceKlass java/io/ObjectStreamField
instanceKlass jdk/internal/vm/vector/VectorSupport$VectorPayload
instanceKlass jdk/internal/vm/vector/VectorSupport
instanceKlass java/lang/reflect/RecordComponent
instanceKlass java/util/Iterator
instanceKlass java/lang/Number
instanceKlass java/lang/Character
instanceKlass java/lang/Boolean
instanceKlass java/util/concurrent/locks/AbstractOwnableSynchronizer
instanceKlass java/lang/LiveStackFrame
instanceKlass java/lang/StackFrameInfo
instanceKlass java/lang/StackWalker$StackFrame
instanceKlass java/lang/StackStreamFactory$AbstractStackWalker
instanceKlass java/lang/StackWalker
instanceKlass java/nio/Buffer
instanceKlass java/lang/StackTraceElement
instanceKlass java/util/RandomAccess
instanceKlass java/util/List
instanceKlass java/util/AbstractCollection
instanceKlass java/util/Collection
instanceKlass java/lang/Iterable
instanceKlass java/util/concurrent/ConcurrentMap
instanceKlass java/util/AbstractMap
instanceKlass java/security/CodeSource
instanceKlass jdk/internal/loader/ClassLoaders
instanceKlass java/util/jar/Manifest
instanceKlass java/net/URL
instanceKlass java/io/InputStream
instanceKlass java/io/Closeable
instanceKlass java/lang/AutoCloseable
instanceKlass jdk/internal/module/Modules
instanceKlass jdk/internal/misc/Unsafe
instanceKlass jdk/internal/misc/UnsafeConstants
instanceKlass java/lang/AbstractStringBuilder
instanceKlass java/lang/Appendable
instanceKlass java/lang/AssertionStatusDirectives
instanceKlass java/lang/invoke/MethodHandleNatives$CallSiteContext
instanceKlass jdk/internal/invoke/NativeEntryPoint
instanceKlass java/lang/invoke/CallSite
instanceKlass java/lang/invoke/MethodType
instanceKlass java/lang/invoke/TypeDescriptor$OfMethod
instanceKlass java/lang/invoke/LambdaForm
instanceKlass java/lang/invoke/MethodHandleNatives
instanceKlass java/lang/invoke/ResolvedMethodName
instanceKlass java/lang/invoke/MemberName
instanceKlass java/lang/invoke/VarHandle
instanceKlass java/lang/invoke/MethodHandle
instanceKlass jdk/internal/reflect/CallerSensitive
instanceKlass java/lang/annotation/Annotation
instanceKlass jdk/internal/reflect/FieldAccessor
instanceKlass jdk/internal/reflect/ConstantPool
instanceKlass jdk/internal/reflect/ConstructorAccessor
instanceKlass jdk/internal/reflect/MethodAccessor
instanceKlass jdk/internal/reflect/MagicAccessorImpl
instanceKlass java/lang/reflect/Parameter
instanceKlass java/lang/reflect/Member
instanceKlass java/lang/reflect/AccessibleObject
instanceKlass java/lang/Module
instanceKlass java/util/Map
instanceKlass java/util/Dictionary
instanceKlass java/lang/ThreadGroup
instanceKlass java/lang/Thread$UncaughtExceptionHandler
instanceKlass java/lang/Thread
instanceKlass java/lang/Runnable
instanceKlass java/lang/ref/Reference
instanceKlass java/lang/Record
instanceKlass java/security/AccessController
instanceKlass java/security/AccessControlContext
instanceKlass java/security/ProtectionDomain
instanceKlass java/lang/SecurityManager
instanceKlass java/lang/Throwable
instanceKlass java/lang/System
instanceKlass java/lang/ClassLoader
instanceKlass java/lang/Cloneable
instanceKlass java/lang/Class
instanceKlass java/lang/invoke/TypeDescriptor$OfField
instanceKlass java/lang/invoke/TypeDescriptor
instanceKlass java/lang/reflect/Type
instanceKlass java/lang/reflect/GenericDeclaration
instanceKlass java/lang/reflect/AnnotatedElement
instanceKlass java/lang/String
instanceKlass java/lang/constant/ConstantDesc
instanceKlass java/lang/constant/Constable
instanceKlass java/lang/CharSequence
instanceKlass java/lang/Comparable
instanceKlass java/io/Serializable
ciInstanceKlass java/lang/Object 1 1 92 7 1 10 12 1 1 10 7 12 1 1 1 10 7 12 1 1 1 10 12 1 1 8 1 10 12 1 1 10 7 12 1 1 1 10 12 1 10 12 1 1 100 1 8 1 10 12 1 3 8 1 100 1 5 0 1 1 1 1 1 1 1 1 1 1 1 1 1 1 1 1 7 1 1 1 7 1 1 1 1 1 1 1 7 1 1 1 1 1 1 1
ciMethod java/lang/Object equals (Ljava/lang/Object;)Z 514 0 6941 0 -1
ciMethod java/lang/Object hashCode ()I 256 0 128 0 -1
ciMethod java/lang/Object clone ()Ljava/lang/Object; 256 0 128 0 -1
ciInstanceKlass java/lang/Class 1 1 1600 10 7 12 1 1 1 9 7 12 1 1 1 9 12 1 1 7 1 10 10 12 1 1 8 1 10 12 1 8 1 8 1 10 12 1 1 10 12 1 1 10 12 1 10 10 12 1 10 12 1 1 10 12 1 1 10 7 12 1 1 10 12 1 10 12 1 10 12 1 8 1 10 12 1 8 1 10 12 1 8 1 8 1 10 12 1 1 10 100 12 1 1 1 18 12 1 1 11 100 12 1 1 1 8 1 8 1 8 1 10 100 12 1 1 1 11 12 1 1 7 1 8 1 10 12 1 11 100 12 1 1 1 10 12 1 1 11 8 1 18 8 1 10 12 1 10 7 12 1 1 10 7 12 1 1 1 10 12 1 1 10 7 12 1 1 1 9 100 12 1 1 1 10 100 12 1 1 1 10 7 12 1 1 1 10 12 1 1 18 12 1 1 10 7 12 1 1 1 10 7 12 1 1 10 12 1 1 10 7 1 100 1 10 12 1 1 9 12 1 1 100 1 8 1 10 12 1 10 12 1 1 10 12 1 1 10 7 12 1 1 1 7 1 10 12 1 7 1 100 1 10 10 12 1 1 10 12 1 1 100 1 10 100 12 1 1 1 10 12 1 1 10 12 1 1 9 12 1 1 10 12 1 10 12 1 10 12 1 1 9 12 1 1 9 12 1 1 10 12 1 1 10 7 1 10 12 1 10 12 1 10 12 1 1 10 9 12 1 10 12 1 8 1 10 12 1 1 10 12 1 1 10 12 1 10 12 1 1 10 12 1 1 10 12 1 1 9 7 12 1 1 1 10 7 12 1 1 10 12 10 12 1 10 12 1 1 10 100 12 1 1 10 12 1 10 12 1 1 10 100 12 1 1 1 10 12 1 10 12 1 1 10 12 1 10 12 1 10 12 1 1 10 7 1 10 10 10 12 1 1 10 12 1 1 10 12 10 12 1 1 100 1 8 1 10 10 12 1 1 10 12 1 100 1 11 12 1 10 100 12 1 1 10 12 1 10 12 1 10 100 12 1 1 10 10 12 1 1 8 1 10 12 1 10 12 1 1 8 1 9 12 1 10 12 1 10 12 1 10 12 1 10 12 100 1 9 12 1 10 12 1 9 12 1 10 12 1 10 12 1 10 12 1 10 10 12 1 10 12 1 10 12 1 10 12 1 10 12 1 10 12 1 100 1 10 12 1 10 12 1 1 10 12 1 1 10 12 1 1 10 12 1 1 10 12 1 1 10 12 1 1 100 1 10 10 12 1 1 10 12 1 1 10 12 1 1 10 10 12 1 10 12 1 1 10 12 1 1 10 12 1 1 10 12 1 1 7 1 10 10 12 11 100 12 1 1 10 12 1 1 10 12 1 10 100 12 1 1 1 10 12 1 1 10 10 12 1 1 100 1 10 10 12 1 1 10 100 12 1 1 1 100 1 100 1 10 12 1 1 10 12 1 10 10 12 1 1 10 12 1 10 12 1 10 12 1 10 100 12 1 1 1 11 7 12 1 1 10 12 1 10 12 1 9 12 1 10 12 1 1 10 12 1 9 100 12 1 1 1 9 12 1 10 100 12 1 1 1 10 12 1 10 12 1 10 100 12 1 1 1 10 12 1 10 12 10 12 1 1 100 1 10 8 1 10 12 1 11 11 12 1 1 11 7 12 1 1 11 12 1 8 1 10 12 1 10 12 1 1 9 12 1 9 12 1 1 10 7 12 1 1 9 12 1 10 12 1 1 10 10 12 1 10 7 12 1 1 1 10 7 12 1 1 10 7 12 1 1 9 12 1 1 10 12 1 9 12 1 10 12 1 10 12 1 1 9 12 1 1 9 12 1 10 12 1 10 12 1 1 9 12 1 100 1 10 10 12 1 1 7 1 10 12 1 1 100 11 100 1 9 12 1 1 9 12 1 100 1 10 12 1 9 12 1 1 9 12 1 10 12 1 10 12 1 1 9 12 1 7 1 10 10 12 1 1 10 10 12 1 1 10 12 10 10 12 1 9 12 1 10 12 1 1 10 7 12 1 1 1 10 12 1 1 10 12 1 8 10 7 8 1 18 8 1 8 1 10 12 1 9 12 1 9 12 1 1 10 12 1 7 1 100 1 10 12 1 9 12 1 1 7 1 10 10 12 1 10 7 1 9 12 1 8 1 10 12 1 7 1 10 12 1 10 12 1 1 9 12 1 100 1 8 1 10 7 1 4 10 10 12 11 7 12 1 1 1 10 12 1 100 1 10 12 1 1 10 8 1 8 1 10 12 1 1 9 7 12 1 1 11 12 7 1 11 7 12 1 1 9 12 1 10 100 12 1 1 1 10 7 12 1 1 10 12 1 1 9 12 1 9 10 12 1 1 10 12 1 1 10 12 1 1 10 12 1 1 10 12 1 1 11 12 1 7 1 11 12 1 10 7 12 1 1 1 10 12 1 7 1 11 12 1 10 100 12 1 1 1 10 12 1 10 11 12 1 11 12 1 1 10 12 1 10 12 1 1 9 12 1 1 9 7 12 1 1 10 12 1 10 7 12 1 1 1 10 12 1 1 10 12 1 10 12 1 10 12 1 10 7 12 1 1 1 10 12 1 8 1 10 12 1 10 12 1 10 12 1 10 100 12 1 1 1 11 100 12 1 1 1 10 12 1 1 10 12 1 18 12 1 1 11 12 1 1 18 11 12 1 18 12 1 11 12 1 10 12 1 1 10 12 1 10 12 1 10 12 10 12 1 8 1 10 12 1 7 1 9 12 1 1 100 1 100 1 100 1 100 1 100 1 1 1 3 1 3 1 3 1 1 1 1 1 1 1 5 0 1 1 1 1 1 1 1 1 1 1 1 1 1 1 1 1 1 1 1 1 1 1 1 100 1 1 1 1 1 1 1 100 1 1 1 1 1 1 100 1 1 1 1 1 1 1 1 1 1 1 1 1 1 1 1 1 1 1 1 1 1 1 1 1 1 1 1 1 1 1 1 1 1 1 1 1 1 100 1 1 1 1 1 1 1 1 1 1 1 1 1 1 1 1 1 1 1 1 1 1 1 1 1 1 1 1 100 1 1 1 1 1 1 1 1 1 1 1 1 1 1 1 1 1 1 1 1 1 1 1 1 1 1 1 1 1 1 1 1 1 1 1 1 1 1 1 1 1 1 1 1 1 1 1 1 1 1 1 1 1 100 1 100 1 1 1 1 1 1 1 100 1 1 1 1 1 1 1 1 1 1 1 1 1 1 1 1 1 1 1 1 1 1 1 1 1 1 1 1 1 1 1 1 1 1 1 1 1 1 1 1 1 1 1 1 1 1 1 1 1 1 1 1 1 1 1 100 1 1 1 1 1 1 1 1 1 1 1 1 1 1 1 1 1 1 1 1 1 1 1 1 1 1 1 1 1 1 1 1 1 1 1 1 1 1 1 1 1 1 1 1 1 1 1 1 1 1 1 1 1 1 1 1 1 1 1 1 1 1 1 1 1 1 1 1 15 10 100 12 1 1 1 16 15 10 12 16 15 11 12 16 1 16 15 16 15 10 12 16 16 15 10 12 16 15 16 1 15 10 12 16 1 1 1 1 1 1 1 1 1 100 1 1 100 1 100 1 1 100 1 100 1 1
staticfield java/lang/Class EMPTY_CLASS_ARRAY [Ljava/lang/Class; 0 [Ljava/lang/Class;
staticfield java/lang/Class serialPersistentFields [Ljava/io/ObjectStreamField; 0 [Ljava/io/ObjectStreamField;
ciInstanceKlass java/io/Serializable 1 0 7 100 1 100 1 1 1
instanceKlass jdk/internal/vm/vector/VectorSupport$VectorShuffle
instanceKlass jdk/internal/vm/vector/VectorSupport$VectorMask
instanceKlass jdk/internal/vm/vector/VectorSupport$Vector
ciInstanceKlass jdk/internal/vm/vector/VectorSupport$VectorPayload 0 0 32 10 100 12 1 1 1 9 100 12 1 1 1 10 100 12 1 1 1 1 1 1 1 1 1 1 1 1 1 1 1 1
ciInstanceKlass jdk/internal/vm/vector/VectorSupport$VectorShuffle 0 0 28 10 100 12 1 1 1 100 1 1 1 1 1 1 1 1 1 1 1 1 1 1 1 100 1 1 1 1
ciInstanceKlass jdk/internal/vm/vector/VectorSupport$VectorMask 0 0 28 10 100 12 1 1 1 100 1 1 1 1 1 1 1 1 1 1 1 1 1 1 1 100 1 1 1 1
ciInstanceKlass jdk/internal/vm/vector/VectorSupport$Vector 0 0 28 10 100 12 1 1 1 100 1 1 1 1 1 1 1 1 1 1 1 1 1 1 1 100 1 1 1 1
ciInstanceKlass jdk/internal/vm/vector/VectorSupport 0 0 487 100 1 10 100 12 1 1 1 9 12 1 1 10 12 1 1 100 1 10 12 1 11 100 12 1 1 1 11 100 12 1 1 1 11 100 12 1 1 11 100 12 1 1 1 11 100 1 100 1 10 12 1 1 11 100 12 1 1 11 100 12 1 1 100 1 11 100 12 1 1 11 100 12 1 1 11 100 12 1 1 1 11 100 12 1 1 1 11 100 12 1 1 1 11 100 12 1 1 1 100 1 10 12 1 1 11 100 12 1 1 100 1 11 100 12 1 1 11 100 12 1 1 11 100 12 1 1 11 100 1 100 1 9 12 1 1 10 100 12 1 1 11 100 12 1 1 10 12 1 1 10 100 12 1 1 1 10 12 1 10 12 1 1 10 12 1 1 1 1 1 3 1 3 1 3 1 3 1 3 1 3 1 3 1 3 1 3 1 3 1 3 1 3 1 3 1 3 1 3 1 3 1 3 1 3 1 3 1 3 1 3 1 3 1 3 1 3 1 3 1 3 1 3 1 3 1 3 1 3 1 3 1 3 1 3 1 3 1 3 1 3 1 3 1 3 1 3 1 1 1 1 1 3 1 1 1 1 1 1 3 1 1 1 1 1 1 1 1 1 1 1 1 1 1 1 1 1 1 1 1 1 1 1 1 1 1 1 1 1 1 1 1 1 1 1 1 1 1 1 1 1 1 1 1 1 1 1 1 1 1 1 1 1 1 1 1 1 1 1 1 1 1 1 1 1 1 1 1 1 1 1 1 1 1 1 1 1 1 1 1 1 1 1 1 1 1 1 1 1 1 1 1 1 1 1 1 1 1 1 1 1 1 1 1 1 1 1 1 1 1 1 1 1 1 1 1 1 1 1 1 1 1 1 1 1 1 1 1 1 1 1 1 1 1 1 1 1 1 1 1 1 1 1 1 1 1 1 1 1 1 1 1 1 1 1 1 1 1 1 1 1 1 1 1 1 1 1 1 1 1 1 1 1 1 1 1 1 1 1 1 1 1 1 1 1 1 1 1 1 1 1 1 1 1 1 1 1 1 1 100 1 100 1 1 1 1 1 1 1 1 1 1 1 1 1 1 1 1 1 1 1 1 1 1 1 1
ciInstanceKlass java/lang/reflect/RecordComponent 0 0 196 10 100 12 1 1 1 9 100 12 1 1 1 9 12 1 1 9 12 1 10 12 1 1 10 12 1 1 10 100 12 1 1 1 10 12 1 1 9 12 1 1 10 12 1 1 10 12 1 1 10 12 1 10 100 12 1 1 10 100 12 1 1 9 12 1 1 10 100 12 1 1 1 11 100 12 1 1 1 10 9 100 12 1 1 1 10 100 12 1 1 1 9 12 1 1 10 100 12 1 1 1 10 12 1 1 11 100 12 1 1 10 100 12 1 1 100 1 9 12 1 9 12 1 1 9 12 1 10 100 12 1 1 1 10 12 1 1 10 12 1 1 100 1 10 10 12 1 10 12 1 1 8 1 10 12 1 10 12 1 9 12 1 100 1 1 1 1 1 1 1 1 1 1 1 1 1 1 1 1 1 1 1 1 1 1 100 1 1 1 1 1 1 100 1 1
ciInstanceKlass java/util/Iterator 1 1 53 100 1 8 1 10 12 1 1 10 7 12 1 1 1 11 7 12 1 1 1 11 12 1 1 11 7 12 1 1 1 100 1 1 1 1 1 1 1 1 1 1 1 1 1 1 1 1 1 1 1 1 1
ciInstanceKlass java/lang/System 1 1 803 10 100 12 1 1 1 9 7 12 1 1 1 10 12 1 10 12 1 1 10 12 1 1 10 12 1 9 12 1 1 10 7 12 1 1 1 11 100 12 1 1 1 10 100 12 1 1 1 10 12 1 1 10 12 1 1 100 1 8 1 10 12 1 10 100 12 1 1 1 10 100 12 1 1 1 18 12 1 1 10 100 12 1 1 1 100 1 10 12 1 1 10 100 12 1 1 1 10 12 1 10 7 12 1 1 1 9 100 12 1 1 1 10 100 12 1 1 1 11 7 12 1 1 1 10 12 1 1 10 100 12 1 1 1 100 1 10 10 12 1 1 8 1 10 12 1 8 1 10 12 1 9 12 1 1 8 1 10 7 12 1 1 1 10 12 1 1 100 1 8 1 10 9 12 1 1 8 1 10 12 1 1 10 100 12 1 1 1 8 1 10 12 1 100 1 10 12 1 8 1 10 12 1 10 12 1 1 100 1 10 12 10 12 1 9 12 1 1 9 12 1 1 10 7 12 1 1 1 10 7 12 1 1 1 10 12 1 1 10 12 1 10 12 1 10 7 12 1 1 1 10 12 1 100 1 100 1 8 1 10 12 1 10 12 1 1 7 1 10 12 1 100 1 8 1 10 10 12 1 100 1 8 1 10 8 1 10 7 12 1 1 8 1 10 12 100 1 8 1 10 10 12 1 1 10 100 12 1 1 1 100 1 18 12 1 100 1 9 100 12 1 1 1 10 12 1 100 1 10 12 1 1 10 12 1 1 10 7 12 1 1 1 10 12 1 1 10 12 1 10 12 1 10 12 1 1 10 12 1 7 1 10 12 1 10 12 1 100 1 10 12 1 10 7 12 1 1 1 100 1 8 1 10 9 12 1 9 12 1 10 12 1 10 100 12 1 1 10 12 1 10 12 1 1 8 1 10 12 1 1 8 1 11 12 1 10 12 11 12 1 1 11 7 12 1 1 1 11 7 12 1 1 11 12 1 1 7 1 11 12 1 10 12 1 8 1 10 12 1 1 8 1 8 1 8 1 8 1 11 12 1 10 12 1 10 12 1 10 12 1 10 7 12 1 1 8 1 7 1 9 7 12 1 1 1 10 12 1 7 1 9 12 10 9 12 7 1 10 12 8 1 10 12 1 1 8 1 10 7 12 1 1 10 12 1 10 7 12 1 1 1 10 12 1 1 10 7 12 1 1 1 10 12 10 7 12 1 1 1 9 12 1 1 100 1 8 1 10 12 1 1 10 7 12 1 1 1 7 1 10 12 1 1 8 1 10 8 1 8 1 8 1 8 1 10 10 7 12 1 1 10 12 1 1 10 12 1 1 10 12 1 1 10 12 1 10 100 12 1 1 1 10 100 1 8 1 10 10 10 12 1 1 10 12 1 1 8 1 10 12 1 8 1 10 12 1 10 12 1 1 7 1 10 10 12 1 10 12 1 9 12 1 1 1 3 1 3 1 1 1 1 1 1 1 1 1 1 1 1 100 1 1 100 1 1 1 1 1 1 1 1 1 1 1 100 1 100 1 1 1 1 1 1 1 1 1 1 1 1 1 1 1 1 1 1 1 1 1 1 1 1 1 1 1 1 1 1 1 1 1 1 1 1 1 1 1 1 1 1 1 1 1 1 1 1 1 1 1 1 1 1 1 1 1 1 100 1 1 1 1 1 1 1 1 1 1 1 1 1 1 1 1 1 1 1 1 1 1 1 1 1 1 1 1 1 1 1 1 1 100 1 1 15 10 100 12 1 1 1 16 15 10 12 1 1 16 15 10 12 16 1 1 1 1 1 1 1 100 1 100 1 1
staticfield java/lang/System in Ljava/io/InputStream; java/io/BufferedInputStream
staticfield java/lang/System out Ljava/io/PrintStream; org/fusesource/jansi/AnsiPrintStream
staticfield java/lang/System err Ljava/io/PrintStream; org/fusesource/jansi/AnsiPrintStream
instanceKlass com/google/inject/internal/aop/ChildClassDefiner$ChildLoader
instanceKlass org/eclipse/sisu/space/CloningClassSpace$CloningClassLoader
instanceKlass jdk/internal/reflect/DelegatingClassLoader
instanceKlass java/security/SecureClassLoader
ciInstanceKlass java/lang/ClassLoader 1 1 1098 9 7 12 1 1 1 10 7 12 1 1 1 9 12 1 1 10 7 12 1 1 1 7 1 10 12 1 1 10 12 1 1 9 12 1 1 10 12 1 1 100 1 10 12 1 10 12 1 1 10 7 12 1 1 1 100 1 8 1 10 12 1 10 7 12 1 1 1 10 100 12 1 10 7 1 10 7 1 7 1 7 1 10 12 1 10 12 1 9 12 1 1 10 10 7 12 1 1 1 9 12 1 1 9 12 1 9 12 1 1 9 12 1 9 12 1 1 9 12 1 1 7 1 10 12 1 9 12 1 1 10 12 1 1 10 7 12 1 1 1 9 12 1 9 12 1 1 9 12 1 10 12 1 1 9 12 10 12 1 1 7 1 10 8 1 10 12 1 1 10 12 1 10 7 1 7 1 10 12 1 1 10 7 12 1 1 1 8 1 10 12 1 10 12 1 10 12 1 1 10 12 1 1 10 12 1 1 10 12 1 1 10 12 1 1 10 12 1 7 1 10 12 1 10 7 12 1 1 1 10 12 1 1 10 12 1 10 12 1 10 12 1 10 12 1 10 12 1 1 10 10 12 1 10 12 1 10 100 12 1 1 10 12 1 1 10 12 1 1 10 12 1 100 1 10 12 1 100 1 10 12 1 10 100 12 1 1 1 10 10 12 1 1 10 12 1 1 100 1 8 1 10 8 1 10 12 1 10 12 1 100 1 8 1 10 12 1 1 10 12 1 1 10 10 12 1 1 10 12 1 1 10 12 1 1 10 7 1 10 12 1 1 10 12 1 1 10 12 1 1 10 12 1 1 10 12 1 1 10 12 1 1 10 12 1 10 7 12 1 1 1 10 12 1 10 12 1 10 12 1 1 10 12 1 10 12 1 10 12 1 10 12 1 1 10 12 1 10 12 1 1 8 1 9 12 1 10 12 1 1 8 1 8 1 10 7 12 1 1 100 1 10 10 12 10 12 1 10 12 1 10 12 1 10 12 1 1 10 7 12 1 1 10 12 1 10 7 1 7 1 10 12 1 1 10 12 1 10 7 1 10 12 1 100 1 18 12 1 10 100 12 1 1 1 10 100 12 1 1 1 10 7 12 1 1 10 12 1 1 10 12 1 10 12 1 1 100 1 10 12 1 10 12 1 1 10 7 12 1 1 10 12 1 8 1 100 1 10 10 12 1 9 12 1 10 7 12 1 1 10 12 1 100 1 8 1 10 12 1 10 8 1 8 1 10 12 1 1 10 12 1 1 10 12 1 1 10 100 12 1 1 1 100 1 100 1 10 12 1 1 100 1 100 1 10 100 12 1 1 10 12 1 10 12 1 1 10 12 1 10 12 1 1 10 12 1 1 9 100 12 1 1 1 10 12 1 1 10 12 1 10 12 1 10 12 1 1 10 12 1 8 1 10 12 1 7 1 18 12 1 1 10 12 1 1 10 12 1 10 12 1 10 12 1 8 1 10 12 1 10 12 1 18 12 1 11 100 12 1 1 1 100 1 10 12 1 1 10 12 1 10 11 12 1 1 10 18 10 12 1 1 11 100 12 1 18 12 1 11 12 1 1 10 12 10 12 1 1 10 12 1 1 100 1 8 1 10 10 12 1 8 1 8 1 10 100 12 1 1 10 12 1 100 1 10 10 12 1 8 1 8 1 8 1 10 12 1 10 12 1 1 10 12 1 10 100 12 1 1 1 11 100 12 1 1 100 1 10 11 10 12 1 10 12 1 10 12 1 1 9 100 12 1 1 9 12 1 1 9 12 9 12 1 9 12 1 9 12 1 8 10 12 1 1 10 7 12 1 1 1 10 12 1 1 10 12 1 1 10 12 1 10 10 12 1 11 12 1 1 10 100 12 1 1 1 100 1 10 12 1 10 12 1 10 12 1 1 1 1 1 1 1 1 1 1 1 1 1 1 1 1 1 1 1 1 1 1 1 1 1 1 1 1 100 1 1 1 1 1 1 1 1 1 1 1 1 1 1 1 1 1 1 1 1 1 100 1 1 1 1 1 1 1 1 1 1 100 1 1 1 1 1 1 1 1 1 1 1 1 1 1 1 1 1 1 1 1 1 1 1 1 1 1 1 1 1 1 1 1 1 1 1 1 1 1 1 1 1 100 1 1 1 1 1 1 1 1 1 1 1 1 1 1 1 1 1 1 100 1 1 1 1 1 1 1 1 1 1 1 1 1 1 1 1 1 1 1 1 1 1 1 1 1 1 1 1 1 1 1 1 1 1 1 1 1 1 1 1 1 1 1 1 1 1 1 1 1 1 1 100 1 1 1 1 1 1 1 1 1 1 1 1 1 1 1 1 1 1 1 1 1 1 1 1 1 1 1 1 1 1 1 1 1 1 1 1 1 1 1 1 1 1 1 1 1 1 15 10 100 12 1 1 1 16 1 15 10 12 16 1 16 15 10 12 16 1 16 1 15 10 12 16 15 10 12 16 15 10 12 16 1 1 100 1 100 1 1
staticfield java/lang/ClassLoader nocerts [Ljava/security/cert/Certificate; 0 [Ljava/security/cert/Certificate;
staticfield java/lang/ClassLoader $assertionsDisabled Z 1
ciInstanceKlass jdk/internal/reflect/DelegatingClassLoader 1 1 18 10 7 12 1 1 1 100 1 1 1 1 1 1 1 1 1 1
instanceKlass java/net/URLClassLoader
instanceKlass jdk/internal/loader/BuiltinClassLoader
ciInstanceKlass java/security/SecureClassLoader 1 1 102 10 7 12 1 1 1 7 1 10 12 1 9 7 12 1 1 1 10 12 1 10 12 1 10 12 1 1 10 12 1 1 10 12 1 7 1 10 7 1 10 12 1 7 1 10 12 1 11 7 12 1 1 1 7 1 11 12 1 10 12 1 1 1 1 1 1 1 1 1 1 1 1 1 1 1 1 1 1 1 1 1 1 1 1 1 1 1 1 1 1 1 1 1 1 1 1 100 1 1 1 1
instanceKlass jdk/internal/loader/ClassLoaders$BootClassLoader
instanceKlass jdk/internal/loader/ClassLoaders$PlatformClassLoader
instanceKlass jdk/internal/loader/ClassLoaders$AppClassLoader
ciInstanceKlass jdk/internal/loader/BuiltinClassLoader 1 1 737 9 7 12 1 1 1 10 7 12 1 1 1 10 7 12 1 1 1 9 12 1 1 9 12 1 1 7 1 10 12 1 9 12 1 10 12 1 9 12 1 10 7 12 1 1 1 10 7 12 1 1 1 10 7 12 1 1 1 11 7 12 1 1 1 100 1 100 1 10 10 12 1 1 8 1 10 12 1 10 12 7 1 10 12 1 10 12 1 1 11 7 12 1 1 1 11 7 12 1 1 1 11 12 1 1 7 1 8 1 8 1 10 9 12 1 1 10 7 12 1 1 11 12 1 1 10 12 1 1 10 12 1 1 10 12 1 1 10 7 12 1 1 1 10 12 1 10 100 12 1 1 1 10 12 1 1 11 7 12 1 1 1 10 7 12 1 1 100 1 10 7 12 1 1 1 10 12 1 100 1 8 1 10 12 1 1 10 8 1 10 12 1 1 10 12 1 1 10 12 1 1 11 7 12 1 1 11 12 1 7 1 10 11 12 1 1 11 10 12 1 1 7 1 10 12 1 10 7 12 1 10 12 1 7 1 10 12 1 10 7 12 1 1 1 100 1 10 12 1 1 11 12 1 100 1 100 1 10 12 1 10 12 1 1 100 1 100 1 10 12 1 10 12 1 18 12 1 1 10 12 1 10 12 1 1 18 100 1 10 7 12 1 1 1 7 1 10 10 12 1 1 10 12 1 1 10 12 1 1 10 12 1 9 12 1 1 100 1 10 10 12 1 1 10 12 1 1 10 12 1 10 12 10 12 1 1 10 12 1 1 10 12 1 1 10 12 1 10 12 1 1 18 12 1 7 1 10 12 1 1 10 12 1 10 12 1 1 10 12 1 100 1 10 12 1 7 1 10 12 1 10 7 12 1 1 1 10 12 1 11 12 1 7 1 10 12 1 7 1 100 1 10 12 1 10 12 1 11 12 1 1 10 12 1 1 10 12 1 1 10 12 1 1 10 12 1 1 10 12 1 10 12 1 10 12 1 10 12 1 8 1 10 12 1 1 10 7 12 1 1 10 12 1 100 1 8 1 8 1 10 10 12 1 8 1 8 1 10 7 12 1 1 1 11 7 12 1 1 1 9 7 12 1 1 1 10 7 12 1 1 1 9 12 1 9 12 1 9 12 1 9 12 1 9 12 1 9 12 1 10 7 12 1 1 1 8 1 10 12 1 7 1 10 12 1 1 10 12 1 7 1 10 11 12 1 1 10 12 10 12 1 10 12 1 100 1 10 12 1 10 12 1 10 10 12 1 10 7 12 1 1 8 1 10 7 12 1 1 10 12 1 1 1 1 1 1 1 1 1 1 1 1 1 1 1 1 1 1 1 1 1 1 1 1 1 1 1 1 1 1 1 1 1 1 1 1 1 1 1 1 1 1 1 1 1 1 1 1 1 1 1 1 1 1 1 1 100 1 1 1 1 1 1 1 1 1 1 1 1 1 1 1 1 1 1 100 1 100 1 1 1 1 1 1 1 1 1 1 1 1 1 1 1 1 1 1 1 1 1 1 1 1 1 1 1 1 1 1 1 1 1 1 1 1 1 1 1 1 1 1 1 1 1 1 1 1 1 1 1 100 1 1 15 10 100 12 1 1 1 16 15 10 12 16 15 10 12 16 15 10 12 16 1 1 1 100 1 1 1 1 1 100 1 100 1 1
staticfield jdk/internal/loader/BuiltinClassLoader packageToModule Ljava/util/Map; java/util/concurrent/ConcurrentHashMap
staticfield jdk/internal/loader/BuiltinClassLoader $assertionsDisabled Z 1
ciInstanceKlass java/security/AccessController 1 1 295 10 100 12 1 1 1 10 7 12 1 1 1 10 7 12 1 1 1 10 12 1 1 10 12 1 1 10 7 12 1 1 1 10 12 1 1 10 12 1 10 12 1 1 10 12 1 100 1 8 1 10 12 1 10 12 1 10 12 1 1 10 12 1 7 1 7 1 10 12 1 1 10 12 1 10 12 1 10 12 1 1 10 7 12 1 1 1 10 12 1 1 9 100 12 1 1 1 10 100 12 1 1 1 10 12 1 10 12 1 9 100 12 1 1 1 10 12 1 10 12 1 1 9 12 1 1 10 100 1 10 11 7 12 1 1 1 10 7 12 1 1 11 7 1 100 1 10 12 1 10 12 1 10 12 1 8 1 10 12 1 1 8 1 10 100 12 1 1 1 8 1 100 1 10 10 12 1 1 10 12 1 10 7 12 1 1 1 10 12 1 8 1 10 100 12 1 1 8 1 8 1 10 12 1 8 1 10 12 1 10 12 1 1 10 12 1 1 1 1 1 1 1 1 1 1 1 1 1 1 1 1 1 1 1 1 1 1 1 1 1 1 1 1 100 1 1 1 1 1 1 1 1 1 1 1 1 1 1 1 1 1 1 1 1 1 1 1 1 1 1 1 1 1 1 1 1 1 1 100 1 100 1 1 1 1 1 1 1 1 1 3 1 1 1
staticfield java/security/AccessController $assertionsDisabled Z 1
instanceKlass jdk/internal/reflect/GeneratedConstructorAccessor7
instanceKlass jdk/internal/reflect/GeneratedConstructorAccessor6
instanceKlass jdk/internal/reflect/GeneratedConstructorAccessor5
instanceKlass jdk/internal/reflect/GeneratedConstructorAccessor4
instanceKlass jdk/internal/reflect/GeneratedConstructorAccessor3
instanceKlass jdk/internal/reflect/GeneratedConstructorAccessor2
instanceKlass jdk/internal/reflect/BootstrapConstructorAccessorImpl
instanceKlass jdk/internal/reflect/GeneratedConstructorAccessor1
instanceKlass jdk/internal/reflect/DelegatingConstructorAccessorImpl
instanceKlass jdk/internal/reflect/NativeConstructorAccessorImpl
ciInstanceKlass jdk/internal/reflect/ConstructorAccessorImpl 1 1 27 10 7 12 1 1 1 100 1 100 1 1 1 1 1 1 1 1 1 100 1 100 1 100 1 1 1
instanceKlass jdk/internal/reflect/FieldAccessorImpl
instanceKlass jdk/internal/reflect/ConstructorAccessorImpl
instanceKlass jdk/internal/reflect/MethodAccessorImpl
ciInstanceKlass jdk/internal/reflect/MagicAccessorImpl 1 1 16 10 7 12 1 1 1 100 1 1 1 1 1 1 1 1
instanceKlass jdk/internal/reflect/GeneratedMethodAccessor16
instanceKlass jdk/internal/reflect/GeneratedMethodAccessor15
instanceKlass jdk/internal/reflect/GeneratedMethodAccessor14
instanceKlass jdk/internal/reflect/GeneratedMethodAccessor13
instanceKlass jdk/internal/reflect/GeneratedMethodAccessor12
instanceKlass jdk/internal/reflect/GeneratedMethodAccessor11
instanceKlass jdk/internal/reflect/GeneratedMethodAccessor10
instanceKlass jdk/internal/reflect/GeneratedMethodAccessor9
instanceKlass jdk/internal/reflect/GeneratedMethodAccessor8
instanceKlass jdk/internal/reflect/GeneratedMethodAccessor7
instanceKlass jdk/internal/reflect/GeneratedMethodAccessor6
instanceKlass jdk/internal/reflect/GeneratedMethodAccessor5
instanceKlass jdk/internal/reflect/GeneratedMethodAccessor4
instanceKlass jdk/internal/reflect/GeneratedMethodAccessor3
instanceKlass jdk/internal/reflect/GeneratedMethodAccessor2
instanceKlass jdk/internal/reflect/GeneratedMethodAccessor1
instanceKlass jdk/internal/reflect/DelegatingMethodAccessorImpl
instanceKlass jdk/internal/reflect/NativeMethodAccessorImpl
ciInstanceKlass jdk/internal/reflect/MethodAccessorImpl 1 1 25 10 7 12 1 1 1 100 1 100 1 1 1 1 1 1 1 1 1 100 1 100 1 1 1
ciInstanceKlass java/lang/Module 1 1 959 10 7 12 1 1 1 9 7 12 1 1 1 10 7 12 1 1 1 9 12 1 9 12 1 1 9 12 1 1 10 12 1 1 10 12 1 10 12 1 1 10 7 12 1 1 1 7 1 10 7 12 1 1 1 10 12 1 1 11 7 12 1 1 1 10 12 1 1 10 7 12 1 1 1 10 12 1 1 10 7 12 1 1 1 9 100 12 1 1 1 10 100 12 1 1 1 10 12 1 8 1 10 7 12 1 1 1 10 7 12 1 1 1 9 12 1 1 9 12 1 1 10 12 1 9 12 1 1 11 12 1 9 7 12 1 1 10 7 12 1 1 1 10 100 12 1 1 1 10 12 1 1 100 1 100 1 10 10 12 1 1 8 1 10 12 1 10 12 10 12 1 10 12 1 1 10 12 1 1 10 12 1 1 9 7 12 1 1 1 10 12 1 1 10 12 1 1 9 12 1 10 12 1 10 12 1 9 12 1 1 11 7 12 1 1 10 12 1 1 9 12 1 9 12 1 10 12 1 10 12 1 100 1 8 1 10 10 12 1 1 10 12 1 8 1 10 12 1 1 8 1 8 1 10 12 1 1 10 12 1 10 12 1 1 18 12 1 1 10 12 1 1 11 12 1 9 12 1 11 12 10 100 12 1 1 100 1 8 1 10 7 1 11 12 1 1 10 12 1 10 12 1 10 12 1 1 11 12 1 1 11 7 12 1 1 11 12 1 1 9 12 1 11 12 1 10 12 1 1 10 12 1 1 9 12 1 10 12 10 7 12 1 1 10 7 12 1 1 10 7 1 18 12 1 1 11 100 12 1 1 1 18 12 1 11 12 1 1 10 100 12 1 1 1 11 12 1 1 10 7 12 1 1 4 7 1 11 12 1 7 1 7 1 10 10 7 12 1 1 1 10 11 7 12 1 8 1 10 10 12 1 1 10 7 12 1 1 10 12 1 10 12 1 7 1 10 12 1 10 11 12 1 1 10 12 10 12 1 1 9 12 1 100 1 10 10 12 1 1 11 100 1 10 12 1 1 11 12 1 10 10 12 1 11 10 12 1 1 10 12 1 1 10 12 1 1 10 7 12 1 1 10 12 1 10 12 1 1 10 10 12 1 1 10 12 1 18 12 1 11 12 1 18 12 1 10 12 1 10 12 1 10 12 7 1 10 12 1 10 12 1 10 12 1 9 12 1 7 1 10 10 10 10 12 1 10 12 1 10 12 1 10 12 1 1 10 12 1 1 10 12 1 9 12 1 18 12 1 1 10 100 12 1 1 1 100 1 8 1 10 12 1 1 10 12 1 1 10 100 12 1 1 100 1 10 12 1 1 100 1 8 1 100 1 10 100 1 100 1 3 10 12 1 100 1 10 12 1 10 12 1 1 10 12 1 1 100 1 10 12 1 10 12 1 1 100 1 100 1 10 12 8 1 10 12 1 1 10 12 1 1 10 100 12 1 1 10 12 1 1 10 12 1 10 12 10 12 1 1 100 1 10 10 12 1 1 10 100 12 1 1 1 100 1 8 1 10 12 1 1 10 100 12 1 1 8 1 10 12 1 8 1 10 12 1 10 12 10 12 1 8 1 10 10 100 12 1 1 7 1 10 10 12 1 10 7 12 1 1 9 12 1 9 12 1 9 12 1 9 12 1 10 12 11 12 1 10 12 1 100 1 1 1 1 1 1 1 1 1 1 1 1 1 1 1 1 100 1 1 1 1 1 1 1 1 1 1 1 1 1 1 1 1 1 1 1 1 1 1 1 1 1 1 1 1 1 1 1 1 1 1 1 1 1 1 1 1 1 1 1 1 1 1 1 1 1 1 1 1 1 1 1 1 1 1 1 1 1 1 1 1 1 1 1 1 1 1 1 1 1 1 1 1 1 1 1 1 1 1 1 100 100 1 1 1 1 1 1 1 1 1 1 1 1 1 1 1 1 1 1 1 1 1 1 1 1 1 1 1 1 1 1 1 1 1 1 100 1 100 1 100 1 1 1 1 1 1 1 1 1 1 1 1 1 1 1 1 1 1 1 1 1 1 1 1 1 1 1 1 15 10 7 12 1 1 1 16 15 10 12 16 16 15 10 12 16 16 15 10 16 1 15 10 12 16 1 15 10 12 16 1 16 15 10 12 16 1 1 1 1 1 1 1 100 1 100 1 1
staticfield java/lang/Module ALL_UNNAMED_MODULE Ljava/lang/Module; java/lang/Module
staticfield java/lang/Module ALL_UNNAMED_MODULE_SET Ljava/util/Set; java/util/ImmutableCollections$Set12
staticfield java/lang/Module EVERYONE_MODULE Ljava/lang/Module; java/lang/Module
staticfield java/lang/Module EVERYONE_SET Ljava/util/Set; java/util/ImmutableCollections$Set12
staticfield java/lang/Module $assertionsDisabled Z 1
instanceKlass org/netbeans/shaded/json/simple/JSONArray
instanceKlass org/apache/maven/artifact/versioning/ComparableVersion$ListItem
instanceKlass org/eclipse/sisu/bean/BeanScheduler$Pending
ciInstanceKlass java/util/ArrayList 1 1 492 10 7 12 1 1 1 7 1 9 7 12 1 1 1 9 12 1 100 1 100 1 10 8 1 10 12 1 1 10 12 1 10 12 1 1 10 12 1 9 12 1 11 7 12 1 1 1 9 12 1 1 10 12 1 1 7 10 7 12 1 1 1 9 12 1 10 12 1 10 12 1 1 10 7 12 1 1 1 10 7 12 1 1 1 10 12 1 1 10 12 1 1 10 12 1 1 10 12 1 10 12 1 1 100 1 100 1 10 12 1 10 7 12 1 1 1 10 7 12 1 1 10 12 1 10 12 10 12 1 1 10 12 1 1 10 12 1 1 7 1 10 12 1 1 10 12 1 1 10 12 1 100 1 10 11 12 1 1 11 100 12 1 1 1 11 12 1 10 12 1 10 12 1 10 12 1 1 100 1 10 12 1 1 10 10 12 1 1 10 12 1 8 1 8 1 8 1 8 1 10 12 1 1 10 12 1 1 11 12 1 100 1 10 100 12 1 1 10 12 1 10 12 1 1 10 100 12 1 1 10 12 1 10 100 12 1 1 1 11 100 12 1 1 1 10 12 1 100 1 8 1 10 7 1 10 12 1 7 1 10 12 1 10 12 1 1 7 1 10 12 1 10 12 1 1 11 7 12 1 1 7 1 10 12 1 10 12 1 1 11 7 12 1 1 10 12 1 1 10 12 1 1 10 12 1 1 10 12 1 1 11 100 12 1 1 10 12 1 1 100 1 100 1 100 1 1 1 1 5 0 1 3 1 1 1 1 1 1 1 1 1 1 1 1 1 1 1 1 1 1 1 1 1 1 1 1 1 1 1 1 1 1 1 1 1 1 1 1 1 1 1 1 1 1 1 1 1 1 1 1 1 1 1 1 1 1 1 1 1 1 1 1 1 1 1 1 1 1 1 1 1 1 1 1 1 1 1 1 1 1 1 1 1 1 1 1 1 1 1 1 1 1 1 1 1 1 1 1 100 1 1 1 1 100 1 1 1 1 1 1 1 1 1 1 1 1 1 1 1 1 1 1 1 1 1 1 1 1 1 1 1 1 1 100 1 1 1 1 1 1 1 1 1 1 1 1 1 1 1 1 1 1 100 1 100 1 1 1 1 1 1
staticfield java/util/ArrayList EMPTY_ELEMENTDATA [Ljava/lang/Object; 0 [Ljava/lang/Object;
staticfield java/util/ArrayList DEFAULTCAPACITY_EMPTY_ELEMENTDATA [Ljava/lang/Object; 0 [Ljava/lang/Object;
ciInstanceKlass java/util/concurrent/ConcurrentHashMap 1 1 1210 7 1 7 1 3 10 12 1 1 3 100 1 10 7 12 1 1 1 100 1 10 100 12 1 1 1 100 1 11 12 1 1 11 12 1 11 12 1 1 9 12 1 1 9 12 1 1 9 12 1 10 7 12 1 1 1 7 1 10 12 1 1 10 12 1 1 10 7 12 1 1 1 4 10 12 1 9 12 1 10 12 1 1 100 1 10 5 0 10 12 1 10 12 1 1 5 0 10 12 1 1 10 12 1 9 12 1 1 10 12 1 1 9 12 1 9 12 1 1 10 12 1 1 9 12 1 10 12 1 1 9 12 1 1 10 12 1 1 100 1 10 7 1 10 12 1 10 12 1 1 10 12 1 1 10 12 1 1 10 12 1 10 12 1 1 10 12 1 1 100 1 10 12 1 1 7 1 100 1 8 1 10 12 1 10 12 1 1 10 12 1 1 11 7 12 1 1 10 12 1 1 11 12 1 1 11 7 12 1 1 1 11 7 12 1 1 1 11 12 1 7 1 11 12 1 11 12 1 10 12 1 1 10 12 1 1 9 12 1 1 10 100 12 1 1 1 9 10 12 1 1 9 12 1 10 12 1 1 5 0 9 12 1 1 7 1 10 12 1 9 12 1 1 7 1 10 12 1 9 12 1 7 1 10 100 1 10 10 12 1 1 8 1 10 12 1 10 12 1 1 11 100 1 10 12 1 10 100 12 1 1 1 8 1 10 100 12 1 1 1 8 1 10 12 1 8 1 10 12 1 10 12 1 1 10 100 12 1 1 10 12 1 10 12 1 10 12 1 9 12 1 9 10 12 1 9 12 1 1 11 7 12 1 1 1 11 7 12 1 1 1 100 1 10 12 11 100 12 1 1 10 11 7 12 1 10 12 1 100 1 10 12 1 100 1 10 10 9 7 12 1 1 1 10 12 3 10 100 12 1 1 9 12 1 10 12 1 1 9 12 1 1 9 12 1 10 12 1 1 10 100 12 1 1 9 12 1 9 7 12 1 1 10 12 1 1 10 12 1 3 9 12 1 9 12 1 10 12 1 1 7 1 9 3 9 12 1 100 1 10 12 1 9 12 1 10 12 1 9 12 1 10 12 1 9 12 1 10 100 12 1 1 1 100 10 12 1 100 1 5 0 10 100 12 1 1 100 1 10 12 1 1 10 12 1 10 12 1 100 1 10 12 1 10 100 1 100 1 10 10 12 1 10 100 1 10 12 1 10 100 1 10 12 1 10 100 1 10 12 1 1 100 1 10 12 1 10 10 12 1 100 1 10 12 1 10 10 12 1 100 1 10 12 1 10 100 1 10 12 1 10 100 1 10 12 1 10 100 1 10 12 1 10 100 1 10 12 1 10 100 1 10 12 1 10 100 1 10 12 1 10 100 1 10 12 1 10 100 1 10 10 100 1 10 10 100 1 10 10 100 1 10 12 1 10 100 1 10 12 1 10 100 1 10 12 1 10 100 1 10 12 1 10 100 1 10 12 1 10 100 1 10 10 100 1 10 10 100 1 10 10 100 1 10 12 1 10 100 1 10 12 1 10 100 1 10 12 1 10 100 1 10 12 1 10 100 1 10 12 1 10 10 12 1 10 7 12 1 1 1 10 12 1 7 1 7 1 10 12 1 9 12 1 1 9 12 1 1 10 12 1 1 8 10 12 1 1 8 8 8 8 7 10 12 1 1 10 12 1 100 1 8 1 10 7 1 100 1 100 1 1 1 5 0 1 1 3 1 3 1 1 1 1 3 1 3 1 3 1 1 1 1 1 3 1 3 1 3 1 1 1 1 1 1 1 1 1 1 1 1 1 1 1 1 1 1 1 1 1 1 1 1 1 100 1 1 1 1 1 1 1 1 1 1 1 1 1 1 1 1 1 1 1 1 1 1 1 1 1 1 1 1 1 1 1 1 1 1 1 1 1 1 1 1 1 1 1 1 1 1 1 1 1 1 1 1 1 1 1 1 1 1 1 1 1 1 1 1 1 1 1 1 1 1 1 1 1 1 1 1 1 1 1 1 1 1 1 1 100 1 1 1 1 1 1 1 1 1 1 1 100 1 1 1 1 1 1 1 1 1 1 1 1 1 1 1 1 1 1 1 1 1 1 1 1 1 1 1 1 1 1 1 1 1 1 1 1 1 1 1 1 1 1 1 1 1 1 1 1 1 1 1 1 1 1 1 1 1 1 1 1 1 1 1 1 1 1 1 1 1 1 1 1 1 1 1 1 1 1 1 1 1 1 1 1 1 1 1 1 1 1 1 1 1 1 1 1 1 1 1 1 1 1 1 1 1 1 1 1 1 1 1 1 1 1 1 1 1 1 1 1 1 1 1 1 1 1 1 1 1 1 1 1 1 1 1 1 1 1 1 1 1 1 1 1 1 1 1 1 1 1 1 1 1 1 1 1 1 1 1 1 1 1 1 1 1 1 1 1 1 1 1 1 1 1 1 1 1 1 1 1 1 1 1 1 1 1 1 1 1 1 1 1 1 1 1 1 1 1 1 1 1 1 1 1 1 1 1 1 1 1 1 1 1 1 1 1 1 1 1 1 1 1 1 100 1 100 1 100 1 100 1 100 1 100 1 100 1 100 1 100 1 1 1 1 1 1 1 1 1 1 1 1 1 1 1 1 1 1 1 1 1 1 1 1 1 1 1 1 1 1 1 1 1 1 1 1 1 1 1 1 1 1 1 1 1 1 1 1 1 1 1 1 1 1 1 1 1 1
staticfield java/util/concurrent/ConcurrentHashMap NCPU I 20
staticfield java/util/concurrent/ConcurrentHashMap serialPersistentFields [Ljava/io/ObjectStreamField; 3 [Ljava/io/ObjectStreamField;
staticfield java/util/concurrent/ConcurrentHashMap U Ljdk/internal/misc/Unsafe; jdk/internal/misc/Unsafe
staticfield java/util/concurrent/ConcurrentHashMap SIZECTL J 20
staticfield java/util/concurrent/ConcurrentHashMap TRANSFERINDEX J 32
staticfield java/util/concurrent/ConcurrentHashMap BASECOUNT J 24
staticfield java/util/concurrent/ConcurrentHashMap CELLSBUSY J 36
staticfield java/util/concurrent/ConcurrentHashMap CELLVALUE J 144
staticfield java/util/concurrent/ConcurrentHashMap ABASE I 16
staticfield java/util/concurrent/ConcurrentHashMap ASHIFT I 2
ciInstanceKlass java/lang/String 1 1 1396 10 7 12 1 1 1 8 1 9 7 12 1 1 1 9 12 1 1 9 12 1 1 10 12 1 10 12 1 1 10 12 1 1 9 12 1 1 10 7 12 1 1 1 10 7 1 10 7 12 1 1 1 10 12 1 1 10 12 1 1 10 12 1 10 12 1 1 10 12 1 10 7 12 1 1 1 9 7 12 1 1 1 10 7 12 1 1 1 10 12 1 1 10 12 1 1 10 12 1 1 10 12 1 1 10 12 1 1 9 7 12 1 1 10 12 9 7 12 1 1 3 10 7 12 1 1 1 7 1 11 12 1 1 11 12 1 11 12 1 1 10 7 12 1 1 1 10 12 1 1 9 7 12 1 1 1 10 12 1 1 10 12 1 11 12 1 1 10 12 1 1 10 12 10 12 1 1 10 100 12 1 1 1 10 7 12 1 1 1 10 12 1 1 100 1 100 1 10 12 1 10 12 1 10 12 1 1 100 1 10 12 1 1 100 1 10 12 1 1 10 12 1 1 10 10 12 1 100 1 100 1 100 1 10 12 1 10 12 1 1 10 12 1 1 10 12 1 10 12 1 1 10 12 1 1 10 7 12 1 1 7 1 11 11 12 1 11 12 1 10 12 1 1 10 12 1 10 12 10 12 1 1 10 10 100 12 1 1 1 10 100 12 1 1 10 12 1 1 10 100 12 1 1 10 12 1 10 12 1 1 10 12 1 1 10 12 1 10 12 1 10 12 1 1 100 1 10 12 1 1 10 12 10 12 1 10 12 1 1 10 100 12 1 1 1 10 12 1 10 12 1 1 10 12 1 10 12 1 3 3 10 12 1 10 12 1 1 10 12 1 1 10 12 1 1 10 12 1 10 12 1 1 10 12 1 1 10 12 1 10 12 1 10 12 1 10 12 1 1 10 12 1 10 12 1 10 12 1 10 12 1 10 12 1 10 12 1 10 100 1 10 8 1 10 12 1 1 10 12 1 8 1 10 12 1 1 10 12 10 12 1 8 1 10 10 12 1 1 10 12 1 1 10 12 1 10 12 1 1 10 12 10 100 1 10 10 12 1 10 12 1 10 12 1 10 10 12 1 10 12 1 1 10 12 1 100 1 10 10 12 1 100 1 10 10 12 1 10 12 1 1 10 12 1 10 12 1 1 10 10 12 1 1 10 100 1 10 10 12 1 10 12 1 1 10 12 1 1 10 100 1 10 12 1 10 12 1 10 12 1 10 12 1 1 10 12 1 11 7 1 11 12 10 12 1 10 12 1 1 10 12 1 1 10 10 12 1 10 12 1 9 12 1 1 11 7 12 1 1 1 10 10 12 1 10 12 1 1 10 10 12 1 10 12 1 10 12 1 1 9 12 1 10 12 1 1 10 10 12 1 1 10 12 10 10 12 1 10 12 10 10 12 10 10 12 1 10 12 1 10 12 10 10 12 10 12 1 10 12 10 12 10 10 12 1 10 12 1 1 10 12 1 10 10 12 1 10 7 12 1 1 1 10 12 1 1 10 10 7 12 1 1 1 11 10 12 1 10 12 1 1 10 12 1 1 10 7 12 1 1 1 10 12 1 10 10 12 1 10 12 1 10 12 1 10 100 12 1 1 10 12 1 100 1 100 1 8 1 10 10 10 12 1 8 1 10 12 1 3 3 7 1 10 10 12 1 10 12 1 10 12 1 1 10 12 1 1 11 7 12 1 1 1 7 1 10 12 1 1 10 12 1 10 12 1 1 10 12 1 1 8 1 10 12 1 1 10 12 1 11 100 12 1 1 1 11 100 12 1 1 11 12 1 1 10 12 1 10 12 1 1 10 10 7 12 1 1 1 10 12 1 10 12 1 10 10 12 10 12 1 1 10 10 12 1 10 10 12 1 10 10 12 1 10 10 12 1 10 12 1 1 10 10 12 1 8 1 10 12 1 1 18 12 1 1 11 100 12 1 1 1 7 1 3 18 12 1 18 12 1 8 1 10 100 12 1 1 1 11 12 1 1 10 12 10 10 12 1 10 11 12 1 1 10 12 1 1 11 12 1 18 3 11 10 12 1 11 11 10 12 1 10 12 1 1 8 1 10 12 1 10 12 1 10 12 1 1 10 10 12 1 11 100 12 1 7 1 100 1 10 12 1 7 1 10 10 7 12 1 1 1 100 1 10 7 1 10 10 12 1 10 10 12 1 8 1 10 10 12 1 8 1 8 1 10 12 1 10 12 1 10 10 12 10 100 12 1 1 10 7 12 1 1 10 100 12 1 1 8 1 10 12 1 10 12 1 1 10 10 12 8 1 8 1 10 8 1 8 1 8 1 8 1 10 12 1 10 12 1 8 1 10 100 12 1 1 1 10 12 10 12 1 1 10 12 10 10 12 10 12 7 1 9 12 1 1 7 1 10 100 1 100 1 100 1 100 1 1 1 1 1 1 5 0 1 1 1 1 1 3 1 3 1 1 1 1 1 1 1 1 1 1 1 1 1 1 1 100 1 1 1 100 1 1 1 1 1 1 1 1 1 1 1 1 1 1 1 1 1 1 1 1 1 1 1 1 1 1 1 100 1 1 1 1 1 1 1 1 1 100 1 1 1 1 1 1 1 1 1 1 1 1 1 1 1 1 1 1 1 1 1 1 1 1 1 1 1 1 1 1 1 1 1 1 1 1 1 1 1 1 1 1 1 1 1 1 1 1 1 1 1 1 1 1 1 1 1 1 1 1 1 1 1 1 1 1 1 1 1 1 1 1 1 1 1 1 1 1 1 1 1 1 1 1 1 1 1 1 1 1 1 1 1 1 1 1 1 1 1 1 1 1 1 1 1 1 1 1 1 1 1 1 1 1 1 1 1 1 1 1 1 1 1 1 1 1 1 1 1 1 1 1 1 1 1 1 1 1 1 1 1 1 1 1 1 1 1 1 1 1 1 1 1 1 1 1 1 1 1 1 1 1 1 1 1 1 1 1 1 100 1 1 1 1 1 1 1 1 1 1 1 1 1 1 1 1 1 1 1 1 1 1 1 1 100 1 1 1 1 1 1 1 1 1 1 1 1 1 100 1 1 1 1 1 1 1 1 1 1 1 1 1 1 1 15 10 100 12 1 1 1 16 15 10 12 16 15 10 12 15 10 12 15 10 12 1 1 1 1 100 1 100 1 1 1
staticfield java/lang/String COMPACT_STRINGS Z 1
staticfield java/lang/String serialPersistentFields [Ljava/io/ObjectStreamField; 0 [Ljava/io/ObjectStreamField;
staticfield java/lang/String CASE_INSENSITIVE_ORDER Ljava/util/Comparator; java/lang/String$CaseInsensitiveComparator
ciInstanceKlass java/security/ProtectionDomain 1 1 324 10 7 12 1 1 1 9 7 12 1 1 1 7 1 10 9 12 1 1 9 12 1 1 9 12 1 1 10 7 12 1 1 7 1 9 12 1 9 12 1 1 7 1 9 12 1 1 9 12 1 10 100 12 1 1 10 100 12 1 1 1 10 12 1 1 10 12 1 9 12 1 9 100 12 1 1 10 12 1 1 10 100 1 10 12 1 1 8 1 100 1 8 1 10 12 1 10 10 100 12 1 1 1 10 12 1 1 8 1 11 8 1 10 12 1 8 1 8 1 10 12 1 1 10 12 1 10 12 1 1 10 12 1 8 1 10 12 1 8 1 8 1 10 100 12 1 1 1 9 100 12 1 1 1 10 12 1 1 9 100 12 1 1 1 10 100 12 1 1 1 100 1 100 1 10 12 1 10 100 12 1 1 1 10 100 1 10 12 1 10 12 1 1 11 100 12 1 1 11 12 1 100 1 11 100 12 1 1 1 10 12 1 10 11 12 1 1 11 12 1 1 10 12 1 10 7 12 1 1 10 100 12 1 1 11 12 1 10 12 8 1 8 1 10 7 12 1 1 1 7 1 10 10 7 12 1 1 1 1 1 1 1 1 1 1 100 1 1 100 1 1 1 1 1 1 1 1 1 1 1 1 1 1 1 1 1 1 1 1 1 1 1 1 1 1 1 1 1 1 1 1 1 1 1 1 1 1 1 1 1 1 100 1 1 1 1 1 100 1 1 1 1 1
staticfield java/security/ProtectionDomain filePermCompatInPD Z 0
ciInstanceKlass java/security/CodeSource 1 1 395 10 7 12 1 1 1 9 7 12 1 1 1 9 12 1 1 9 12 1 1 9 12 1 1 10 7 12 1 1 1 9 12 1 1 10 100 12 1 1 10 100 10 100 12 1 1 1 10 100 12 1 1 1 10 12 1 1 100 1 10 10 100 12 1 1 1 10 100 12 1 1 1 10 12 1 1 10 12 1 100 1 10 12 1 1 10 12 1 1 10 12 1 1 10 12 1 10 10 10 12 1 1 10 100 12 1 1 1 10 12 1 10 12 1 10 12 1 8 1 10 12 1 10 12 1 10 12 1 1 10 12 1 8 1 10 12 1 1 10 100 1 10 10 12 1 1 8 1 10 12 1 10 12 1 10 12 1 8 1 8 1 9 12 1 1 100 1 8 1 10 12 1 10 12 1 1 8 1 10 12 1 8 1 8 1 8 1 10 100 12 1 1 10 12 1 1 10 12 1 10 12 1 1 10 12 1 1 10 12 1 1 100 1 100 1 10 12 1 10 12 10 12 1 1 10 100 12 1 1 10 12 1 100 1 10 12 10 8 1 10 12 1 10 12 1 10 12 1 1 100 1 10 12 1 1 100 1 100 1 8 1 8 1 10 10 12 1 1 10 100 12 1 1 1 100 1 10 12 10 12 1 1 11 100 12 1 1 10 10 12 1 11 10 12 1 8 1 100 1 10 12 1 10 12 1 1 10 12 1 11 12 1 1 11 100 1 1 1 1 5 0 1 1 1 1 1 1 1 1 1 1 1 1 1 1 1 1 1 1 1 1 1 1 1 1 1 1 1 1 1 1 1 1 1 1 1 1 1 1 1 1 1 1 1 1 1 1 1 1 1 1 1 1 1 1 1 1 1 1 1 1 1 1 1 1 1 100 1 1 1 1 1 1 1
ciInstanceKlass java/lang/StringBuilder 1 1 409 10 7 12 1 1 1 10 12 1 10 12 1 10 12 1 1 10 7 12 1 1 1 10 7 12 1 1 1 10 12 1 10 12 1 10 12 1 10 12 1 10 12 1 10 12 1 10 12 1 10 12 1 10 12 1 10 12 1 10 12 1 10 12 1 10 12 1 10 12 1 1 10 12 1 10 12 1 1 10 12 1 1 10 12 1 10 12 1 10 12 1 10 12 1 10 12 1 10 12 1 10 12 1 10 12 10 12 1 10 12 1 10 12 1 10 12 1 1 10 12 1 10 12 1 10 12 10 12 1 1 10 12 1 1 9 12 1 1 9 12 1 1 10 7 12 1 1 1 10 7 1 10 100 12 1 1 1 10 12 1 10 12 1 1 10 12 1 1 10 10 12 1 1 10 100 12 1 1 10 12 1 10 12 1 1 100 1 100 1 8 1 10 10 12 1 1 10 12 1 1 10 12 1 10 12 1 10 12 1 10 12 1 10 12 1 10 12 1 10 12 1 10 12 1 10 12 1 10 12 1 10 12 1 10 12 1 10 12 1 10 12 1 10 12 1 1 10 12 1 1 10 12 1 10 12 1 10 12 1 10 12 10 12 10 12 1 10 12 1 10 12 1 10 12 10 12 1 10 12 1 10 12 1 10 12 1 10 12 1 10 12 1 10 12 1 10 12 1 10 12 1 1 10 12 1 10 12 1 1 10 12 1 10 12 1 1 10 12 1 10 12 1 1 10 12 1 10 12 1 10 12 1 10 10 12 1 10 12 1 100 1 100 1 100 1 1 1 1 5 0 1 1 1 1 1 1 1 1 1 1 1 1 1 1 1 1 1 1 1 1 1 1 1 1 1 1 1 1 1 1 1 1 1 1 1 1 1 1 1 1 1 1 1 100 1 1 1 100 1 1 1 1 1 1 1 1 1 1
ciInstanceKlass jdk/internal/loader/ClassLoaders 1 1 183 10 100 12 1 1 1 10 7 12 1 1 1 10 12 1 1 10 100 12 1 1 1 9 7 12 1 1 1 9 12 1 1 9 12 1 1 7 1 11 100 12 1 1 1 100 1 11 12 1 1 11 12 1 1 10 100 12 1 1 1 10 100 12 1 1 1 100 1 100 1 10 7 12 1 1 1 9 12 1 1 10 12 1 1 7 1 10 12 1 1 10 12 1 7 1 8 1 10 7 12 1 1 1 10 12 1 1 7 1 10 12 1 10 12 1 10 12 1 8 1 10 7 12 1 1 8 1 8 1 10 12 1 7 1 10 12 1 10 12 1 10 12 1 1 1 1 1 1 1 1 1 1 1 1 1 1 1 1 1 1 1 1 100 1 1 1 1 1 1 1 1 1 1 1 1 1 1 1 1 1 1 1
staticfield jdk/internal/loader/ClassLoaders JLA Ljdk/internal/access/JavaLangAccess; java/lang/System$2
staticfield jdk/internal/loader/ClassLoaders BOOT_LOADER Ljdk/internal/loader/ClassLoaders$BootClassLoader; jdk/internal/loader/ClassLoaders$BootClassLoader
staticfield jdk/internal/loader/ClassLoaders PLATFORM_LOADER Ljdk/internal/loader/ClassLoaders$PlatformClassLoader; jdk/internal/loader/ClassLoaders$PlatformClassLoader
staticfield jdk/internal/loader/ClassLoaders APP_LOADER Ljdk/internal/loader/ClassLoaders$AppClassLoader; jdk/internal/loader/ClassLoaders$AppClassLoader
ciInstanceKlass jdk/internal/misc/Unsafe 1 1 1285 10 7 12 1 1 1 9 7 12 1 1 1 9 12 1 1 10 12 1 1 10 7 12 1 1 1 10 12 1 1 10 12 1 1 10 12 1 1 10 12 1 1 10 12 1 1 10 12 1 1 10 12 1 1 10 12 1 1 10 12 1 1 10 12 1 1 10 12 1 1 10 12 1 1 10 12 1 1 10 12 1 10 12 1 100 1 10 10 12 1 1 10 12 1 1 5 0 10 12 1 1 10 12 1 1 10 7 12 1 1 1 10 12 1 1 10 12 1 10 12 1 10 12 1 1 10 12 1 1 10 12 1 10 12 1 100 1 100 1 10 8 1 10 12 1 1 10 12 1 8 1 10 12 1 1 10 12 1 10 12 1 10 12 1 1 10 12 1 10 12 1 1 10 12 1 1 10 12 1 10 12 1 10 12 1 10 12 1 1 10 12 1 10 12 1 10 12 1 1 10 12 1 5 0 5 0 5 0 10 12 1 10 12 1 10 12 1 10 12 1 10 12 1 10 12 1 10 12 1 10 12 1 10 12 1 1 10 12 1 10 12 1 100 1 8 1 10 100 1 10 10 12 1 1 10 12 1 1 10 12 1 10 12 1 1 10 12 1 1 10 12 1 10 12 1 1 10 12 1 9 7 12 1 1 9 12 1 100 1 10 10 12 1 1 8 1 10 8 1 8 1 10 12 1 1 9 7 12 1 1 1 9 100 1 9 7 1 9 100 1 9 9 100 1 9 100 1 9 100 1 10 12 1 1 10 12 1 1 10 12 1 1 10 12 1 1 5 0 5 0 9 12 1 1 10 12 1 10 12 1 10 12 1 1 10 12 1 1 10 12 1 8 1 3 10 12 1 1 10 12 1 1 10 12 1 10 12 1 1 10 12 1 1 10 12 1 10 12 1 10 12 1 10 12 1 10 12 1 10 12 1 1 10 12 1 1 10 12 1 10 12 1 10 12 1 10 12 1 10 12 1 10 12 1 1 10 12 1 1 10 12 1 10 12 1 10 12 1 10 12 1 10 12 1 10 12 1 1 10 12 1 1 10 12 1 1 10 12 1 1 10 12 1 10 12 1 10 12 1 10 12 1 10 12 1 10 12 1 10 12 1 1 10 12 1 1 10 12 1 10 12 1 10 12 1 10 12 1 10 12 1 10 12 1 10 12 1 1 10 12 1 1 10 12 1 10 12 1 10 12 1 10 12 1 10 12 1 10 12 1 10 12 1 10 12 1 1 10 12 1 10 12 1 10 12 1 10 12 1 10 12 1 1 10 12 1 10 12 1 10 12 1 10 12 1 10 12 1 10 12 1 10 12 1 10 12 1 1 10 12 1 10 12 1 10 12 1 10 12 1 10 12 1 10 12 1 1 10 12 1 10 12 1 10 12 1 1 10 12 1 10 12 1 10 12 1 10 12 1 10 12 1 10 12 1 10 12 1 10 12 1 10 12 1 10 12 1 10 12 1 10 12 1 10 12 1 10 12 1 10 12 1 10 12 1 10 12 1 10 12 1 10 12 1 10 12 1 10 12 1 10 12 1 100 1 10 100 1 10 9 12 1 5 0 10 12 1 1 5 0 10 12 1 5 0 10 12 1 10 12 1 10 12 1 1 10 12 1 1 10 12 1 10 12 1 10 12 1 10 12 1 1 10 12 1 10 12 1 10 12 1 10 12 1 10 12 1 1 10 12 1 10 12 1 10 12 1 10 12 1 1 10 12 1 10 12 1 10 12 1 1 10 12 1 10 12 1 10 12 1 10 12 1 1 10 12 1 10 10 12 1 1 10 12 1 10 12 1 1 10 12 1 10 12 5 0 5 0 5 0 10 12 1 1 10 12 1 10 12 1 10 12 10 100 12 1 1 8 1 100 1 11 12 1 1 8 1 11 12 1 1 10 100 12 1 1 10 12 1 10 12 1 10 12 1 10 12 1 10 12 1 1 10 12 1 10 12 1 10 12 1 10 12 1 10 12 1 10 12 1 10 7 1 10 12 1 9 12 1 7 1 9 12 1 7 1 9 12 1 7 1 9 12 1 7 1 9 12 1 7 1 9 12 1 7 1 9 12 1 7 1 9 12 1 7 1 9 12 1 10 12 1 9 12 1 9 12 1 9 12 1 9 12 1 9 12 1 9 12 1 9 12 1 9 12 1 9 12 1 9 12 1 1 1 3 1 1 1 1 1 1 1 1 1 1 1 1 1 1 1 1 1 1 1 1 1 1 1 1 1 1 1 1 1 1 1 1 1 1 1 1 1 1 1 1 1 1 1 1 1 1 1 1 1 1 1 1 1 1 1 1 1 1 1 1 1 1 1 1 1 1 1 1 1 1 1 1 1 1 1 1 1 1 1 1 1 1 1 1 1 1 1 1 1 100 1 1 1 1 1 1 1 1 1 1 1 1 1 1 1 1 1 1 1 1 1 1 1 1 1 1 1 1 1 1 1 1 1 1 1 1 1 1 1 1 1 1 1 1 1 1 1 1 1 1 1 1 1 1 1 1 1 1 1 1 1 1 1 1 1 1 1 1 1 1 1 1 1 1 1 1 1 1 1 1 1 1 1 1 1 1 1 1 1 1 1 1 1 1 1 1 1 1 1 1 1 1 1 1 1 1 1 1 1 1 1 1 1 1 1 1 1 1 1 1 1 1 1 1 1 1 1 1 1 1 1 1 1 1 1 1 1 1 1 1 1 1 1 1 1 1 1 1 1 1 1 1 1 1 1 1 1 1 1 1 1 1 1 1 1 1 1 1 1 1 1 1 1 1 1 1 1 1 1 1 1 1 1 1 1 1 1 1 1 1 1 1 1 1 1 1 1 1 1 1 1 1 1 1 1 1 1 3 1 1 1 1 1 1 1 1 1 1 1 1 1 1 1 1 1 1 1 1 1
staticfield jdk/internal/misc/Unsafe theUnsafe Ljdk/internal/misc/Unsafe; jdk/internal/misc/Unsafe
staticfield jdk/internal/misc/Unsafe ARRAY_BOOLEAN_BASE_OFFSET I 16
staticfield jdk/internal/misc/Unsafe ARRAY_BYTE_BASE_OFFSET I 16
staticfield jdk/internal/misc/Unsafe ARRAY_SHORT_BASE_OFFSET I 16
staticfield jdk/internal/misc/Unsafe ARRAY_CHAR_BASE_OFFSET I 16
staticfield jdk/internal/misc/Unsafe ARRAY_INT_BASE_OFFSET I 16
staticfield jdk/internal/misc/Unsafe ARRAY_LONG_BASE_OFFSET I 16
staticfield jdk/internal/misc/Unsafe ARRAY_FLOAT_BASE_OFFSET I 16
staticfield jdk/internal/misc/Unsafe ARRAY_DOUBLE_BASE_OFFSET I 16
staticfield jdk/internal/misc/Unsafe ARRAY_OBJECT_BASE_OFFSET I 16
staticfield jdk/internal/misc/Unsafe ARRAY_BOOLEAN_INDEX_SCALE I 1
staticfield jdk/internal/misc/Unsafe ARRAY_BYTE_INDEX_SCALE I 1
staticfield jdk/internal/misc/Unsafe ARRAY_SHORT_INDEX_SCALE I 2
staticfield jdk/internal/misc/Unsafe ARRAY_CHAR_INDEX_SCALE I 2
staticfield jdk/internal/misc/Unsafe ARRAY_INT_INDEX_SCALE I 4
staticfield jdk/internal/misc/Unsafe ARRAY_LONG_INDEX_SCALE I 8
staticfield jdk/internal/misc/Unsafe ARRAY_FLOAT_INDEX_SCALE I 4
staticfield jdk/internal/misc/Unsafe ARRAY_DOUBLE_INDEX_SCALE I 8
staticfield jdk/internal/misc/Unsafe ARRAY_OBJECT_INDEX_SCALE I 4
staticfield jdk/internal/misc/Unsafe ADDRESS_SIZE I 8
ciInstanceKlass java/util/Map 1 1 259 11 7 12 1 1 1 11 12 1 1 10 100 12 1 1 11 12 1 1 11 7 12 1 1 1 11 100 12 1 1 1 11 12 1 1 7 1 11 12 1 11 12 1 100 1 100 1 10 12 1 1 11 100 12 1 1 1 11 100 12 1 1 1 11 12 1 11 12 1 10 12 1 1 11 12 1 11 100 12 1 9 7 12 1 1 1 100 1 10 12 7 1 7 1 10 12 1 7 1 10 7 1 11 12 1 1 7 1 11 12 1 1 1 1 1 1 1 1 1 1 1 1 1 1 1 1 1 1 1 1 1 1 1 1 1 1 1 1 1 1 1 1 1 1 1 1 1 1 1 1 1 1 1 1 1 1 1 1 1 1 1 1 1 1 1 1 1 1 1 1 1 1 1 1 1 1 1 1 1 1 1 1 1 1 1 1 1 1 1 1 1 1 1 1 1 1 1 1 1 1 1 1 1 1 1 1 1 1 1 1 1 1 1 1 1 1 1 1 1 1 1 1 1 1 1 1 1 1 1 1 1 1 1 1 1 1 1 1 1 100 1 1 1 1 1 1 1 1 1 1 1 1 1 1 1 1 1 1
ciInstanceKlass java/lang/ThreadGroup 1 1 293 10 7 12 1 1 1 9 7 12 1 1 1 8 1 9 12 1 1 7 1 9 12 1 9 12 1 1 10 12 1 1 10 12 1 1 10 12 1 10 12 1 1 10 12 1 9 12 1 1 10 12 1 1 10 12 1 9 12 1 10 100 12 1 1 1 9 12 1 9 12 1 1 10 7 12 1 1 1 100 10 12 1 1 10 7 12 1 1 1 10 100 12 1 9 12 1 10 12 1 1 10 12 1 1 9 12 1 1 10 12 1 1 10 12 1 10 12 1 10 12 1 1 10 12 1 1 10 12 1 10 12 1 10 10 12 1 10 12 1 10 100 1 10 10 12 1 10 12 1 10 12 1 7 10 12 1 9 12 1 1 10 12 1 1 8 1 10 100 12 1 1 1 10 12 1 1 10 12 1 1 10 12 1 1 11 100 1 100 1 9 12 1 100 1 10 8 1 10 12 1 1 10 12 1 1 8 1 10 12 1 10 100 12 1 1 1 10 12 1 1 10 100 1 8 1 10 8 1 10 12 1 8 1 1 1 1 1 1 1 1 1 1 1 1 1 1 1 1 1 3 1 1 1 1 1 1 1 1 1 1 1 1 1 1 1 1 1 1 1 1 1 1 1 1 1 1 1 1 1 1 1 1 1 1 1 1 1 1 1 1 1 1
instanceKlass java/security/Provider
ciInstanceKlass java/util/Properties 1 1 651 10 7 12 1 1 1 100 1 10 7 12 1 1 7 1 10 12 1 9 12 1 1 9 12 1 1 9 12 1 1 10 7 12 1 1 1 10 12 1 1 8 1 10 7 12 1 1 1 7 1 10 12 1 10 12 1 1 8 1 10 12 1 7 1 10 12 10 12 1 1 9 12 1 1 10 12 1 1 7 1 10 12 1 10 12 1 10 12 1 1 100 1 8 1 10 12 1 10 12 1 10 12 1 1 10 12 1 100 1 3 10 10 7 12 1 1 1 10 12 1 10 12 1 1 8 1 10 12 1 10 12 1 1 8 1 10 7 12 1 1 10 12 1 1 10 12 1 10 12 1 1 100 1 10 12 1 10 12 1 1 7 1 9 7 12 1 1 1 10 12 1 10 12 1 1 7 1 10 10 10 12 1 1 11 7 12 1 1 1 11 7 12 1 1 1 11 12 1 1 7 1 11 12 1 11 12 1 10 12 1 1 8 1 10 12 1 10 12 1 100 1 10 10 12 1 1 10 100 12 1 1 9 100 12 1 1 10 12 1 1 10 100 12 1 1 1 100 1 100 1 100 1 10 8 1 8 1 10 12 1 10 12 1 10 12 1 1 10 10 12 1 1 10 12 1 1 100 1 10 10 12 1 11 7 12 1 1 10 7 12 1 1 1 8 1 10 100 12 1 1 11 8 1 10 100 1 11 10 12 1 10 12 1 10 12 1 10 12 1 1 10 12 1 1 10 12 1 1 10 12 1 10 12 1 10 10 12 1 10 12 1 10 12 1 10 10 12 1 1 10 12 1 1 7 1 10 10 12 1 10 12 1 10 12 1 10 12 1 10 12 1 1 10 12 1 1 10 12 1 10 12 1 10 12 1 1 10 12 10 12 1 1 10 12 1 1 10 12 1 10 12 1 1 10 12 1 1 10 12 100 1 10 11 100 12 1 1 4 11 10 12 1 1 10 100 12 1 1 11 12 1 10 12 1 1 10 100 12 1 1 10 12 1 100 1 8 1 10 12 1 10 10 100 12 1 1 1 100 1 6 0 10 12 1 1 11 100 12 1 1 1 10 12 1 10 12 1 1 1 1 1 5 0 1 1 1 1 1 1 1 1 1 1 1 1 1 1 1 1 1 1 1 1 1 1 1 1 1 1 1 1 1 1 1 1 1 1 1 1 1 1 1 1 100 1 1 1 1 1 1 1 1 1 1 1 1 1 1 1 1 1 1 1 1 100 1 1 1 1 1 1 1 100 1 100 1 1 1 1 100 1 1 1 1 1 1 1 1 1 1 1 1 1 1 1 1 1 1 1 1 1 1 1 1 1 1 1 1 1 1 1 1 1 1 1 1 1 1 1 1 1 1 1 1 1 1 1 1 1 1 1 1 1 1 1 1 1 1 1 1 1 1 1 1 1 1 1 1 1 1 1 1 1 1 1 1 100 1 1 1 1 1 1 1 1 1 100 1 1 1
staticfield java/util/Properties UNSAFE Ljdk/internal/misc/Unsafe; jdk/internal/misc/Unsafe
instanceKlass java/util/Hashtable
ciInstanceKlass java/util/Dictionary 1 1 36 10 7 12 1 1 1 100 1 1 1 1 1 1 1 1 1 1 1 1 1 1 1 1 1 1 1 1 1 1 1 1 1 1 1 1
instanceKlass java/util/Properties
ciInstanceKlass java/util/Hashtable 1 1 512 100 1 10 7 12 1 1 1 9 7 12 1 1 1 100 1 100 1 10 8 1 10 12 1 1 10 12 1 10 12 1 1 10 12 1 10 7 12 1 1 1 8 1 10 12 1 9 12 1 1 7 1 9 12 1 1 4 10 7 12 1 1 1 9 12 1 4 10 12 1 11 100 12 1 1 1 10 12 1 1 10 12 1 1 9 12 1 10 12 1 1 100 1 10 9 12 1 1 10 7 12 1 1 1 9 12 1 1 10 12 1 10 12 1 3 9 12 1 9 12 1 3 10 12 1 10 12 1 10 12 1 1 11 12 1 1 11 100 12 1 1 1 11 100 12 1 1 1 11 12 1 100 1 11 12 1 11 12 1 10 12 1 1 10 12 1 1 10 12 1 9 12 1 1 9 12 9 12 1 1 10 100 1 100 1 10 12 1 10 8 1 10 10 12 1 8 1 10 8 1 10 100 12 1 1 1 7 1 10 12 1 10 12 1 100 1 10 12 1 10 12 1 1 100 1 10 100 1 10 10 12 1 1 11 12 1 1 11 12 1 100 1 10 10 10 100 12 1 1 11 100 12 1 1 1 100 1 10 11 100 12 1 1 11 100 12 1 10 12 1 10 12 1 1 10 100 12 1 1 10 12 1 1 10 12 1 1 10 12 1 1 10 100 12 1 1 1 8 10 100 12 1 1 100 1 8 1 10 4 10 12 4 10 12 1 8 1 10 12 10 100 12 1 1 1 100 1 11 100 12 1 1 1 10 100 12 1 1 1 10 12 1 10 12 1 1 10 100 1 100 1 1 1 1 1 1 5 0 1 1 1 1 1 3 1 3 1 3 1 1 1 1 1 1 1 1 1 1 1 1 1 1 1 1 1 1 1 1 1 1 1 1 1 100 1 1 1 1 1 1 1 1 1 1 1 1 1 1 1 1 1 1 1 1 1 1 1 1 1 1 1 1 1 100 1 1 1 1 1 1 1 1 1 1 1 1 1 1 1 1 1 1 1 1 1 1 1 1 1 1 1 1 1 1 1 1 1 1 1 1 1 1 1 1 1 1 1 1 1 1 1 1 1 1 1 1 1 1 1 1 1 1 100 1 1 1 100 1 1 1 1 1 100 1 1 1 1 1 1 1 1 1 1 1 1 1 1 1 1 1 1
ciMethod java/util/Properties clone ()Ljava/lang/Object; 82 0 3061 0 0
ciInstanceKlass java/util/Set 1 1 140 100 1 10 7 12 1 1 1 9 7 12 1 1 1 7 1 10 12 1 1 10 12 1 7 1 7 1 10 12 1 7 1 7 1 7 1 10 12 1 10 12 1 1 11 12 1 1 100 1 1 1 1 1 1 1 1 1 1 1 1 1 1 1 1 1 1 1 1 1 1 1 1 1 1 1 1 1 1 1 1 1 1 1 1 1 1 1 1 1 1 1 1 1 1 1 1 1 1 1 1 1 1 1 1 1 1 1 1 1 1 1 1 1 1 1 1 1 1 1 1 1 1 1 1 1 1 1 1 1 1 1 1 1 1 1 1 1 1 1
ciInstanceKlass java/util/Map$Entry 1 0 178 18 12 1 1 100 1 100 1 18 10 100 12 1 1 1 18 12 1 18 100 1 11 100 12 1 1 1 11 12 1 11 100 12 1 1 1 10 100 12 1 1 1 10 100 12 1 1 1 8 1 10 12 1 1 8 1 8 1 8 1 10 12 1 10 12 1 8 10 100 1 10 12 1 8 10 12 1 8 1 10 12 1 8 10 12 1 8 1 10 12 1 1 8 1 100 1 8 1 10 12 1 1 11 12 100 1 11 12 1 1 1 1 1 1 1 1 1 1 1 1 1 1 1 1 1 1 1 1 1 1 1 1 1 1 1 1 1 1 1 1 1 1 1 1 1 1 1 15 10 100 12 1 1 1 16 15 11 12 16 3 3 15 11 12 15 11 12 15 11 12 1 1 100 1 100 1 1
ciInstanceKlass java/util/HashMap$EntryIterator 1 1 50 9 7 12 1 1 1 10 7 12 1 1 1 10 12 1 1 10 12 1 1 100 1 1 1 1 1 1 1 1 1 1 1 1 1 1 1 100 1 1 1 1 100 1 1 100 1 100 1 1
instanceKlass sun/nio/ch/ChannelInputStream
instanceKlass java/util/zip/ZipFile$ZipFileInputStream
instanceKlass java/io/FilterInputStream
instanceKlass java/io/FileInputStream
instanceKlass java/io/ByteArrayInputStream
ciInstanceKlass java/io/InputStream 1 1 184 100 1 10 7 12 1 1 1 100 1 10 10 7 12 1 1 1 10 7 12 1 1 1 10 12 1 100 1 3 10 12 1 1 100 1 8 1 10 12 1 10 100 12 1 1 1 3 100 1 8 1 10 10 100 12 1 1 1 100 1 10 11 100 12 1 1 1 10 12 1 1 11 12 1 1 11 100 12 1 1 1 11 12 1 1 100 1 10 100 12 1 1 1 5 0 10 12 1 10 12 1 1 100 1 10 8 1 10 8 1 8 1 10 12 1 1 10 100 12 1 1 1 100 1 1 1 1 3 1 3 1 1 1 1 1 1 1 1 1 1 1 1 1 1 1 1 1 1 1 1 1 1 1 1 1 1 1 1 1 1 1 1 1 1 1 1 1 1 1 1 1 1 1 1 1 1 1 1 1 1 1 1 1
ciInstanceKlass java/io/ByteArrayInputStream 1 1 117 10 7 12 1 1 1 9 7 12 1 1 1 9 12 1 1 9 12 1 9 12 1 10 100 12 1 1 1 10 7 12 1 1 1 10 7 12 1 1 1 10 100 12 1 1 1 10 12 1 1 3 10 100 1 10 100 12 1 1 1 9 12 1 1 100 1 10 10 7 12 1 1 1 1 1 1 1 1 1 1 1 1 1 1 1 1 1 1 1 1 1 1 1 1 1 1 1 1 1 1 1 100 1 1 1 1 1 1 1 1 1 1 1 1 1 1
staticfield java/io/ByteArrayInputStream $assertionsDisabled Z 1
instanceKlass java/util/logging/LogManager$Cleaner
instanceKlass org/apache/maven/shared/utils/logging/MessageUtils$1
instanceKlass jdk/internal/misc/InnocuousThread
instanceKlass java/lang/ref/Finalizer$FinalizerThread
instanceKlass java/lang/ref/Reference$ReferenceHandler
ciInstanceKlass java/lang/Thread 1 1 612 9 7 12 1 1 1 9 12 1 1 10 12 1 1 9 12 1 1 9 12 1 1 100 1 8 1 10 12 1 1 3 8 1 100 1 5 0 10 12 1 1 10 7 12 1 1 9 12 1 1 9 12 1 9 12 1 1 9 12 1 100 1 8 1 10 9 12 1 1 10 7 12 1 1 1 10 100 12 1 1 1 10 10 7 12 1 1 10 12 1 1 10 12 1 1 9 100 12 1 1 1 10 12 1 1 10 12 1 9 12 1 1 10 12 1 1 10 12 1 1 9 12 1 10 12 1 1 9 12 1 1 10 7 12 1 1 1 9 12 1 1 9 12 1 1 10 12 1 1 10 7 12 1 1 1 9 12 1 10 12 1 1 9 12 1 100 1 10 7 1 10 8 1 10 12 1 1 10 12 1 10 12 1 10 12 1 1 10 12 1 10 12 1 9 12 1 100 1 10 10 12 1 1 10 12 1 10 12 1 100 1 11 7 12 1 1 9 7 12 1 1 1 10 12 1 10 12 1 10 12 9 12 1 1 10 9 12 1 10 12 1 100 1 10 10 12 1 1 9 12 1 10 12 1 11 100 12 1 1 10 12 1 9 12 1 10 12 1 10 12 1 10 10 12 1 10 12 1 10 12 1 10 12 1 10 12 1 1 100 1 10 10 12 1 10 12 1 10 12 1 9 100 12 1 1 1 10 12 1 1 10 12 1 100 1 8 1 10 10 12 1 10 12 8 1 10 12 1 8 1 10 8 1 8 1 10 100 12 1 1 10 100 12 1 1 1 100 1 8 1 10 9 12 1 9 12 1 1 10 12 1 1 10 10 12 1 1 9 12 1 10 12 1 1 100 1 10 12 11 100 12 1 1 1 9 100 12 1 1 1 9 12 1 1 10 12 1 1 100 1 10 12 1 11 100 12 1 1 1 100 1 10 12 1 10 12 1 1 11 12 1 10 12 1 100 1 10 12 1 10 12 1 1 10 100 12 1 1 1 8 1 9 12 1 10 12 1 1 11 100 12 1 1 1 10 100 12 1 1 1 11 12 1 10 12 1 7 1 1 1 1 3 1 3 1 3 1 1 1 1 1 1 1 1 1 1 1 1 1 1 1 1 1 1 1 100 1 1 1 1 1 1 1 1 1 1 1 1 100 1 100 1 1 1 1 1 1 1 1 1 1 1 1 1 1 1 1 1 1 1 1 1 1 1 1 1 1 1 1 1 1 1 1 1 1 1 1 1 1 1 1 1 1 1 100 100 1 1 1 1 1 1 1 1 1 100 1 1 1 1 1 1 1 1 1 1 1 1 1 1 1 1 1 1 1 1 1 1 1 1 1 1 1 1 100 1 1 1 1 1 1 100 1 1 100 1 1 1 1 1 1
staticfield java/lang/Thread EMPTY_STACK_TRACE [Ljava/lang/StackTraceElement; 0 [Ljava/lang/StackTraceElement;
ciMethod java/lang/System arraycopy (Ljava/lang/Object;ILjava/lang/Object;II)V 256 0 128 0 -1
instanceKlass org/apache/maven/artifact/repository/metadata/RepositoryMetadataDeploymentException
instanceKlass org/apache/maven/artifact/repository/metadata/RepositoryMetadataInstallationException
instanceKlass java/lang/Exception
instanceKlass java/lang/Error
ciInstanceKlass java/lang/Throwable 1 1 393 10 7 12 1 1 1 9 7 12 1 1 1 9 12 1 1 9 12 1 9 12 1 1 9 12 1 10 12 1 1 9 12 1 1 10 12 1 1 10 12 1 100 1 100 1 10 8 1 10 12 1 1 8 1 10 7 12 1 1 10 10 12 1 100 1 8 1 10 10 12 1 1 10 7 12 1 1 10 12 1 8 1 9 100 12 1 1 1 10 12 1 1 100 1 10 12 10 12 1 100 1 10 10 7 12 1 1 1 11 100 12 1 1 1 10 100 12 1 1 1 10 12 1 1 10 12 1 1 8 1 10 12 1 10 12 1 1 8 1 8 1 10 12 1 1 10 12 1 8 1 8 1 9 12 1 1 10 100 12 1 1 100 1 10 11 12 1 8 1 8 1 10 7 12 1 1 8 1 10 12 1 8 1 100 1 10 12 1 9 12 1 1 10 12 1 10 7 12 1 9 12 1 1 10 12 1 1 100 1 8 1 10 12 1 10 100 12 1 1 10 12 1 1 7 1 10 100 12 1 1 1 10 12 1 11 7 12 1 1 1 11 100 12 1 1 1 11 12 1 8 1 10 12 1 1 8 1 10 10 9 100 12 1 1 1 8 1 10 12 1 1 10 100 1 8 1 10 11 12 1 1 8 1 9 12 1 10 100 12 1 1 11 9 12 1 1 11 12 1 1 100 10 12 1 10 12 1 1 100 1 1 1 1 5 0 1 1 1 1 1 1 1 1 1 1 1 1 1 100 1 1 1 1 1 1 1 1 1 1 1 1 1 1 1 1 1 1 1 1 1 1 1 1 1 1 1 1 1 1 1 1 1 1 1 1 1 1 1 1 1 1 100 1 100 1 1 1 1 1 1 1 1 1 1 1 1 1 1 1 1 1 1
staticfield java/lang/Throwable UNASSIGNED_STACK [Ljava/lang/StackTraceElement; 0 [Ljava/lang/StackTraceElement;
staticfield java/lang/Throwable SUPPRESSED_SENTINEL Ljava/util/List; java/util/Collections$EmptyList
staticfield java/lang/Throwable EMPTY_THROWABLE_ARRAY [Ljava/lang/Throwable; 0 [Ljava/lang/Throwable;
staticfield java/lang/Throwable $assertionsDisabled Z 1
instanceKlass java/net/URISyntaxException
instanceKlass org/xml/sax/SAXException
instanceKlass javax/xml/parsers/ParserConfigurationException
instanceKlass org/codehaus/plexus/component/repository/exception/ComponentRepositoryException
instanceKlass org/codehaus/plexus/interpolation/reflection/MethodMap$AmbiguousException
instanceKlass java/security/PrivilegedActionException
instanceKlass org/apache/maven/model/resolution/UnresolvableModelException
instanceKlass org/apache/maven/model/resolution/InvalidRepositoryException
instanceKlass org/apache/maven/cli/internal/ExtensionResolutionException
instanceKlass org/apache/maven/toolchain/building/ToolchainsBuildingException
instanceKlass org/apache/maven/execution/MavenExecutionRequestPopulationException
instanceKlass org/apache/maven/project/interpolation/ModelInterpolationException
instanceKlass org/apache/maven/BuildFailureException
instanceKlass org/codehaus/plexus/util/dag/CycleDetectedException
instanceKlass org/apache/maven/project/DuplicateProjectException
instanceKlass org/codehaus/plexus/component/configurator/expression/ExpressionEvaluationException
instanceKlass org/codehaus/plexus/configuration/PlexusConfigurationException
instanceKlass org/codehaus/plexus/component/composition/CycleDetectedInComponentGraphException
instanceKlass org/apache/maven/MavenExecutionException
instanceKlass org/apache/maven/repository/ArtifactDoesNotExistException
instanceKlass org/apache/maven/repository/ArtifactTransferFailedException
instanceKlass org/apache/maven/repository/metadata/MetadataResolutionException
instanceKlass org/apache/maven/plugin/version/PluginVersionNotFoundException
instanceKlass org/apache/maven/plugin/InvalidPluginException
instanceKlass org/apache/maven/plugin/PluginConfigurationException
instanceKlass org/apache/maven/artifact/deployer/ArtifactDeploymentException
instanceKlass org/apache/maven/configuration/BeanConfigurationException
instanceKlass org/codehaus/plexus/component/configurator/ComponentConfigurationException
instanceKlass org/apache/maven/lifecycle/LifecycleExecutionException
instanceKlass org/apache/maven/model/building/ModelBuildingException
instanceKlass org/apache/maven/plugin/PluginManagerException
instanceKlass org/codehaus/plexus/personality/plexus/lifecycle/phase/InitializationException
instanceKlass org/apache/maven/artifact/installer/ArtifactInstallationException
instanceKlass org/apache/http/HttpException
instanceKlass org/apache/maven/lifecycle/internal/builder/BuilderNotFoundException
instanceKlass org/apache/maven/lifecycle/NoGoalSpecifiedException
instanceKlass org/apache/maven/lifecycle/MissingProjectException
instanceKlass org/apache/maven/artifact/repository/metadata/RepositoryMetadataReadException
instanceKlass org/apache/maven/artifact/repository/metadata/RepositoryMetadataStoreException
instanceKlass org/apache/maven/repository/metadata/MetadataGraphTransformationException
instanceKlass org/apache/maven/repository/metadata/GraphConflictResolutionException
instanceKlass org/apache/maven/toolchain/MisconfiguredToolchainException
instanceKlass org/apache/maven/project/DependencyResolutionException
instanceKlass org/apache/maven/repository/legacy/resolver/conflict/ConflictResolverNotFoundException
instanceKlass org/codehaus/plexus/component/repository/exception/ComponentLifecycleException
instanceKlass java/security/GeneralSecurityException
instanceKlass org/apache/maven/wagon/WagonException
instanceKlass org/apache/maven/settings/building/SettingsBuildingException
instanceKlass org/apache/maven/artifact/InvalidRepositoryException
instanceKlass org/apache/maven/artifact/repository/metadata/RepositoryMetadataResolutionException
instanceKlass org/apache/maven/project/ProjectBuildingException
instanceKlass org/apache/maven/artifact/versioning/InvalidVersionSpecificationException
instanceKlass org/apache/maven/lifecycle/LifecycleNotFoundException
instanceKlass org/apache/maven/lifecycle/LifecyclePhaseNotFoundException
instanceKlass org/apache/maven/plugin/version/PluginVersionResolutionException
instanceKlass org/apache/maven/plugin/InvalidPluginDescriptorException
instanceKlass org/apache/maven/plugin/prefix/NoPluginFoundForPrefixException
instanceKlass org/apache/maven/plugin/MojoNotFoundException
instanceKlass org/apache/maven/plugin/PluginDescriptorParsingException
instanceKlass org/apache/maven/plugin/PluginResolutionException
instanceKlass org/eclipse/aether/RepositoryException
instanceKlass org/apache/maven/repository/legacy/metadata/ArtifactMetadataRetrievalException
instanceKlass org/apache/maven/artifact/resolver/AbstractArtifactResolutionException
instanceKlass org/sonatype/plexus/components/sec/dispatcher/SecDispatcherException
instanceKlass org/sonatype/plexus/components/cipher/PlexusCipherException
instanceKlass org/apache/maven/plugin/AbstractMojoExecutionException
instanceKlass java/util/concurrent/TimeoutException
instanceKlass com/google/common/collect/RegularImmutableMap$BucketOverflowException
instanceKlass java/util/concurrent/ExecutionException
instanceKlass java/lang/InterruptedException
instanceKlass com/google/inject/internal/ErrorsException
instanceKlass com/google/inject/internal/InternalProvisionException
instanceKlass org/codehaus/plexus/context/ContextException
instanceKlass java/text/ParseException
instanceKlass org/codehaus/plexus/PlexusContainerException
instanceKlass org/codehaus/plexus/component/repository/exception/ComponentLookupException
instanceKlass org/codehaus/plexus/util/xml/pull/XmlPullParserException
instanceKlass java/lang/CloneNotSupportedException
instanceKlass sun/nio/fs/WindowsException
instanceKlass org/apache/commons/cli/ParseException
instanceKlass org/codehaus/plexus/interpolation/InterpolationException
instanceKlass org/apache/maven/cli/MavenCli$ExitException
instanceKlass org/codehaus/plexus/classworlds/launcher/ConfigurationException
instanceKlass java/io/IOException
instanceKlass org/codehaus/plexus/classworlds/ClassWorldException
instanceKlass java/lang/ReflectiveOperationException
instanceKlass java/lang/RuntimeException
ciInstanceKlass java/lang/Exception 1 1 40 10 7 12 1 1 1 10 12 1 10 12 1 10 12 1 10 12 1 100 1 1 1 1 5 0 1 1 1 1 1 1 1 1 1 1 1 1 1 1
instanceKlass java/lang/InstantiationException
instanceKlass java/lang/NoSuchFieldException
instanceKlass java/lang/IllegalAccessException
instanceKlass java/lang/reflect/InvocationTargetException
instanceKlass java/lang/NoSuchMethodException
instanceKlass java/lang/ClassNotFoundException
ciInstanceKlass java/lang/ReflectiveOperationException 1 1 34 10 7 12 1 1 1 10 12 1 10 12 1 10 12 1 100 1 1 1 1 5 0 1 1 1 1 1 1 1 1 1 1 1
instanceKlass com/google/common/util/concurrent/ExecutionError
instanceKlass java/lang/AssertionError
instanceKlass java/io/IOError
instanceKlass org/apache/maven/BuildAbort
instanceKlass java/lang/VirtualMachineError
instanceKlass java/lang/LinkageError
instanceKlass java/lang/ThreadDeath
ciInstanceKlass java/lang/Error 1 1 40 10 7 12 1 1 1 10 12 1 10 12 1 10 12 1 10 12 1 100 1 1 1 1 5 0 1 1 1 1 1 1 1 1 1 1 1 1 1 1
ciInstanceKlass java/lang/ThreadDeath 0 0 21 10 100 12 1 1 1 100 1 1 1 1 5 0 1 1 1 1 1 1 1
ciInstanceKlass java/lang/ClassNotFoundException 1 1 96 7 1 10 7 12 1 1 1 10 12 1 10 12 1 1 10 100 12 1 1 1 8 1 10 100 12 1 1 1 10 7 12 1 1 10 100 12 1 1 1 10 100 12 1 1 1 10 12 1 1 7 1 10 12 1 9 12 1 1 1 1 1 5 0 1 1 1 1 1 1 1 1 1 1 1 1 1 1 1 1 1 1 100 1 1 1 1 1 1 1 1 1 1 1 1
staticfield java/lang/ClassNotFoundException serialPersistentFields [Ljava/io/ObjectStreamField; 1 [Ljava/io/ObjectStreamField;
instanceKlass java/lang/ClassFormatError
instanceKlass java/lang/UnsatisfiedLinkError
instanceKlass java/lang/IncompatibleClassChangeError
instanceKlass java/lang/BootstrapMethodError
instanceKlass java/lang/NoClassDefFoundError
ciInstanceKlass java/lang/LinkageError 1 1 31 10 7 12 1 1 1 10 12 1 10 12 1 100 1 1 1 1 5 0 1 1 1 1 1 1 1 1 1 1 1
ciInstanceKlass java/lang/Record 0 0 22 10 100 12 1 1 1 100 1 1 1 1 1 1 1 1 1 1 1 1 1 1
ciInstanceKlass java/lang/StringLatin1 1 1 380 7 1 10 100 12 1 1 1 100 1 10 12 1 10 7 12 1 1 1 10 7 12 1 1 1 10 12 1 10 7 12 1 1 1 10 12 1 1 10 7 12 1 1 1 10 12 1 1 10 12 1 1 10 10 12 1 10 12 1 1 10 9 7 12 1 1 1 10 12 1 1 10 7 12 1 1 1 10 12 10 12 1 1 10 12 1 1 10 12 1 1 10 7 12 1 1 1 10 12 1 10 12 1 1 9 12 1 1 100 1 10 10 100 12 1 1 1 10 7 12 1 1 1 10 12 1 10 12 1 100 1 100 1 8 1 10 12 1 8 1 10 12 100 1 10 10 10 7 12 1 1 1 8 1 8 1 8 1 10 12 1 1 10 100 12 1 1 10 12 1 10 12 1 1 10 12 1 1 10 12 1 1 10 12 1 10 12 10 12 10 12 1 10 12 10 10 12 1 10 12 1 10 12 1 10 100 12 1 1 1 10 100 12 1 1 1 10 12 1 1 10 12 1 1 10 10 7 12 1 1 1 1 1 1 1 1 1 1 1 1 1 1 1 1 1 1 1 1 1 1 1 1 1 1 1 1 1 1 1 1 1 1 1 1 1 1 1 1 1 1 1 1 1 1 1 1 1 1 1 1 100 1 1 1 1 1 1 1 1 1 1 1 1 1 1 1 1 1 1 1 1 1 1 1 1 1 1 1 1 1 1 1 1 1 1 1 1 1 1 1 1 1 1 1 1 100 1 1 1 1 1 1 1 1 1 1 1 1 1 1 1 1 1 1 1 1 1 100 1 1 1 1 1 1 1 1 1 1 1 1 1 1 1 1 1 1 1 1 1 1 1 1 1 1 100 1 1 1 1
staticfield java/lang/StringLatin1 $assertionsDisabled Z 1
ciInstanceKlass java/lang/Math 1 1 395 10 100 12 1 1 1 10 7 12 1 1 1 10 12 1 10 12 1 10 12 1 10 12 1 10 12 1 7 1 6 0 6 0 10 12 1 10 12 1 10 12 1 10 12 1 10 12 1 10 12 1 1 10 12 1 10 12 1 10 12 1 10 12 1 10 12 1 10 7 12 1 1 1 100 1 3 3 3 10 7 12 1 1 1 100 1 5 0 5 0 5 0 5 0 5 0 9 100 12 1 1 1 10 100 12 1 1 1 100 1 8 1 10 12 1 8 1 10 12 1 1 10 12 1 1 100 1 5 0 5 0 100 1 3 5 0 3 5 0 10 12 1 10 12 1 8 1 10 12 1 8 1 9 12 1 1 9 12 1 10 12 1 1 6 0 10 12 1 9 12 1 1 100 1 10 10 12 1 100 1 10 12 1 10 12 1 1 10 12 1 10 12 1 10 12 1 10 12 1 1 10 12 1 1 10 12 1 1 10 12 6 0 10 12 1 1 10 12 1 1 10 12 10 12 1 4 10 12 1 1 10 12 1 10 12 1 10 12 10 12 1 10 12 1 10 12 1 10 12 1 10 12 1 10 12 1 10 12 1 5 0 6 0 4 6 0 4 6 0 4 10 12 1 1 9 12 1 1 10 12 1 9 12 1 10 7 12 1 1 1 4 6 0 1 1 6 0 1 6 0 1 1 1 1 1 1 1 1 1 1 1 1 1 1 1 1 1 1 1 1 1 1 1 1 1 1 1 1 1 1 1 1 1 1 1 1 1 1 1 1 1 1 1 1 1 1 1 1 1 1 1 1 1 1 1 1 1 1 1 1 1 1 1 1 1 1 1 1 1 1 1 1 1 1 1 1 1 1 1 1 1 1 1 1 1 1 1 1 1 1 1 1 1 1
staticfield java/lang/Math negativeZeroFloatBits J -2147483648
staticfield java/lang/Math negativeZeroDoubleBits J -9223372036854775808
staticfield java/lang/Math $assertionsDisabled Z 1
ciInstanceKlass java/util/Arrays 1 1 988 10 7 12 1 1 1 10 100 12 1 1 1 10 7 12 1 1 1 10 12 1 10 12 1 10 12 1 10 12 1 10 12 1 10 12 1 10 100 12 1 1 1 100 1 100 1 10 8 1 10 12 1 1 10 12 1 8 1 8 1 10 12 1 1 10 12 1 100 1 10 12 1 9 100 12 1 1 1 10 7 12 1 1 100 1 10 12 1 1 10 7 12 1 1 10 7 12 1 1 1 100 1 10 12 1 10 12 1 1 7 1 9 7 12 1 1 1 10 12 1 1 10 100 12 1 1 10 12 1 10 12 1 1 10 12 1 10 12 1 1 7 1 11 12 1 1 10 12 1 10 7 12 1 1 1 10 12 10 12 1 10 12 1 10 12 10 12 1 11 7 12 1 1 1 10 7 12 1 1 1 100 1 10 12 1 10 100 1 10 12 1 10 100 1 10 12 1 10 100 1 10 12 1 10 10 12 1 1 10 12 1 10 12 1 10 12 1 10 12 1 10 12 1 10 100 12 1 1 1 10 12 1 10 100 12 1 1 1 10 12 1 10 12 1 10 100 12 1 1 1 10 12 1 10 12 1 10 12 1 10 12 1 10 12 1 10 12 1 10 12 1 10 12 1 10 12 1 10 12 1 10 12 1 10 12 1 10 12 1 10 12 1 10 12 1 10 12 1 1 10 12 1 1 10 7 12 1 1 1 10 12 1 8 1 7 1 10 12 10 12 1 10 12 1 1 10 12 1 1 9 100 12 1 1 1 100 1 10 12 1 9 100 1 100 1 10 12 1 9 100 1 100 1 10 12 1 9 100 1 100 1 10 12 1 9 100 1 100 1 10 12 1 9 100 1 100 1 10 12 1 9 100 1 10 12 1 100 1 10 12 1 10 12 1 9 12 1 100 1 10 10 12 1 1 10 12 1 10 12 1 10 12 1 10 12 1 10 12 1 10 12 1 10 12 1 10 12 1 10 12 1 8 1 8 1 10 12 1 10 12 1 8 1 10 12 1 10 12 1 10 12 1 10 100 12 1 1 1 3 10 100 1 10 10 12 1 1 11 100 12 1 1 10 12 1 1 10 12 1 10 12 1 10 12 1 10 12 1 10 12 1 10 12 1 10 12 1 10 12 1 11 12 1 8 1 10 11 12 1 11 7 12 1 1 1 11 100 12 1 1 1 11 12 1 1 18 12 1 1 11 12 1 1 11 100 12 1 1 1 18 12 1 11 100 12 1 1 1 18 12 1 11 100 12 1 1 1 18 12 1 100 1 10 7 12 1 1 1 10 12 1 10 12 1 10 12 1 10 12 1 10 12 1 10 12 1 10 12 1 10 12 1 1 10 12 1 10 7 12 1 1 10 12 1 10 12 1 10 12 1 1 10 12 1 10 12 1 10 12 1 1 10 12 1 10 12 1 10 12 1 1 10 12 1 10 12 1 10 12 1 10 12 1 10 12 10 12 1 10 12 10 12 10 12 1 10 12 10 12 1 10 12 1 10 12 1 1 1 1 3 1 3 1 1 1 1 1 1 1 1 1 1 1 1 1 1 1 1 1 1 1 1 1 1 1 1 1 1 1 1 1 1 1 1 1 1 1 1 1 1 1 1 1 1 1 1 1 1 1 1 1 1 1 1 1 1 1 1 1 1 1 1 1 1 1 1 1 1 1 1 1 1 1 1 1 1 1 1 1 1 1 1 1 1 1 1 1 1 1 1 1 1 1 1 1 1 1 1 1 1 1 1 1 1 1 1 1 1 1 1 1 1 1 1 1 1 1 1 1 1 1 1 1 1 1 1 1 1 1 1 1 1 1 1 1 1 1 1 1 1 1 1 1 1 1 1 1 1 1 1 1 1 1 1 1 1 1 1 1 1 1 1 1 1 1 1 1 1 1 1 1 1 1 1 1 1 1 1 1 1 1 1 1 1 1 1 1 1 1 1 1 1 1 1 1 1 1 1 1 1 1 1 1 1 1 1 1 1 1 1 1 1 1 1 1 1 1 1 1 1 1 1 1 1 1 1 1 1 1 1 1 1 1 1 1 1 1 1 1 1 1 1 1 1 1 1 1 1 1 1 1 1 1 1 1 1 1 1 1 1 1 1 1 100 1 1 15 10 100 12 1 1 1 16 15 10 12 15 10 12 15 10 12 15 10 12 1 1 100 1 100 1 1 1 1 100 1 1 1 1 1 1 100 1 1 100 1 1 100 1 1 1 100 1 100 1 1
staticfield java/util/Arrays $assertionsDisabled Z 1
ciMethod java/lang/StringLatin1 equals ([B[B)Z 668 522 3934 0 -1
ciInstanceKlass java/lang/Boolean 1 1 151 10 7 12 1 1 1 9 7 12 1 1 1 10 12 1 1 10 12 1 8 1 10 7 12 1 1 9 12 1 1 9 12 1 8 1 10 12 1 1 10 12 1 1 10 7 12 1 1 1 100 1 100 1 10 12 1 1 9 100 12 1 1 9 12 10 100 12 1 1 1 10 12 1 1 8 1 10 7 12 1 1 1 9 12 1 1 100 1 100 1 100 1 1 1 1 1 1 5 0 1 1 1 1 1 1 1 1 1 1 3 1 1 1 1 1 1 1 1 1 1 1 1 1 1 1 1 1 1 1 1 100 1 1 1 1 1 1 1 1 1 1 100 1 1 1 1 1 1 1 1
staticfield java/lang/Boolean TRUE Ljava/lang/Boolean; java/lang/Boolean
staticfield java/lang/Boolean FALSE Ljava/lang/Boolean; java/lang/Boolean
staticfield java/lang/Boolean TYPE Ljava/lang/Class; java/lang/Class
instanceKlass java/util/concurrent/locks/AbstractQueuedSynchronizer
ciInstanceKlass java/util/concurrent/locks/AbstractOwnableSynchronizer 1 1 32 10 7 12 1 1 1 9 7 12 1 1 1 100 1 1 1 1 5 0 1 1 1 1 1 1 1 1 1 1 1 1
instanceKlass java/math/BigInteger
instanceKlass java/util/concurrent/atomic/AtomicLong
instanceKlass java/util/concurrent/atomic/AtomicInteger
instanceKlass java/lang/Long
instanceKlass java/lang/Integer
instanceKlass java/lang/Short
instanceKlass java/lang/Byte
instanceKlass java/lang/Double
instanceKlass java/lang/Float
ciInstanceKlass java/lang/Number 1 1 37 10 7 12 1 1 1 10 100 12 1 1 1 100 1 1 1 1 5 0 1 1 1 1 1 1 1 1 1 1 1 1 1 1 1 1 1
instanceKlass java/lang/LiveStackFrameInfo
ciInstanceKlass java/lang/StackFrameInfo 0 0 132 10 100 12 1 1 1 9 100 12 1 1 1 9 100 1 9 12 1 1 11 100 12 1 1 1 9 12 1 1 11 12 1 1 10 12 1 1 10 100 12 1 1 1 10 12 1 11 12 1 11 12 1 1 11 12 1 10 12 1 1 9 12 1 1 10 12 1 1 10 100 12 1 1 10 12 1 1 11 12 1 1 10 12 1 9 12 1 1 10 12 1 1 100 1 8 1 10 12 1 10 100 12 1 1 1 100 1 1 1 1 1 1 1 1 1 1 1 1 1 1 1 1 1 1 100 1 1 1 1 1 1
ciInstanceKlass java/lang/LiveStackFrameInfo 0 0 97 10 100 12 1 1 1 9 100 12 1 1 1 9 12 1 9 12 1 9 12 1 9 12 1 1 100 1 10 12 1 1 10 12 1 8 1 10 12 1 1 8 1 8 1 8 1 10 100 1 10 12 1 100 1 10 12 1 100 1 100 1 1 1 3 1 3 1 1 1 1 1 1 1 1 1 1 1 1 1 1 1 1 1 1 1 1 1 1 1 1 1 1 1 100 1 1
ciInstanceKlass java/lang/Character 1 1 576 7 1 100 1 100 1 9 12 1 1 8 1 9 12 1 1 100 1 9 12 1 1 10 100 12 1 1 1 10 100 12 1 1 1 10 100 12 1 1 1 10 7 12 1 1 1 9 7 12 1 1 1 10 12 1 10 12 1 1 10 12 1 1 10 7 12 1 1 10 12 1 1 3 3 3 3 3 10 12 1 1 10 12 1 3 11 7 12 1 1 1 11 12 1 1 10 12 1 1 10 12 1 1 100 1 10 10 12 1 3 10 12 1 1 10 12 1 10 12 1 1 100 1 8 1 10 12 1 1 10 12 1 10 12 1 10 12 1 10 12 1 10 12 1 1 10 12 1 10 7 12 1 1 10 10 12 1 10 10 12 1 10 12 1 1 10 12 1 10 10 12 1 10 12 1 10 12 1 10 12 1 10 12 1 10 12 1 10 12 1 10 12 10 10 12 10 10 12 1 10 10 12 1 10 10 12 1 10 10 12 1 10 10 12 1 10 10 12 1 10 10 12 1 1 10 10 12 1 10 5 0 10 12 1 10 12 1 10 10 12 1 10 10 12 1 1 10 10 12 1 10 10 12 1 9 12 1 1 100 1 10 10 12 1 10 12 1 1 3 10 100 12 1 1 1 10 12 1 10 100 12 1 1 100 1 10 10 12 1 1 10 12 1 1 10 12 1 1 8 1 10 12 1 9 100 12 1 1 1 10 12 1 10 10 12 1 10 12 1 1 10 12 1 10 10 12 1 1 10 10 12 1 1 100 1 8 1 10 12 1 1 10 7 12 1 1 1 8 1 10 12 1 1 9 12 1 1 100 1 100 1 100 1 1 1 1 3 1 3 1 3 1 3 1 1 1 1 1 3 1 1 3 1 3 1 3 1 3 1 3 1 3 1 3 1 3 1 3 1 3 1 3 1 3 1 3 1 3 1 3 1 3 1 3 1 3 1 3 1 3 1 3 1 3 1 3 1 3 1 3 1 3 1 3 1 3 1 1 1 1 1 1 1 1 1 1 1 1 1 1 1 1 1 1 1 3 1 1 1 1 1 1 1 3 1 1 3 1 1 1 1 1 3 1 1 5 0 1 1 1 1 1 1 1 1 1 1 1 1 1 1 1 1 1 1 1 1 1 1 1 1 1 1 1 1 1 1 1 1 1 1 1 1 1 1 1 1 1 1 1 1 1 1 1 1 1 1 1 1 1 1 1 1 1 1 1 1 1 1 1 1 1 1 1 1 1 1 1 1 1 1 1 1 1 1 1 1 1 1 1 1 1 1 1 1 1 100 1 100 1 1 1 1 1 1
staticfield java/lang/Character TYPE Ljava/lang/Class; java/lang/Class
staticfield java/lang/Character $assertionsDisabled Z 1
ciInstanceKlass java/lang/Float 1 1 223 7 1 100 1 10 7 12 1 1 1 10 100 12 1 1 1 4 100 1 10 12 1 1 10 12 1 1 8 1 8 1 10 100 12 1 1 1 10 12 1 1 10 12 1 1 10 4 4 4 10 7 12 1 1 9 12 1 1 10 12 1 1 10 12 1 10 12 1 10 12 1 1 10 12 1 10 12 1 3 10 12 1 1 10 12 1 1 10 12 1 10 100 12 1 1 1 10 12 1 1 10 12 1 1 8 1 10 7 12 1 1 1 9 12 1 1 100 1 100 1 100 1 1 1 1 1 4 1 1 1 4 1 1 3 1 3 1 3 1 3 1 1 1 1 5 0 1 1 1 1 1 1 1 1 1 1 7 1 1 1 1 1 1 1 1 1 1 1 1 1 3 1 1 1 1 1 1 1 1 1 1 1 1 1 1 1 1 1 1 1 1 1 1 1 1 1 1 1 1 1 1 1 1 1 1 1 1 1 1 7 1 1 1 1 1 1 1 100 1 100 1 1
staticfield java/lang/Float TYPE Ljava/lang/Class; java/lang/Class
ciInstanceKlass java/lang/Double 1 1 285 7 1 100 1 10 7 12 1 1 1 10 12 1 1 10 12 1 100 1 10 12 1 1 10 100 12 1 1 1 6 0 8 1 10 12 1 1 8 1 10 12 1 1 8 1 6 0 10 12 1 1 100 1 5 0 5 0 8 1 8 1 10 100 12 1 1 1 10 100 12 1 1 1 8 1 10 12 1 1 8 1 8 1 8 1 10 12 1 1 10 12 1 10 12 1 1 10 12 1 10 12 1 10 12 1 1 10 12 1 10 6 0 6 0 6 0 10 7 12 1 1 9 12 1 1 10 12 1 10 12 1 10 12 1 10 12 1 5 0 10 12 1 1 10 12 1 10 12 1 10 100 12 1 1 1 10 12 1 1 10 12 1 1 8 1 10 7 12 1 1 1 9 12 1 1 100 1 100 1 100 1 1 1 1 1 6 0 1 1 1 6 0 1 1 3 1 3 1 3 1 3 1 1 1 1 5 0 1 1 1 1 1 1 1 1 1 1 1 1 1 1 1 1 7 1 1 1 1 1 1 1 1 1 1 1 1 3 1 1 1 1 1 1 1 1 1 1 1 1 1 1 1 1 1 1 1 1 1 1 1 1 1 1 1 1 1 1 1 1 1 1 7 1 1 1 1 1 1 1 100 1 100 1 1
staticfield java/lang/Double TYPE Ljava/lang/Class; java/lang/Class
ciInstanceKlass java/lang/Byte 1 1 215 7 1 100 1 10 100 12 1 1 1 9 12 1 1 8 1 9 12 1 1 100 1 10 12 1 1 10 12 1 1 10 100 12 1 1 1 10 100 12 1 1 1 9 100 12 1 1 1 10 12 1 1 7 1 100 1 10 12 1 1 8 1 10 12 1 1 8 1 10 12 1 10 12 1 10 12 1 10 12 1 1 10 12 1 10 12 1 10 12 1 1 10 8 1 8 1 10 7 1 9 12 1 1 10 12 1 10 12 1 1 10 12 1 1 10 12 1 1 10 12 1 5 0 10 12 1 1 8 1 10 7 12 1 1 1 9 12 1 1 100 1 100 1 1 1 3 1 3 1 1 1 1 3 1 3 1 1 5 0 1 1 1 1 1 1 1 1 1 1 1 1 1 1 1 1 1 1 1 1 1 1 1 1 1 1 1 1 1 1 1 1 1 1 1 1 1 1 1 1 1 1 1 1 1 1 1 1 1 1 1 1 1 1 1
staticfield java/lang/Byte TYPE Ljava/lang/Class; java/lang/Class
ciInstanceKlass java/lang/Short 1 1 224 7 1 100 1 100 1 10 100 12 1 1 1 10 12 1 1 7 1 100 1 10 12 1 1 8 1 10 12 1 1 8 1 10 12 1 10 12 1 10 12 1 10 12 1 1 10 12 1 1 10 12 1 9 12 1 1 8 1 9 12 1 1 100 1 10 12 1 1 10 12 1 10 100 12 1 1 1 10 100 12 1 1 1 9 100 12 1 1 1 10 12 1 10 12 1 1 10 8 1 8 1 10 100 1 9 12 1 1 10 12 1 10 12 1 1 10 12 1 1 10 12 1 1 10 12 1 3 3 5 0 10 12 1 1 8 1 10 7 12 1 1 1 9 12 1 1 100 1 100 1 1 1 3 1 3 1 1 1 1 3 1 3 1 1 5 0 1 1 1 1 1 1 1 1 1 1 1 1 1 1 1 1 1 1 1 1 1 1 1 1 1 1 1 3 1 1 1 1 1 1 1 1 1 1 1 1 1 1 1 1 1 1 1 1 1 1 1 1 1 1 1 1 1
staticfield java/lang/Short TYPE Ljava/lang/Class; java/lang/Class
ciInstanceKlass java/lang/Integer 1 1 445 7 1 100 1 7 1 7 1 10 12 1 1 9 12 1 1 9 12 1 1 10 100 12 1 1 1 10 12 1 1 10 100 12 1 1 1 10 10 12 1 1 10 100 12 1 1 1 10 12 1 10 12 1 1 10 7 12 1 1 1 10 12 1 1 10 12 1 1 10 12 1 10 12 1 10 12 1 1 10 10 12 1 9 12 1 1 9 12 1 7 1 8 1 10 12 1 100 1 10 12 1 8 1 10 12 1 1 10 12 1 8 1 10 12 1 8 1 10 12 1 1 3 10 12 1 1 3 10 12 1 1 10 12 1 1 10 7 12 1 1 1 11 7 1 100 1 10 11 10 12 1 1 8 1 10 12 1 1 8 1 100 1 10 12 1 1 10 12 1 1 5 0 8 1 10 12 1 10 12 1 10 12 1 10 12 1 1 7 1 9 12 1 1 9 12 1 1 10 12 1 10 7 1 9 12 1 10 12 1 10 12 1 10 12 1 1 10 7 12 1 1 1 100 1 100 1 10 12 1 1 10 12 1 1 8 1 8 1 10 12 1 1 8 1 8 1 8 1 8 1 8 1 8 1 10 12 1 10 12 1 10 12 1 5 0 3 3 3 3 10 12 1 3 10 12 1 10 100 12 1 1 1 10 12 1 1 10 12 1 1 8 1 10 7 12 1 1 1 9 12 1 1 3 3 3 3 3 3 9 12 1 1 100 1 100 1 100 1 1 1 1 1 1 1 3 1 3 1 1 5 0 1 1 1 1 1 1 1 1 1 100 1 1 1 1 1 1 1 1 1 1 1 1 1 1 1 1 1 1 1 1 1 1 1 1 1 1 1 1 1 1 1 1 1 1 1 1 1 1 1 3 1 1 1 1 1 1 1 1 1 1 1 1 1 1 1 1 100 1 1 1 1 1 1 1 1 1 1 1 1 1 1 1 1 1 1 1 1 1 1 1 1 1 1 1 1 1 1 1 7 1 1 1 1 1 1 1 1 1 100 1 100 1 1
staticfield java/lang/Integer TYPE Ljava/lang/Class; java/lang/Class
staticfield java/lang/Integer digits [C 36
staticfield java/lang/Integer DigitTens [B 100
staticfield java/lang/Integer DigitOnes [B 100
staticfield java/lang/Integer sizeTable [I 10
ciMethod java/lang/Integer numberOfLeadingZeros (I)I 30 0 5171 0 -1
ciInstanceKlass java/lang/Long 1 1 506 7 1 100 1 7 1 7 1 10 12 1 1 9 12 1 1 9 7 12 1 1 1 10 100 12 1 1 1 10 12 1 1 10 100 12 1 1 1 10 10 12 10 12 1 10 12 1 10 12 1 5 0 5 0 7 1 10 12 1 1 10 12 1 1 10 12 1 10 12 1 10 12 1 10 12 1 1 10 100 12 1 1 10 12 1 10 12 1 1 10 12 1 1 10 12 1 1 10 12 1 1 10 100 12 1 1 1 10 12 1 1 10 12 1 10 12 1 10 12 1 10 12 1 1 10 10 12 1 5 0 5 0 9 12 1 1 9 12 1 5 0 7 1 8 1 10 12 1 8 1 10 12 1 8 1 8 1 10 12 1 1 5 0 10 12 1 1 5 0 10 12 1 1 10 12 1 1 10 100 12 1 1 1 11 100 1 100 1 10 11 10 12 1 1 8 1 10 12 1 1 8 1 100 1 10 12 1 1 10 12 1 8 1 8 1 11 12 1 1 10 12 1 10 12 1 10 12 1 5 0 5 0 9 7 12 1 1 1 10 12 1 10 12 1 1 8 1 8 1 10 12 1 1 8 1 8 1 8 1 8 1 8 1 8 1 10 12 1 10 12 1 10 12 1 1 10 7 1 9 12 1 1 10 12 1 10 12 1 1 10 100 12 1 1 1 100 1 100 1 10 12 1 1 10 12 1 1 5 0 10 12 1 10 12 1 5 0 5 0 5 0 10 12 1 1 5 0 5 0 10 12 1 10 12 1 10 100 12 1 1 1 10 12 1 1 10 12 1 1 8 1 10 7 12 1 1 1 9 12 1 1 100 1 100 1 100 1 1 1 1 5 0 1 1 1 1 3 1 3 1 5 0 1 1 1 1 1 1 1 1 1 100 1 1 1 1 1 1 1 1 1 1 1 1 1 1 1 1 1 1 1 1 1 1 1 1 1 1 1 1 1 1 1 1 1 1 1 1 1 1 1 1 1 1 1 1 1 1 1 1 1 1 1 1 1 1 3 1 1 1 1 1 1 1 1 1 1 1 1 1 1 1 100 1 1 1 1 1 1 1 1 1 1 1 1 1 1 1 1 1 1 1 1 1 1 1 1 1 1 1 7 1 1 1 1 1 1 1 1 1 100 1 100 1 1
staticfield java/lang/Long TYPE Ljava/lang/Class; java/lang/Class
instanceKlass java/lang/ref/PhantomReference
instanceKlass java/lang/ref/FinalReference
instanceKlass java/lang/ref/WeakReference
instanceKlass java/lang/ref/SoftReference
ciInstanceKlass java/lang/ref/Reference 1 1 195 9 7 12 1 1 1 9 7 12 1 1 10 12 1 1 10 12 1 1 9 12 1 1 10 12 1 1 9 12 1 1 9 12 1 1 7 1 10 12 1 10 7 12 1 1 10 12 1 10 12 1 1 10 12 1 9 12 1 10 12 1 1 10 12 1 10 12 1 9 12 1 100 1 100 1 10 12 1 9 12 1 9 12 1 100 1 10 10 12 1 10 10 7 12 1 1 10 7 12 1 1 1 10 12 1 1 10 7 12 1 1 7 1 8 1 10 12 1 10 12 1 1 10 12 1 1 10 12 1 7 1 10 10 7 12 1 1 1 1 1 1 1 1 1 1 1 1 1 1 1 1 1 1 1 100 1 1 1 100 1 1 1 1 1 1 1 1 1 1 1 1 1 1 1 1 1 1 1 1 1 1 1 1 1 1 1 1 1 1 1 1 1 1 1
staticfield java/lang/ref/Reference processPendingLock Ljava/lang/Object; java/lang/Object
staticfield java/lang/ref/Reference $assertionsDisabled Z 1
instanceKlass org/eclipse/sisu/inject/MildElements$Soft
instanceKlass sun/util/locale/provider/LocaleResources$ResourceReference
instanceKlass sun/util/resources/Bundles$BundleReference
instanceKlass sun/util/locale/LocaleObjectCache$CacheEntry
instanceKlass org/eclipse/sisu/inject/MildKeys$Soft
instanceKlass java/lang/invoke/LambdaFormEditor$Transform
ciInstanceKlass java/lang/ref/SoftReference 1 1 47 10 7 12 1 1 1 9 7 12 1 1 1 9 12 1 10 12 1 10 12 1 1 1 1 1 1 1 1 1 1 1 1 1 1 1 1 1 1 1 1 100 1 1 1 1 1
instanceKlass sun/nio/ch/FileLockTable$FileLockReference
instanceKlass org/eclipse/sisu/inject/MildElements$Weak
instanceKlass com/google/common/cache/LocalCache$WeakValueReference
instanceKlass com/google/common/collect/MapMakerInternalMap$AbstractWeakKeyEntry
instanceKlass com/google/common/cache/LocalCache$WeakEntry
instanceKlass java/lang/WeakPairMap$WeakRefPeer
instanceKlass java/lang/ClassValue$Entry
instanceKlass java/util/logging/LogManager$LoggerWeakRef
instanceKlass java/util/logging/Level$KnownLevel
instanceKlass org/eclipse/sisu/inject/MildKeys$Weak
instanceKlass java/lang/invoke/MethodType$ConcurrentWeakInternSet$WeakEntry
instanceKlass java/lang/ThreadLocal$ThreadLocalMap$Entry
instanceKlass java/util/WeakHashMap$Entry
ciInstanceKlass java/lang/ref/WeakReference 1 1 31 10 7 12 1 1 1 10 12 1 100 1 1 1 1 1 1 1 1 1 1 1 1 1 1 1 1 1 1 1 1
instanceKlass java/lang/ref/Finalizer
ciInstanceKlass java/lang/ref/FinalReference 1 1 47 10 100 12 1 1 1 10 100 12 1 1 1 10 12 1 1 100 1 8 1 10 12 1 1 1 1 1 1 1 1 1 1 1 1 1 1 1 1 1 1 1 1 1 1 1 1
ciInstanceKlass java/lang/ref/Finalizer 1 1 152 9 7 12 1 1 1 10 100 12 1 1 1 9 12 1 1 9 12 1 1 9 12 1 9 12 1 10 12 1 10 12 1 1 9 12 1 1 100 1 10 12 1 100 1 11 100 12 1 1 100 1 10 12 1 100 1 10 12 1 10 100 12 1 1 1 10 100 12 1 1 1 100 1 10 10 12 1 10 7 12 1 1 1 7 1 10 7 1 10 10 7 12 1 1 1 10 12 1 1 10 7 12 1 1 7 1 10 12 1 10 12 1 1 10 12 1 1 10 12 1 1 1 1 1 1 1 1 1 1 1 1 1 1 1 1 1 1 1 1 1 1 1 1 1 1 1 1 1 1 1 1
staticfield java/lang/ref/Finalizer lock Ljava/lang/Object; java/lang/Object
staticfield java/lang/ref/Finalizer $assertionsDisabled Z 1
instanceKlass jdk/internal/ref/PhantomCleanable
instanceKlass jdk/internal/ref/Cleaner
ciInstanceKlass java/lang/ref/PhantomReference 1 1 39 10 100 12 1 1 1 10 7 12 1 1 1 1 1 1 1 1 1 1 1 1 1 1 1 1 1 1 1 1 1 1 1 1 1 1 1 1 1
instanceKlass java/lang/reflect/Executable
instanceKlass java/lang/reflect/Field
ciInstanceKlass java/lang/reflect/AccessibleObject 1 1 398 10 7 12 1 1 1 9 100 12 1 1 1 10 100 12 1 1 1 10 7 12 1 1 10 7 12 1 1 1 10 7 12 1 1 1 10 12 1 1 10 12 1 1 9 12 1 1 100 1 10 7 12 1 1 1 11 12 1 100 1 10 12 1 7 1 100 1 10 12 1 10 12 1 1 7 1 10 7 12 1 1 1 10 12 1 1 100 1 10 12 1 1 100 1 10 10 10 7 12 1 1 1 10 12 1 1 10 12 1 10 12 1 10 12 1 1 10 12 1 8 1 100 1 10 10 12 1 1 8 1 10 12 1 10 12 1 8 1 8 1 8 1 8 1 8 1 8 1 100 1 10 12 1 10 12 1 9 12 1 1 10 12 1 1 10 12 1 10 11 100 1 100 1 8 1 10 10 12 1 10 12 1 1 8 1 10 12 1 8 1 10 12 1 1 10 100 1 8 1 10 11 7 12 1 1 10 12 1 1 10 12 1 1 10 12 1 1 9 12 1 1 100 1 10 12 1 7 1 10 12 1 10 12 1 1 10 100 1 10 12 1 10 12 10 12 1 10 12 1 1 10 12 1 10 12 1 1 10 12 1 9 12 1 10 100 12 1 1 8 1 10 100 12 1 1 1 8 1 10 100 12 1 1 1 9 12 1 100 1 10 7 1 10 10 7 12 1 1 1 7 1 10 10 7 12 1 1 1 7 1 9 12 1 1 1 1 1 1 1 1 1 1 1 1 1 1 1 1 1 1 1 1 1 1 1 1 1 1 1 1 1 1 1 1 1 1 1 1 1 1 1 1 1 1 1 1 1 1 1 1 1 1 1 1 1 1 1 1 1 1 1 1 1 1 1 1 1 1 1 1 1 1 1 1 1 1 1 1 1 1 1 1 1 1 1 1 1
staticfield java/lang/reflect/AccessibleObject reflectionFactory Ljdk/internal/reflect/ReflectionFactory; jdk/internal/reflect/ReflectionFactory
instanceKlass java/lang/reflect/Constructor
instanceKlass java/lang/reflect/Method
ciInstanceKlass java/lang/reflect/Executable 1 1 548 10 7 12 1 1 1 10 7 12 1 1 1 10 7 12 1 1 1 11 7 12 1 1 1 10 7 12 1 1 1 10 12 1 1 10 7 12 1 1 1 10 7 12 1 1 1 10 12 1 8 1 10 10 12 1 1 10 12 1 1 10 100 12 1 1 1 18 12 1 1 11 100 12 1 1 1 8 1 8 1 8 1 10 100 12 1 1 1 11 12 1 1 100 1 8 1 8 1 10 12 1 100 1 8 1 10 12 1 8 1 11 100 12 1 1 1 100 1 10 12 1 1 11 12 1 8 1 18 8 1 10 12 1 10 12 1 1 18 8 1 10 12 1 100 1 10 12 1 10 12 1 11 100 12 1 1 10 12 1 1 8 1 8 1 10 12 1 1 10 12 1 1 10 10 12 1 100 1 10 10 12 1 10 12 1 1 10 7 12 1 1 10 12 1 10 12 1 10 12 1 1 10 7 12 1 1 10 12 1 10 12 1 10 100 12 1 1 1 10 12 1 8 1 10 12 1 10 12 1 3 100 1 8 1 10 12 1 10 12 1 10 10 12 1 10 12 1 1 8 1 8 1 8 1 9 12 1 10 12 1 100 1 8 1 9 12 1 10 12 1 10 12 1 1 10 12 1 1 10 12 1 10 12 10 12 1 7 1 10 12 1 10 12 1 1 100 1 10 100 12 1 1 1 7 1 10 7 12 1 1 1 10 12 1 1 11 7 12 1 1 10 7 12 1 1 10 100 12 1 1 1 10 12 1 1 9 12 1 10 12 1 1 10 12 1 10 12 1 1 9 7 12 1 1 1 10 7 12 1 1 1 10 12 1 10 12 1 1 9 12 1 10 10 10 10 100 12 1 1 1 10 12 1 9 12 1 10 12 1 1 9 12 1 100 1 100 1 1 1 1 1 1 1 1 1 1 1 1 1 1 1 1 1 1 1 1 1 1 1 1 1 1 1 1 1 1 1 1 1 1 100 1 1 1 1 1 1 1 1 100 1 1 1 1 1 1 1 1 1 1 1 1 100 1 1 1 1 1 1 1 1 1 1 1 1 1 1 1 1 1 1 1 1 1 1 1 1 1 1 1 1 1 1 1 1 1 1 1 1 1 1 1 1 1 100 1 1 1 1 1 1 1 1 1 1 1 1 1 1 1 1 1 1 1 1 1 100 1 100 1 1 15 10 100 12 1 1 1 16 15 16 1 16 1 15 10 12 16 1 100 1 1 100 1 100 1 1
ciInstanceKlass java/lang/reflect/Constructor 1 1 433 10 7 12 1 1 1 10 7 12 1 1 9 7 12 1 1 1 10 12 1 1 10 12 1 1 10 7 12 1 1 9 12 1 1 10 7 12 1 1 1 9 12 1 1 9 12 1 1 9 12 1 9 12 1 1 9 12 1 9 12 1 1 9 12 1 1 9 12 1 100 1 8 1 10 12 1 10 12 1 9 12 1 1 10 7 12 1 1 10 7 12 1 1 1 10 12 1 1 10 12 1 1 10 12 1 7 1 100 1 8 1 10 10 12 1 10 12 1 10 12 1 1 10 12 1 1 9 100 12 1 1 1 10 7 12 1 1 10 12 1 1 10 12 1 10 12 1 1 10 7 12 1 1 1 10 100 12 1 1 10 12 1 1 10 12 1 10 100 12 1 1 1 8 1 10 10 12 1 100 1 8 1 10 12 1 10 12 1 1 10 12 1 1 10 12 1 10 12 1 10 12 1 1 10 12 1 1 9 12 1 1 10 12 1 1 10 12 1 1 10 12 1 8 1 10 12 1 1 11 7 12 1 1 1 10 12 1 1 10 12 1 10 12 1 9 12 1 1 10 7 12 1 1 1 10 12 1 1 10 12 1 1 10 12 1 1 10 12 1 1 10 12 1 9 100 12 1 1 10 12 1 10 12 1 10 12 1 100 1 8 1 10 10 12 1 1 10 12 1 10 10 12 1 1 10 12 1 1 10 100 12 1 1 1 11 100 12 1 1 1 10 12 1 1 9 100 12 1 1 1 10 100 12 1 1 1 10 12 1 1 1 1 1 1 1 1 1 1 1 1 1 1 1 1 1 1 1 1 1 1 1 1 1 1 1 1 1 1 1 1 1 1 1 1 1 1 1 1 1 1 1 1 1 1 1 1 1 1 1 100 1 100 1 100 1 100 1 1 1 1 1 1 1 1 1 1 1 1 1 1 1 1 1 1 1 1 1 1 1 1 1 1 1 1 1 1 1 1 1 100 1 1
ciInstanceKlass java/lang/reflect/Method 1 1 450 9 7 12 1 1 1 10 7 12 1 1 1 10 7 12 1 1 9 12 1 1 10 12 1 1 10 12 1 1 10 7 12 1 1 10 7 12 1 1 1 9 12 1 1 9 12 1 9 12 1 1 9 12 1 9 12 1 9 12 1 1 9 12 1 9 12 1 1 9 12 1 9 12 1 9 12 1 1 100 1 8 1 10 12 1 10 12 1 9 12 1 1 8 1 10 7 12 1 1 10 7 12 1 1 1 10 12 1 1 10 12 1 1 10 12 1 10 12 1 1 10 12 1 1 9 7 12 1 1 1 10 12 1 1 10 12 10 7 12 1 1 10 12 1 1 10 12 1 10 12 1 10 12 1 10 7 12 1 1 1 10 12 1 1 10 7 1 10 100 12 1 1 1 10 7 12 1 1 10 12 1 1 10 12 1 1 10 12 1 10 7 12 1 1 1 10 12 1 10 8 1 10 12 1 10 12 1 7 1 8 1 8 1 8 1 10 12 1 10 12 1 1 10 12 1 1 10 10 12 1 1 10 12 1 11 100 1 9 12 1 1 10 12 1 1 10 12 1 10 12 1 1 10 12 1 1 11 7 12 1 1 1 10 12 1 10 12 1 10 12 1 10 12 1 10 12 1 9 12 1 1 10 7 12 1 1 1 10 12 1 1 10 7 12 1 1 1 10 7 12 1 1 1 10 7 12 1 1 1 11 7 12 1 1 1 10 7 12 1 1 1 7 1 100 1 100 1 10 12 1 10 12 1 1 10 12 1 100 1 8 1 10 12 1 10 10 12 1 1 10 12 1 1 10 12 1 1 10 12 1 1 8 1 10 12 1 1 1 1 1 1 1 1 1 1 1 1 1 1 1 1 1 1 1 1 1 1 1 1 1 1 1 1 1 1 1 1 1 1 1 1 1 1 1 1 1 1 1 1 1 1 1 1 1 1 1 1 1 100 1 100 1 100 1 1 1 1 1 1 1 1 1 1 1 1 1 1 1 1 1 1 1 1 1 1 1 1 1 1
ciInstanceKlass java/lang/reflect/Field 1 1 437 9 7 12 1 1 1 10 12 1 1 10 100 12 1 1 1 10 100 12 1 1 9 12 1 1 10 12 1 1 10 12 1 1 10 7 12 1 1 10 7 12 1 1 1 9 12 1 1 9 12 1 9 12 1 9 12 1 1 9 12 1 1 9 12 1 9 12 1 1 9 12 1 1 100 1 8 1 10 12 1 10 12 1 9 12 1 1 9 12 1 10 12 1 10 7 12 1 1 10 12 1 1 10 12 1 1 10 12 1 10 12 1 1 7 1 10 12 1 1 10 12 1 1 10 12 1 1 10 12 1 10 12 1 10 7 1 10 7 12 1 1 100 1 10 8 1 10 12 1 1 10 12 1 1 8 1 10 12 10 12 1 8 1 8 1 10 11 100 1 9 12 1 10 12 1 1 10 12 1 1 11 7 12 1 1 1 11 12 1 1 11 12 1 1 11 12 1 1 11 12 1 1 11 12 1 1 11 12 1 1 11 12 1 1 11 12 1 1 11 12 1 1 11 12 1 1 11 12 1 1 11 12 1 1 11 12 1 1 11 12 1 1 11 12 1 1 11 12 1 1 11 12 1 1 10 12 1 10 100 12 1 1 10 12 1 10 12 1 1 10 12 9 12 1 1 10 7 12 1 1 1 10 12 1 1 10 7 12 1 1 10 12 1 1 11 7 1 10 12 1 7 1 10 100 12 1 1 1 10 7 12 1 1 1 9 12 1 10 7 12 1 1 1 11 7 12 1 1 1 10 12 1 1 10 12 1 1 9 7 12 1 1 1 10 7 12 1 1 1 10 12 1 1 100 1 1 1 1 1 1 1 1 1 1 1 1 1 1 1 1 1 1 1 1 1 1 1 1 1 1 1 1 1 1 1 1 1 1 1 100 1 1 1 1 1 1 1 1 1 1 1 1 1 1 1 1 1 1 1 1 1 1 1 1 1 1 1 1 1 1 1 1 1 1 100 1 1 1 1 1 1 1 1 100 1 1
ciInstanceKlass java/lang/reflect/Parameter 1 1 226 10 7 12 1 1 1 9 7 12 1 1 1 9 12 1 1 9 12 1 1 9 12 1 10 12 1 1 10 12 1 1 10 100 12 1 1 1 100 1 10 10 12 1 1 11 100 12 1 1 1 10 12 1 10 100 12 1 1 1 10 12 1 1 10 12 1 10 12 1 8 1 8 1 10 100 12 1 1 1 10 12 1 10 12 10 12 1 8 1 10 12 1 9 12 1 1 10 12 1 1 9 12 1 1 10 12 1 1 10 12 1 1 10 12 1 1 10 12 1 10 10 12 1 10 100 12 1 1 1 10 12 1 1 11 100 12 1 1 10 100 12 1 1 100 1 10 100 12 1 1 1 10 12 1 1 10 12 1 1 10 12 1 1 10 12 1 1 9 12 1 100 1 10 11 12 1 1 11 12 1 1 100 1 1 1 1 1 1 1 1 1 1 1 1 1 1 1 1 1 1 1 1 1 1 1 1 1 1 1 1 1 1 1 1 1 1 1 1 1 1 100 1 1 1 1
ciInstanceKlass java/lang/StringBuffer 1 1 470 10 7 12 1 1 1 10 12 1 10 12 1 10 12 1 1 9 7 12 1 1 1 10 12 1 1 10 12 1 10 12 1 1 9 12 1 1 10 12 1 10 12 1 1 10 12 1 1 10 12 1 10 12 1 1 10 12 1 10 12 1 1 10 12 1 1 10 100 12 1 1 1 10 12 1 1 10 12 1 10 12 1 10 12 1 10 12 1 10 12 1 10 12 1 10 12 1 10 12 1 10 12 1 10 12 1 10 12 1 10 12 1 10 12 1 10 12 1 1 10 12 1 10 12 1 1 10 12 1 1 10 10 12 1 1 10 12 1 10 12 1 10 12 1 10 12 1 10 12 1 10 12 1 10 12 10 12 1 10 12 1 10 12 1 10 12 1 1 10 12 1 10 12 1 10 10 12 1 1 10 12 1 1 9 12 1 1 10 7 12 1 1 1 10 7 1 10 10 100 12 1 1 1 10 10 12 1 10 8 10 100 12 1 1 1 8 10 12 1 8 1 10 12 1 10 12 1 10 100 12 1 1 1 10 100 12 1 1 1 7 1 10 12 100 1 8 1 10 10 12 1 1 10 12 1 1 10 12 1 1 10 12 1 10 12 1 10 12 1 10 12 1 10 12 1 10 12 1 10 12 1 10 12 1 10 12 1 10 12 1 10 12 1 10 12 1 10 12 1 10 12 1 10 12 1 10 12 1 10 12 10 12 10 12 1 10 12 1 10 12 1 10 12 10 12 1 10 12 1 10 12 1 10 12 1 10 12 1 10 12 1 10 12 1 10 12 1 10 12 1 10 12 1 10 12 1 7 1 10 12 1 9 7 12 1 1 1 9 7 1 9 12 1 1 100 1 100 1 100 1 1 1 1 5 0 1 1 1 1 1 1 1 1 1 1 1 1 1 1 1 1 1 1 1 1 1 1 1 1 1 1 1 1 1 1 1 1 1 1 1 1 1 1 1 1 1 1 1 1 1 1 1 1 1 1 1 1 1 1 1 1 1 1 1 1 100 1 1 1 1 1 100 1 1 1 1 1 1 1 1 1 1 1 1 1 1 1 1 1
staticfield java/lang/StringBuffer serialPersistentFields [Ljava/io/ObjectStreamField; 3 [Ljava/io/ObjectStreamField;
instanceKlass java/lang/StringBuilder
instanceKlass java/lang/StringBuffer
ciInstanceKlass java/lang/AbstractStringBuilder 1 1 547 7 1 7 1 10 7 12 1 1 1 9 7 12 1 1 1 9 12 1 9 12 1 1 9 12 1 1 10 7 12 1 1 1 10 12 1 1 3 3 10 12 1 10 12 1 1 11 7 1 100 1 100 1 10 8 1 10 12 1 10 12 1 10 12 1 1 10 12 1 10 12 1 10 12 1 9 12 1 1 10 12 1 1 10 7 12 1 1 1 10 10 12 1 10 12 1 10 12 1 1 10 12 1 1 10 7 12 1 1 1 10 7 12 1 1 1 100 1 8 1 10 10 12 1 1 100 1 10 12 10 12 1 1 10 10 12 1 1 10 12 1 1 10 12 1 1 10 12 1 1 100 1 10 10 12 1 10 100 12 1 1 1 10 12 1 1 10 12 1 10 12 1 1 10 10 12 1 1 10 12 10 12 1 10 12 1 1 10 12 1 1 10 12 1 1 10 12 1 10 10 12 1 1 10 12 1 10 12 1 1 8 1 10 12 1 1 10 12 1 10 12 1 10 12 1 10 12 1 10 12 1 10 12 1 10 7 12 1 1 10 12 1 10 12 1 10 100 12 1 1 1 10 12 1 10 12 1 10 12 1 10 12 1 10 12 1 1 10 12 1 10 12 1 1 10 12 1 1 10 10 7 12 1 1 1 10 12 1 10 12 1 10 12 1 1 10 12 1 10 12 1 10 12 1 10 12 1 10 12 1 10 12 1 10 12 1 10 12 1 10 12 1 1 10 12 1 10 12 1 10 12 10 12 1 1 18 12 1 1 100 1 10 100 12 1 1 1 18 10 12 1 1 10 12 1 10 12 1 1 11 12 1 10 12 1 10 12 1 10 10 12 1 10 8 1 8 1 8 1 10 10 100 1 10 12 1 100 1 10 100 1 10 100 1 1 1 3 1 1 1 1 1 1 1 1 1 1 100 1 1 1 1 1 1 1 1 1 1 1 1 1 1 1 1 1 1 1 1 1 1 1 1 1 1 1 1 1 1 1 1 1 1 1 1 1 1 1 1 1 1 1 1 1 1 1 1 1 1 1 1 1 1 1 1 1 1 1 1 1 1 1 1 1 1 1 1 1 1 1 1 1 1 1 1 1 1 1 1 1 1 1 1 1 1 1 1 1 1 1 1 1 1 1 1 1 100 1 1 100 1 1 1 1 1 100 1 1 1 1 1 1 15 10 100 12 1 1 1 16 1 15 10 12 16 15 10 12 1 1 1 1 100 1 100 1 1
staticfield java/lang/AbstractStringBuilder EMPTYVALUE [B 0
ciInstanceKlass java/lang/SecurityManager 0 0 576 10 100 12 1 1 1 9 100 12 1 1 1 10 100 12 1 1 1 100 1 8 1 10 12 1 10 12 1 1 10 100 12 1 1 1 10 100 1 10 100 1 10 9 100 12 1 1 1 10 100 12 1 1 1 10 12 1 1 10 100 12 1 1 100 1 8 1 10 9 12 1 1 9 12 1 8 1 9 12 1 100 1 10 8 1 10 12 1 1 10 12 1 10 12 1 1 100 1 10 10 12 1 1 100 1 8 1 10 12 1 8 1 8 1 8 1 8 1 8 1 8 1 10 12 1 8 1 8 1 8 1 8 1 8 1 10 100 12 1 1 1 10 12 1 1 8 1 100 1 8 1 10 8 1 8 1 8 1 8 1 8 1 10 100 12 1 1 8 1 100 1 8 1 8 1 10 8 1 10 12 1 100 1 8 1 10 10 12 1 1 10 12 1 10 12 1 10 12 1 10 100 12 1 1 1 10 12 1 10 100 12 1 1 11 100 12 1 1 1 18 12 1 1 11 100 12 1 1 1 18 12 1 1 11 12 1 1 18 18 11 12 1 18 12 1 11 12 1 1 9 12 1 1 9 12 1 9 12 1 9 12 1 100 1 10 100 12 1 1 10 12 1 10 12 1 18 12 1 18 10 100 12 1 1 1 18 12 1 10 12 1 18 18 8 1 10 12 1 9 12 1 1 11 100 12 1 1 1 8 1 100 1 10 12 1 10 12 1 1 10 12 1 1 9 12 1 1 10 12 1 10 12 1 1 8 1 100 1 10 9 12 1 8 1 10 12 1 8 1 100 1 10 10 100 12 1 1 10 100 1 9 100 12 1 1 1 11 12 1 1 10 12 1 11 12 1 10 12 1 100 1 10 10 12 1 1 10 12 1 1 1 1 1 1 1 1 1 1 1 100 1 1 1 1 1 1 1 1 1 1 1 1 1 1 1 1 1 1 1 1 1 1 1 1 1 1 1 1 1 1 1 1 1 1 1 1 1 1 1 1 1 1 1 1 1 1 1 1 1 1 1 1 1 1 1 1 3 1 1 1 1 1 1 1 1 1 1 100 1 1 1 1 1 1 1 1 1 1 1 1 1 1 1 1 1 1 1 1 1 1 1 1 1 1 1 1 1 1 1 1 1 1 1 1 1 1 15 10 100 12 1 1 1 16 15 10 100 12 1 1 1 16 1 16 15 10 12 16 1 15 10 12 16 15 11 100 1 16 1 16 1 15 10 12 16 15 10 12 16 15 10 12 1 16 1 15 11 12 1 15 10 12 16 15 10 16 1 1 1 1 100 1 100 1 1
instanceKlass java/time/DateTimeException
instanceKlass org/eclipse/aether/named/support/LockUpgradeNotSupportedException
instanceKlass java/util/ConcurrentModificationException
instanceKlass com/google/inject/internal/aop/GlueException
instanceKlass java/io/UncheckedIOException
instanceKlass org/apache/maven/artifact/InvalidArtifactRTException
instanceKlass com/google/inject/OutOfScopeException
instanceKlass java/lang/annotation/IncompleteAnnotationException
instanceKlass java/lang/reflect/UndeclaredThrowableException
instanceKlass com/google/common/util/concurrent/UncheckedExecutionException
instanceKlass com/google/common/cache/CacheLoader$InvalidCacheLoadException
instanceKlass java/util/NoSuchElementException
instanceKlass com/google/inject/CreationException
instanceKlass com/google/inject/ConfigurationException
instanceKlass com/google/inject/ProvisionException
instanceKlass java/lang/TypeNotPresentException
instanceKlass java/lang/IndexOutOfBoundsException
instanceKlass java/lang/UnsupportedOperationException
instanceKlass java/lang/SecurityException
instanceKlass java/lang/IllegalStateException
instanceKlass java/lang/IllegalArgumentException
instanceKlass java/lang/ArithmeticException
instanceKlass java/lang/NullPointerException
instanceKlass java/lang/IllegalMonitorStateException
instanceKlass java/lang/ArrayStoreException
instanceKlass java/lang/ClassCastException
ciInstanceKlass java/lang/RuntimeException 1 1 40 10 7 12 1 1 1 10 12 1 10 12 1 10 12 1 10 12 1 100 1 1 1 1 5 0 1 1 1 1 1 1 1 1 1 1 1 1 1 1
ciInstanceKlass java/lang/ArithmeticException 1 1 26 10 100 12 1 1 1 10 12 1 100 1 1 1 1 5 0 1 1 1 1 1 1 1 1 1
ciInstanceKlass java/lang/NullPointerException 1 1 52 10 7 12 1 1 1 10 12 1 9 7 12 1 1 1 10 12 1 1 9 12 1 1 10 12 1 1 10 12 1 1 1 1 5 0 1 1 1 1 1 1 1 1 100 1 100 1 100 1 1 1
instanceKlass org/apache/maven/project/DefaultProjectBuilder$1
instanceKlass java/util/Collections$SingletonMap
instanceKlass org/eclipse/sisu/wire/EntryMapAdapter
instanceKlass com/google/common/collect/Maps$ViewCachingAbstractMap
instanceKlass com/google/common/collect/MapMakerInternalMap
instanceKlass org/eclipse/sisu/wire/MergedProperties
instanceKlass com/google/common/cache/LocalCache
instanceKlass java/util/EnumMap
instanceKlass java/util/TreeMap
instanceKlass java/util/IdentityHashMap
instanceKlass java/util/WeakHashMap
instanceKlass java/util/Collections$EmptyMap
instanceKlass sun/util/PreHashedMap
instanceKlass java/util/HashMap
instanceKlass java/util/ImmutableCollections$AbstractImmutableMap
instanceKlass java/util/concurrent/ConcurrentHashMap
ciInstanceKlass java/util/AbstractMap 1 1 192 10 7 12 1 1 1 10 7 12 1 1 1 11 7 12 1 1 1 10 11 12 1 1 11 7 12 1 1 1 11 12 1 1 7 1 11 12 1 10 12 1 1 11 12 1 100 1 10 11 12 1 11 7 1 10 12 1 1 11 12 1 9 12 1 1 7 1 10 12 1 9 12 1 1 7 1 10 11 11 12 1 1 11 12 1 100 1 100 1 11 12 1 8 1 100 1 10 10 12 1 1 8 1 10 12 1 10 12 1 1 10 12 1 1 1 1 1 1 1 1 1 1 1 1 1 1 1 1 1 1 1 1 1 1 1 1 1 1 1 1 1 1 1 1 1 1 1 1 1 1 1 1 100 1 1 1 1 1 1 1 1 1 1 1 1 1 1 1 1 7 1 1 1 1 1 1 1 1 1 100 1 100 1 100 1 100 1 1 1 1 1
ciInstanceKlass java/security/AccessControlContext 1 1 373 9 7 12 1 1 1 9 12 1 1 10 100 12 1 1 1 8 1 10 100 12 1 1 1 10 7 12 1 1 1 9 12 1 9 12 1 1 9 12 1 1 10 7 12 1 1 100 1 10 12 1 11 100 12 1 1 1 11 12 1 11 12 1 11 12 1 1 7 1 11 12 1 1 10 12 1 10 7 12 1 1 1 9 100 12 1 1 1 10 100 12 1 1 1 11 100 12 1 1 1 10 7 1 100 1 8 1 10 12 1 10 12 1 1 7 1 10 7 12 1 1 1 9 12 1 9 12 1 9 12 1 9 12 1 1 9 12 1 1 9 12 1 9 12 1 10 7 12 1 1 1 9 12 1 10 12 1 1 10 12 1 1 8 1 10 12 1 1 10 12 1 1 10 100 12 1 1 1 100 1 10 10 12 1 1 10 100 12 1 1 1 10 8 1 10 100 12 1 1 8 1 10 100 12 1 1 8 1 8 1 10 12 1 8 1 10 12 1 8 1 10 12 1 10 12 1 10 12 1 1 8 1 8 1 100 1 10 12 1 10 12 1 1 100 1 10 12 1 8 1 10 12 1 10 12 1 10 8 1 10 12 1 1 10 12 1 1 10 12 1 1 10 12 1 1 10 12 1 10 12 1 10 12 1 10 12 1 1 10 10 10 12 1 1 1 1 1 1 1 1 1 1 1 1 1 1 1 1 1 1 1 1 1 1 1 1 100 1 1 1 1 1 1 1 1 1 1 1 1 1 1 1 1 1 1 1 1 1 1 1 1 1 1 1 1 1 1 1 1 1 1 1 1 1 1 1 1 1 1 1 1 1 1 1 1 1 1 1 1 3 1 1
ciInstanceKlass java/net/URL 1 1 743 10 7 12 1 1 1 10 12 1 10 7 12 1 1 9 12 1 1 9 12 1 10 7 12 1 1 1 10 12 1 1 10 12 1 1 9 12 1 1 10 7 12 1 1 1 8 1 10 12 1 1 100 1 10 10 12 1 1 8 1 10 12 1 1 9 12 1 100 1 8 1 10 12 1 10 12 1 8 1 9 12 1 10 12 1 1 9 12 1 10 12 1 10 12 1 9 12 1 9 12 1 8 1 9 12 1 10 12 1 1 8 1 9 12 1 1 10 12 1 1 10 7 12 1 1 1 8 1 10 12 1 7 1 10 12 1 10 12 1 10 12 1 10 12 1 1 10 12 1 1 8 1 10 12 1 1 10 12 1 8 1 9 12 1 8 1 10 12 1 10 7 12 1 1 1 100 1 10 12 1 10 12 1 1 10 7 12 1 1 1 100 1 8 1 10 10 12 1 8 1 10 12 1 1 10 12 1 10 12 1 10 12 1 10 12 1 10 12 1 8 1 10 12 1 10 10 7 12 1 1 1 10 12 1 9 100 12 1 1 1 10 100 12 1 1 1 9 12 1 1 10 12 1 10 100 12 1 1 1 100 1 100 1 10 12 1 10 12 1 10 12 1 10 12 1 10 12 1 10 12 10 10 10 12 1 100 1 10 12 1 10 12 1 1 8 1 9 100 12 1 1 1 10 100 12 1 1 1 10 12 1 1 9 100 12 1 1 1 10 12 1 1 100 1 10 12 1 10 12 1 10 10 12 1 1 10 12 1 1 10 12 1 10 12 1 10 12 1 10 7 12 1 1 1 10 12 1 1 10 12 1 9 12 1 1 9 12 1 1 100 1 8 1 10 10 12 1 9 12 1 1 10 7 12 1 1 8 1 10 7 12 1 1 8 1 10 12 1 1 10 12 1 8 1 8 1 10 7 12 1 1 1 100 1 10 100 12 1 1 1 10 12 1 10 12 1 7 1 10 9 12 1 1 10 7 12 1 1 8 1 10 12 1 1 7 1 10 10 7 12 1 1 1 8 9 100 12 1 1 1 10 12 1 10 12 1 10 12 1 10 12 1 10 7 12 1 1 11 7 12 1 1 10 12 1 10 12 1 9 12 1 10 12 1 1 10 100 12 1 1 10 100 12 1 1 1 8 10 100 12 1 1 100 1 10 8 8 10 12 1 8 8 8 100 1 10 12 1 9 12 1 1 10 12 1 10 12 1 1 10 12 1 10 12 10 12 1 1 10 12 1 1 10 10 10 12 1 10 12 1 10 12 1 10 12 1 10 12 1 10 10 12 1 100 1 8 1 10 10 10 12 1 1 10 12 1 10 12 1 1 8 1 7 1 10 10 10 7 1 10 12 1 9 7 12 1 1 1 9 12 1 1 7 1 10 10 7 12 1 1 1 100 1 1 1 1 1 5 0 1 1 1 1 1 1 1 1 1 1 1 1 1 1 1 1 1 1 1 1 1 1 1 1 1 1 1 1 1 1 1 1 1 1 1 1 1 1 1 100 1 1 1 1 1 1 1 1 1 1 1 1 1 1 1 1 1 1 1 1 1 1 1 1 1 1 1 1 1 1 1 1 1 1 1 1 1 100 1 1 1 1 1 1 1 1 1 1 1 1 1 1 1 1 100 1 1 1 1 1 1 1 1 1 1 1 1 1 1 1 1 1 1
staticfield java/net/URL defaultFactory Ljava/net/URLStreamHandlerFactory; java/net/URL$DefaultFactory
staticfield java/net/URL streamHandlerLock Ljava/lang/Object; java/lang/Object
staticfield java/net/URL serialPersistentFields [Ljava/io/ObjectStreamField; 7 [Ljava/io/ObjectStreamField;
ciInstanceKlass java/util/jar/Manifest 1 1 336 10 7 12 1 1 1 7 1 10 9 7 12 1 1 1 7 1 10 9 12 1 1 9 12 1 1 10 12 1 10 12 1 1 10 12 1 1 10 12 1 1 10 12 1 1 11 7 1 11 12 1 1 10 12 1 1 10 100 12 1 1 1 100 1 100 1 10 8 1 10 12 1 1 10 12 1 1 10 12 1 10 12 1 11 100 1 10 12 1 10 12 1 1 11 12 1 1 10 12 1 11 12 1 1 11 100 12 1 1 1 11 100 12 1 1 11 12 1 1 100 1 10 12 1 8 1 11 12 1 100 1 10 12 1 1 11 12 1 10 12 1 10 12 1 10 100 12 1 1 1 8 1 10 12 1 1 10 9 100 12 1 1 1 10 12 1 1 10 100 12 1 10 12 1 10 12 1 9 100 12 1 1 1 8 1 10 12 1 8 1 8 1 7 1 10 12 1 10 12 1 10 12 1 1 100 1 8 1 10 12 1 1 8 1 10 10 12 1 1 8 1 10 12 1 1 10 100 12 1 1 1 10 12 1 10 11 12 1 1 10 12 1 10 100 12 1 1 1 10 12 1 1 10 12 1 1 11 10 12 1 11 10 12 1 100 1 1 1 1 1 1 1 1 1 1 1 1 1 1 1 1 1 1 1 1 1 1 1 1 1 1 1 1 1 1 1 1 1 1 1 1 1 1 1 1 1 1 1 100 1 1 1 1 1 1 1 1 1 1 1 1 1 1 100 1 1 1 1 1 1 1 1 1 1 1
ciInstanceKlass java/util/Collection 1 1 115 11 100 12 1 1 1 100 1 11 7 12 1 1 1 10 100 12 1 1 1 11 12 1 1 11 100 12 1 1 1 11 12 1 1 11 100 12 1 1 1 11 12 1 1 10 100 12 1 1 1 11 12 1 10 7 12 1 1 1 100 1 100 1 1 1 1 1 1 1 1 1 1 1 1 1 1 1 1 1 1 1 1 1 1 1 1 1 1 1 1 1 1 1 1 1 1 1 1 1 1 1 1 1 1 1 1 1 1 1 1 1 1 1 1
instanceKlass java/util/AbstractMap$2
instanceKlass org/eclipse/sisu/inject/MildElements
instanceKlass org/eclipse/sisu/inject/MildValues$1
instanceKlass com/google/common/collect/AbstractMapBasedMultimap$WrappedCollection
instanceKlass com/google/common/collect/Maps$Values
instanceKlass com/google/common/collect/AbstractMultimap$Values
instanceKlass java/util/TreeMap$Values
instanceKlass com/google/common/collect/ImmutableCollection
instanceKlass java/util/IdentityHashMap$Values
instanceKlass java/util/HashMap$Values
instanceKlass java/util/AbstractQueue
instanceKlass java/util/LinkedHashMap$LinkedValues
instanceKlass java/util/ArrayDeque
instanceKlass java/util/AbstractSet
instanceKlass java/util/ImmutableCollections$AbstractImmutableCollection
instanceKlass java/util/AbstractList
ciInstanceKlass java/util/AbstractCollection 1 1 160 10 7 12 1 1 1 10 7 12 1 1 1 10 12 1 1 11 7 12 1 1 1 11 12 1 1 10 12 1 1 10 100 12 1 1 1 10 12 1 1 10 12 1 1 10 7 12 1 1 10 7 12 1 1 1 7 1 10 100 12 1 1 1 10 100 12 1 1 1 100 1 10 11 12 1 11 7 1 10 12 1 10 12 1 10 100 12 1 1 1 11 8 1 100 1 10 10 12 1 1 8 1 10 12 1 10 12 1 1 1 1 1 1 1 1 1 1 1 1 1 1 1 1 1 1 1 1 1 1 1 1 1 1 1 1 1 1 1 1 1 1 1 1 1 1 1 1 1 1 1 1 1 1 1 1 1 1 1 1
ciInstanceKlass java/util/List 1 1 217 10 100 12 1 1 1 11 100 12 1 1 1 11 100 12 1 1 1 11 12 1 1 11 100 12 1 1 11 12 1 1 11 12 1 1 10 100 12 1 1 1 100 1 100 1 10 12 1 1 100 1 10 100 12 1 1 1 9 7 12 1 1 1 7 1 10 12 10 12 1 7 1 10 12 1 1 10 12 1 10 12 1 1 100 1 1 1 1 1 1 1 1 1 1 1 1 1 1 1 1 1 1 1 1 1 1 1 1 1 1 1 1 1 1 1 1 1 1 1 1 1 1 1 1 1 1 1 1 1 1 1 1 1 1 100 1 100 1 1 1 1 1 1 1 1 1 1 1 1 1 1 1 1 1 1 1 1 1 1 1 1 1 1 1 1 1 1 1 1 1 1 1 1 1 1 1 1 1 1 1 1 1 1 1 1 1 1 1 1 1 1 1 1 1 1 1 1 1 1 1 1 1 1 1 1 1 1 1 1 100 1 1 100 1 1 1
ciMethod java/util/AbstractCollection <init> ()V 814 0 104979 0 0
ciInstanceKlass java/util/ImmutableCollections$List12 1 1 125 10 7 12 1 1 1 10 7 12 1 1 1 9 7 12 1 1 1 9 7 12 1 1 9 12 1 10 12 1 1 10 7 12 1 1 1 100 1 8 1 10 12 1 100 1 10 12 1 10 12 1 1 10 12 1 1 10 7 12 1 1 10 7 12 1 1 1 7 1 100 1 1 1 1 1 1 1 1 1 1 1 1 1 1 1 1 1 1 1 1 1 1 1 1 1 1 1 1 1 1 1 1 1 100 1 100 1 1 1 1 1 1 1 1 1 1 1 1 1 1 1 1 1 1
instanceKlass org/eclipse/aether/util/graph/visitor/Stack
instanceKlass org/apache/maven/model/merge/ModelMerger$MergingList
instanceKlass java/util/ArrayList$SubList
instanceKlass sun/security/jca/ProviderList$3
instanceKlass com/google/common/collect/Lists$TransformingRandomAccessList
instanceKlass java/util/Collections$SingletonList
instanceKlass java/util/AbstractSequentialList
instanceKlass java/util/Vector
instanceKlass java/util/Arrays$ArrayList
instanceKlass java/util/Collections$EmptyList
instanceKlass java/util/ArrayList
ciInstanceKlass java/util/AbstractList 1 1 218 10 7 12 1 1 1 9 7 12 1 1 1 10 12 1 1 10 12 1 1 100 1 10 10 12 1 1 11 7 12 1 1 1 11 12 1 1 11 12 1 10 7 12 1 1 1 10 12 1 11 12 1 11 12 1 11 12 1 10 12 1 1 10 12 1 1 11 100 12 1 1 1 11 7 1 11 7 1 10 12 1 7 1 10 12 1 10 12 1 1 100 1 100 1 10 12 1 100 1 10 100 1 100 1 10 8 1 10 12 1 1 10 12 1 10 12 1 1 10 12 1 8 1 100 1 8 1 8 1 8 1 10 7 1 11 10 10 12 1 11 12 1 10 12 1 1 8 1 8 1 1 1 1 1 1 1 1 1 1 1 1 1 1 1 1 1 1 1 1 1 1 1 1 1 1 1 1 1 1 1 1 1 1 1 1 1 1 1 1 1 1 1 1 1 1 1 1 1 1 1 1 1 1 1 1 1 1 100 1 100 1 1 1 1 1 1 1
ciInstanceKlass java/lang/AssertionStatusDirectives 0 0 24 10 100 12 1 1 1 100 1 1 1 1 1 1 1 1 1 1 1 1 1 1 1 1
ciInstanceKlass java/lang/invoke/MethodHandleNatives$CallSiteContext 1 1 49 10 7 12 1 1 1 7 1 10 10 7 12 1 1 1 10 7 12 1 1 1 10 7 12 1 1 1 100 1 1 1 1 1 1 1 1 1 1 1 1 1 1 1 1 1 100 1 1
ciInstanceKlass jdk/internal/invoke/NativeEntryPoint 0 0 92 10 100 12 1 1 1 9 100 12 1 1 1 10 100 12 1 1 1 100 1 9 12 1 9 12 1 9 12 1 1 9 12 1 1 9 12 1 1 100 1 8 1 10 12 1 11 100 12 1 1 1 10 12 1 1 10 12 1 11 100 12 1 1 11 12 1 10 12 1 1 10 12 1 1 1 1 1 1 1 1 1 1 1 1 1 1 1 1 1 1 1
instanceKlass java/lang/invoke/VolatileCallSite
instanceKlass java/lang/invoke/MutableCallSite
instanceKlass java/lang/invoke/ConstantCallSite
ciInstanceKlass java/lang/invoke/CallSite 1 1 302 10 7 12 1 1 1 10 7 12 1 1 1 9 7 12 1 1 1 10 12 1 1 9 12 1 1 10 7 12 1 1 1 10 12 1 100 1 10 12 1 1 10 12 1 1 9 100 12 1 1 1 10 100 12 1 1 10 12 1 1 100 1 100 1 10 10 100 12 1 1 1 10 12 1 1 8 1 10 12 1 10 12 1 1 10 12 1 10 12 1 1 10 12 1 1 10 10 100 12 1 1 10 12 1 1 9 12 1 9 100 12 1 1 1 8 1 10 7 12 1 1 1 10 12 1 1 100 1 10 12 1 1 9 12 1 8 1 100 1 10 12 1 10 12 1 100 1 8 1 10 10 12 1 10 12 1 1 100 1 10 12 1 1 10 12 1 10 12 1 10 12 1 1 10 12 1 1 9 12 1 1 8 10 12 1 1 9 12 1 1 100 1 10 10 12 1 10 100 12 1 1 1 10 12 1 1 10 12 1 1 10 12 1 10 7 12 1 1 1 100 1 8 1 10 10 12 10 12 1 1 100 1 100 1 100 1 8 1 10 12 1 10 7 12 1 1 1 1 1 1 1 1 1 1 1 1 1 1 1 1 1 1 1 1 1 1 1 1 1 1 1 1 1 1 1 1 1 1 1 1 1 1 1 1 1 1 1 1 1 1 1 1 1 1 1 1 1 1 1 1 1
staticfield java/lang/invoke/CallSite $assertionsDisabled Z 1
ciInstanceKlass java/lang/invoke/VolatileCallSite 0 0 37 10 100 12 1 1 1 10 12 1 10 100 12 1 1 1 10 12 1 10 12 1 1 1 1 1 1 1 1 1 1 1 1 1 1 1 1
ciInstanceKlass java/lang/invoke/MethodType 1 1 771 7 1 10 7 12 1 1 1 9 12 1 1 9 12 1 1 9 12 1 1 10 7 12 1 1 1 9 7 12 1 1 8 1 10 100 12 1 1 1 9 7 1 9 7 1 10 12 1 1 100 1 10 8 1 10 12 1 1 10 12 1 10 12 1 1 100 1 8 1 10 12 1 100 1 10 10 12 1 10 12 1 1 10 12 1 1 11 7 12 1 1 1 9 12 1 11 12 1 1 7 7 1 10 7 12 1 1 1 10 12 1 9 12 1 1 10 7 12 1 1 10 12 1 1 10 7 12 1 1 1 10 7 12 1 1 1 10 12 1 9 12 1 1 10 12 1 1 100 1 10 12 1 1 10 12 1 1 10 12 1 1 10 12 1 1 10 12 1 1 10 12 1 10 12 1 10 12 1 1 10 12 1 8 1 8 1 10 12 1 1 9 12 1 1 100 1 10 10 12 1 1 10 12 1 10 12 1 1 10 12 1 1 10 12 1 10 12 1 1 10 12 1 8 1 10 12 1 1 10 100 12 1 1 1 10 12 1 10 12 1 1 10 12 1 10 12 1 10 12 1 1 10 12 1 10 12 1 9 12 1 10 12 1 10 10 12 1 1 10 12 1 9 12 1 1 10 12 1 1 10 12 1 1 10 12 1 1 10 12 1 1 7 1 10 12 10 12 1 10 12 1 100 1 8 1 8 1 8 1 10 12 1 10 12 1 10 12 1 10 11 12 1 1 11 12 1 10 100 12 1 1 1 9 12 1 10 12 1 10 12 1 1 10 12 1 1 10 12 1 10 12 1 10 100 12 1 1 1 10 12 1 1 10 12 1 10 12 1 10 12 1 10 9 12 1 1 7 1 10 12 1 10 12 1 1 9 100 12 1 1 1 10 100 12 1 1 1 10 100 12 1 1 1 10 12 1 1 10 100 12 1 1 1 10 12 1 1 8 1 10 7 12 1 1 1 11 12 1 1 9 12 1 1 10 12 1 1 10 12 1 10 12 1 1 10 12 1 1 10 100 12 1 1 100 1 10 12 1 1 11 100 12 1 1 1 18 12 1 1 11 12 1 1 18 12 1 11 12 1 100 1 11 100 12 1 1 10 12 1 100 1 10 12 1 10 100 12 1 1 10 12 1 1 9 12 1 1 9 100 12 1 1 1 10 100 12 1 1 1 9 12 1 10 100 12 1 1 10 12 1 100 10 12 1 1 10 12 1 10 7 1 7 1 9 12 1 1 100 1 100 1 100 1 1 1 5 0 1 1 1 1 1 1 1 3 1 3 1 3 1 1 1 1 1 1 1 1 1 1 1 1 1 1 1 1 1 1 1 1 1 1 1 1 1 1 1 1 1 1 1 1 1 1 1 1 1 1 1 1 1 1 1 1 1 1 1 1 1 1 1 1 1 1 1 1 1 1 1 1 1 1 1 1 1 1 1 1 1 1 1 1 1 1 1 1 1 1 1 1 1 1 1 1 1 1 1 1 1 1 1 1 1 1 1 1 1 1 1 1 1 1 1 1 1 1 1 1 1 1 1 1 1 1 1 1 1 1 1 1 1 1 1 1 1 1 1 100 1 100 1 1 1 1 1 1 1 1 1 1 1 1 1 100 1 1 1 100 1 1 1 1 1 1 1 1 1 1 1 1 1 1 1 1 1 1 1 1 1 15 10 100 12 1 1 1 16 15 10 12 16 16 15 10 12 16 1 1 1 1 100 1 1 100 1 1 100 1 100 1 1
staticfield java/lang/invoke/MethodType internTable Ljava/lang/invoke/MethodType$ConcurrentWeakInternSet; java/lang/invoke/MethodType$ConcurrentWeakInternSet
staticfield java/lang/invoke/MethodType NO_PTYPES [Ljava/lang/Class; 0 [Ljava/lang/Class;
staticfield java/lang/invoke/MethodType objectOnlyTypes [Ljava/lang/invoke/MethodType; 20 [Ljava/lang/invoke/MethodType;
staticfield java/lang/invoke/MethodType METHOD_HANDLE_ARRAY [Ljava/lang/Class; 1 [Ljava/lang/Class;
staticfield java/lang/invoke/MethodType serialPersistentFields [Ljava/io/ObjectStreamField; 0 [Ljava/io/ObjectStreamField;
staticfield java/lang/invoke/MethodType $assertionsDisabled Z 1
ciInstanceKlass java/lang/BootstrapMethodError 0 0 45 10 100 12 1 1 1 10 12 1 10 12 1 10 100 12 1 1 1 10 100 12 1 1 1 1 1 1 5 0 1 1 1 1 1 1 1 1 1 1 1 100 1 1 1
ciInstanceKlass jdk/internal/loader/ClassLoaders$AppClassLoader 1 1 119 8 1 10 7 12 1 1 1 10 7 12 1 1 1 10 100 12 1 1 1 10 12 1 1 10 100 12 1 1 1 10 12 1 1 10 12 1 1 7 1 8 1 10 12 10 7 12 1 1 1 10 100 12 1 1 10 12 1 1 10 12 1 1 10 7 12 1 1 1 100 1 10 12 1 1 1 1 1 1 1 1 1 1 1 1 1 1 1 1 1 1 1 1 1 100 1 1 1 1 1 1 1 1 1 1 1 1 1 1 1 1 1 1 1 100 1 1 1
ciInstanceKlass jdk/internal/loader/ClassLoaders$PlatformClassLoader 1 1 42 8 1 10 7 12 1 1 1 10 7 12 1 1 1 100 1 10 12 1 100 1 1 1 1 1 1 1 1 1 1 1 1 1 1 100 1 1 1 100 1 1
ciInstanceKlass java/lang/ArrayStoreException 1 1 26 10 100 12 1 1 1 10 12 1 100 1 1 1 1 5 0 1 1 1 1 1 1 1 1 1
ciInstanceKlass java/lang/ClassCastException 1 1 26 10 100 12 1 1 1 10 12 1 100 1 1 1 1 5 0 1 1 1 1 1 1 1 1 1
ciInstanceKlass java/lang/NoClassDefFoundError 1 1 26 10 7 12 1 1 1 10 12 1 100 1 1 1 1 5 0 1 1 1 1 1 1 1 1 1
ciInstanceKlass java/lang/IllegalMonitorStateException 1 1 26 10 100 12 1 1 1 10 12 1 100 1 1 1 1 5 0 1 1 1 1 1 1 1 1 1
ciInstanceKlass java/lang/StackOverflowError 1 1 26 10 100 12 1 1 1 10 12 1 100 1 1 1 1 5 0 1 1 1 1 1 1 1 1 1
instanceKlass java/lang/StackOverflowError
instanceKlass java/lang/OutOfMemoryError
instanceKlass java/lang/InternalError
ciInstanceKlass java/lang/VirtualMachineError 1 1 34 10 100 12 1 1 1 10 12 1 10 12 1 10 12 1 100 1 1 1 1 5 0 1 1 1 1 1 1 1 1 1 1 1
ciInstanceKlass java/lang/OutOfMemoryError 1 1 26 10 100 12 1 1 1 10 12 1 100 1 1 1 1 5 0 1 1 1 1 1 1 1 1 1
ciInstanceKlass java/lang/InternalError 0 0 34 10 100 12 1 1 1 10 12 1 10 12 1 10 12 1 100 1 1 1 1 5 0 1 1 1 1 1 1 1 1 1 1 1
ciInstanceKlass java/lang/StackTraceElement 1 1 224 10 7 12 1 1 1 10 7 12 1 1 9 12 1 1 9 12 1 1 9 12 1 9 12 1 8 1 10 100 12 1 1 1 7 1 9 12 1 8 1 9 12 1 9 12 1 9 12 1 1 8 1 10 12 1 1 10 12 1 7 1 10 10 12 1 1 8 1 10 12 1 1 10 12 1 8 1 8 1 8 1 10 12 1 8 1 8 1 10 12 1 8 1 8 1 10 12 1 1 10 12 1 10 12 1 1 10 12 1 9 12 1 1 10 7 12 1 1 1 10 12 1 1 7 1 10 12 1 1 10 7 12 1 1 10 7 12 1 1 1 10 7 12 1 1 10 7 12 1 1 10 10 12 1 1 10 12 1 10 12 1 1 100 1 1 1 1 1 3 1 3 1 1 5 0 1 1 1 1 1 1 1 1 1 1 1 1 1 1 1 1 1 1 1 1 1 1 1 1 1 1 100 1 100 1 1 1 1 1 1 1 1 1 1 100 1 1 1 1 1 1 1 1
instanceKlass java/nio/IntBuffer
instanceKlass java/nio/LongBuffer
instanceKlass java/nio/CharBuffer
instanceKlass java/nio/ByteBuffer
ciInstanceKlass java/nio/Buffer 1 1 224 100 1 10 7 12 1 1 1 9 7 12 1 1 1 9 12 1 9 12 1 1 9 12 1 9 12 1 1 10 12 1 1 10 12 1 1 10 12 100 1 100 1 10 8 1 10 12 1 1 10 12 1 8 1 8 1 10 12 1 1 10 12 1 8 1 9 12 1 1 100 1 8 1 10 12 1 8 1 8 1 9 12 10 12 1 8 1 8 1 8 1 10 12 1 8 1 8 1 8 1 100 1 10 100 1 10 100 1 10 100 1 10 10 100 12 1 1 1 10 11 100 12 1 1 10 7 12 1 1 1 10 7 12 1 1 1 9 12 1 1 10 7 12 1 1 1 9 12 1 1 7 1 10 10 7 12 1 1 1 1 1 3 1 1 1 1 1 1 1 1 1 1 1 1 1 1 1 1 1 1 100 1 1 1 1 1 1 1 1 1 1 1 1 1 1 1 1 1 1 1 1 1 1 1 1 1 1 1 1 1 1 1 1 1 1 1 1 1 1 1 1 1 1
staticfield java/nio/Buffer UNSAFE Ljdk/internal/misc/Unsafe; jdk/internal/misc/Unsafe
staticfield java/nio/Buffer SCOPED_MEMORY_ACCESS Ljdk/internal/misc/ScopedMemoryAccess; jdk/internal/misc/ScopedMemoryAccess
staticfield java/nio/Buffer $assertionsDisabled Z 1
ciInstanceKlass jdk/internal/util/ArraysSupport 1 1 271 7 1 100 1 8 1 10 12 1 1 10 12 1 1 10 100 12 1 1 9 7 12 1 1 1 9 12 1 1 10 7 12 1 1 1 9 12 1 1 10 100 12 1 1 1 9 12 1 10 12 9 12 1 10 12 1 1 10 12 9 12 1 9 12 1 10 12 1 1 9 12 1 9 12 1 9 12 1 9 12 1 9 12 1 9 12 1 9 12 1 10 12 1 1 10 100 12 1 1 1 9 12 1 9 12 1 10 12 1 1 10 12 1 9 12 1 10 12 1 10 100 12 1 1 1 9 12 1 9 12 1 10 12 1 10 12 1 10 7 12 1 1 1 3 10 12 1 100 1 100 1 10 8 1 10 12 1 1 10 12 1 8 1 8 1 10 12 1 1 10 10 12 1 1 10 12 1 1 9 12 1 10 12 1 9 12 1 9 12 1 9 12 1 9 12 1 9 12 1 9 12 1 9 12 1 100 1 1 1 1 1 1 1 1 1 1 1 1 1 1 1 1 1 1 1 1 1 1 1 1 1 1 1 1 1 1 1 1 1 1 1 1 1 1 1 1 1 1 1 1 1 1 1 1 1 1 1 1 1 1 1 1 1 1 1 1 1 1 1 1
staticfield jdk/internal/util/ArraysSupport U Ljdk/internal/misc/Unsafe; jdk/internal/misc/Unsafe
staticfield jdk/internal/util/ArraysSupport BIG_ENDIAN Z 0
staticfield jdk/internal/util/ArraysSupport LOG2_ARRAY_BOOLEAN_INDEX_SCALE I 0
staticfield jdk/internal/util/ArraysSupport LOG2_ARRAY_BYTE_INDEX_SCALE I 0
staticfield jdk/internal/util/ArraysSupport LOG2_ARRAY_CHAR_INDEX_SCALE I 1
staticfield jdk/internal/util/ArraysSupport LOG2_ARRAY_SHORT_INDEX_SCALE I 1
staticfield jdk/internal/util/ArraysSupport LOG2_ARRAY_INT_INDEX_SCALE I 2
staticfield jdk/internal/util/ArraysSupport LOG2_ARRAY_LONG_INDEX_SCALE I 3
staticfield jdk/internal/util/ArraysSupport LOG2_ARRAY_FLOAT_INDEX_SCALE I 2
staticfield jdk/internal/util/ArraysSupport LOG2_ARRAY_DOUBLE_INDEX_SCALE I 3
staticfield jdk/internal/util/ArraysSupport LOG2_BYTE_BIT_SIZE I 3
ciMethod jdk/internal/util/ArraysSupport newLength (III)I 512 0 954 0 0
ciMethod jdk/internal/util/ArraysSupport hugeLength (II)I 0 0 1 0 0
ciInstanceKlass jdk/internal/misc/UnsafeConstants 1 1 34 10 100 12 1 1 1 9 7 12 1 1 1 9 12 1 9 12 1 1 9 12 1 9 12 1 1 1 1 1 1 1 1 1
staticfield jdk/internal/misc/UnsafeConstants ADDRESS_SIZE0 I 8
staticfield jdk/internal/misc/UnsafeConstants PAGE_SIZE I 4096
staticfield jdk/internal/misc/UnsafeConstants BIG_ENDIAN Z 0
staticfield jdk/internal/misc/UnsafeConstants UNALIGNED_ACCESS Z 1
staticfield jdk/internal/misc/UnsafeConstants DATA_CACHE_LINE_FLUSH_SIZE I 0
instanceKlass java/lang/invoke/DelegatingMethodHandle
instanceKlass java/lang/invoke/BoundMethodHandle
instanceKlass java/lang/invoke/DirectMethodHandle
ciInstanceKlass java/lang/invoke/MethodHandle 1 1 641 100 1 9 7 12 1 1 1 10 7 12 1 1 1 10 7 12 1 1 1 7 1 7 1 10 12 1 1 9 12 1 1 10 12 1 10 12 1 1 10 12 1 1 10 100 12 1 1 1 10 12 1 1 10 12 1 1 11 100 12 1 1 1 10 12 1 1 10 12 1 10 12 1 9 12 1 1 10 12 1 1 100 1 100 1 10 8 1 10 12 1 1 10 12 1 8 1 10 12 1 1 10 12 1 10 7 12 1 1 1 10 12 1 10 12 1 1 10 12 1 1 10 12 1 1 10 12 1 1 10 7 12 1 1 1 10 100 12 1 1 1 7 1 10 12 1 1 10 12 1 1 10 12 1 1 8 1 10 7 12 1 1 1 8 1 10 12 1 1 10 12 1 1 10 12 1 1 10 12 1 8 1 10 12 1 1 8 1 10 12 1 8 1 10 100 12 1 1 1 9 12 1 1 100 1 10 9 100 12 1 1 1 9 100 1 8 1 10 12 1 1 10 12 1 10 12 1 1 10 12 1 10 12 1 1 10 12 1 10 12 1 1 10 12 1 10 12 1 1 10 12 1 1 8 1 10 12 1 1 8 1 10 12 1 10 12 1 1 10 12 1 10 12 1 10 12 1 1 9 100 12 1 1 1 10 12 1 1 11 12 1 10 12 1 10 12 1 1 10 100 12 1 1 1 100 1 11 12 1 10 100 1 11 12 1 100 1 10 12 1 11 12 1 9 100 12 1 1 1 11 12 1 1 11 100 12 1 1 1 10 12 1 1 9 12 1 11 12 1 9 12 1 9 12 1 9 12 1 11 12 1 1 9 12 1 9 12 1 9 12 1 9 12 1 9 12 1 9 12 1 9 12 1 8 1 10 12 1 10 12 1 8 1 10 12 1 10 12 1 10 10 7 12 1 1 10 12 1 1 100 1 8 1 10 12 1 1 10 12 1 1 10 12 1 10 12 1 100 1 10 100 12 1 1 1 10 12 1 9 7 12 1 1 1 10 12 1 1 10 12 1 1 8 1 9 12 1 9 12 1 1 9 12 1 1 10 12 1 7 1 10 12 1 10 12 1 1 9 12 1 1 9 12 1 1 10 7 12 1 1 1 11 7 12 1 1 9 12 1 10 12 1 1 9 12 1 10 12 1 8 10 12 1 1 8 1 1 1 1 1 1 100 1 1 1 1 1 1 1 1 1 1 1 1 1 1 1 1 1 1 1 1 1 1 1 1 1 1 1 1 1 1 1 1 1 1 1 1 1 1 1 1 1 1 1 1 1 1 1 1 1 1 1 1 1 1 1 1 1 1 1 1 1 1 1 1 1 1 1 1 1 100 1 1 1 1 1 1 1 1 1 100 1 1 1 1 1 1 1 1 1 1 1 1 1 1 1 1 1 1 1 1 1 1 1 1 1 1 1 100 1 1 100 1 1 100 1 1 1 1
staticfield java/lang/invoke/MethodHandle FORM_OFFSET J 20
staticfield java/lang/invoke/MethodHandle UPDATE_OFFSET J 13
staticfield java/lang/invoke/MethodHandle $assertionsDisabled Z 1
instanceKlass org/netbeans/shaded/json/simple/JSONObject
instanceKlass org/apache/maven/artifact/versioning/ManagedVersionMap
instanceKlass java/lang/ProcessEnvironment
instanceKlass java/util/LinkedHashMap
ciInstanceKlass java/util/HashMap 1 1 610 10 7 12 1 1 1 100 1 10 12 1 1 100 1 10 7 12 1 1 1 100 1 11 12 1 1 11 12 1 11 12 1 1 10 7 12 1 1 1 7 1 3 10 7 12 1 1 1 100 1 100 1 10 8 1 10 12 1 1 10 12 1 10 12 1 1 10 12 1 10 7 12 1 1 1 8 1 10 12 1 9 12 1 1 10 12 1 9 12 1 1 4 10 12 1 10 12 1 1 11 7 12 1 1 9 12 1 1 4 10 12 1 1 11 12 1 1 11 7 12 1 1 1 11 7 12 1 1 1 11 12 1 1 7 1 11 12 1 11 12 1 10 12 1 10 12 1 1 9 12 10 12 1 1 9 7 12 1 1 1 9 12 9 12 1 10 12 1 1 9 12 1 7 1 10 12 1 1 10 12 1 1 10 12 1 1 10 12 1 1 10 12 1 1 9 12 1 10 12 1 1 3 10 12 1 1 10 12 1 1 9 12 1 1 9 10 12 1 1 10 12 1 1 10 12 1 1 10 12 1 9 12 1 1 7 1 10 12 1 10 12 1 10 7 12 1 1 1 7 1 9 12 1 1 7 1 10 9 12 7 1 10 100 1 10 11 7 12 1 1 1 100 1 10 11 100 12 1 1 11 100 12 1 1 1 10 12 1 100 1 100 1 10 12 1 10 12 1 10 12 1 10 100 12 1 1 10 12 1 1 10 12 1 1 10 100 12 1 1 1 8 10 100 12 1 1 1 100 1 10 4 10 100 12 1 1 1 4 10 12 1 10 100 12 1 1 1 10 12 1 8 1 4 10 100 12 1 1 1 100 1 11 100 12 1 1 1 10 12 1 10 12 1 10 10 12 1 1 100 1 100 1 1 1 1 5 0 1 3 1 1 1 3 1 3 1 3 1 1 1 1 1 1 1 1 1 1 1 1 1 1 1 1 1 1 1 1 1 1 100 1 1 1 1 1 1 1 1 1 1 1 1 1 1 1 1 1 1 1 1 1 1 1 1 1 1 1 1 1 1 1 1 100 1 1 1 1 1 1 1 1 1 1 1 1 1 1 1 1 1 1 1 1 1 1 1 1 1 1 1 1 1 1 1 1 1 1 1 1 1 1 1 1 1 1 1 1 1 1 1 1 1 1 100 1 1 1 1 1 1 1 1 1 1 1 1 1 1 1 1 1 1 1 1 1 1 1 1 1 1 1 1 1 1 1 1 1 1 1 1 1 1 1 1 1 1 1 1 1 1 1 1 100 1 1 1 1 1 1 1 1 100 1 1 1 1 1 1 1 1 1 1 1 1 1 1 100 1 100 1 100 1 100 1 100 1 100 1 100 1 100 1 1 1 1 1 1 1 1 1 1 1 1 1 1 1 1 1 1
ciInstanceKlass java/util/LinkedHashMap 1 1 289 9 7 12 1 1 1 9 12 1 9 7 12 1 1 9 12 1 10 7 12 1 1 1 10 12 1 1 10 12 1 1 9 12 1 1 9 12 1 1 9 12 1 10 12 1 1 100 1 10 10 12 1 1 10 12 1 10 12 1 1 9 12 1 1 9 12 1 10 100 12 1 1 1 10 12 1 10 12 1 10 12 10 12 1 1 10 100 12 1 1 1 10 12 1 1 10 12 1 1 9 7 1 10 12 1 9 12 1 1 7 1 10 12 1 9 12 1 1 7 1 10 9 12 1 7 1 10 100 1 10 11 100 12 1 1 1 100 1 10 11 100 12 1 1 1 100 1 1 1 1 5 0 1 1 1 1 1 1 1 1 1 1 1 1 1 1 1 1 1 1 1 1 1 1 1 1 1 1 1 1 1 1 1 1 1 1 1 1 1 1 1 1 1 1 1 1 1 1 1 1 1 1 1 100 1 1 1 1 1 1 1 1 1 1 1 1 1 1 1 1 1 1 1 1 1 1 1 1 1 100 1 1 1 1 1 1 1 1 100 1 1 1 1 1 100 1 1 1 1 1 1 1 1 1 1 1 1 1 1 1 1 1 1 1 1 1 1 100 1 100 1 100 1 100 1 1 1 1 1 100 1 1 1 1 1 1 1 1
ciMethod java/util/HashMap newNode (ILjava/lang/Object;Ljava/lang/Object;Ljava/util/HashMap$Node;)Ljava/util/HashMap$Node; 494 0 5391 0 -1
ciMethod java/util/HashMap afterNodeAccess (Ljava/util/HashMap$Node;)V 36 0 177 0 -1
ciMethod java/util/HashMap afterNodeInsertion (Z)V 522 0 1291 0 -1
instanceKlass java/lang/invoke/DirectMethodHandle$Special
instanceKlass java/lang/invoke/DirectMethodHandle$Interface
instanceKlass java/lang/invoke/DirectMethodHandle$Accessor
instanceKlass java/lang/invoke/DirectMethodHandle$Constructor
ciInstanceKlass java/lang/invoke/DirectMethodHandle 1 1 940 7 1 7 1 100 1 7 1 7 1 10 7 12 1 1 1 10 7 12 1 1 1 100 1 10 12 1 10 12 1 1 10 7 12 1 1 10 12 1 1 10 12 1 10 12 1 7 1 10 12 1 1 10 12 1 1 10 12 1 10 12 1 1 10 7 12 1 1 1 10 12 1 9 12 1 1 100 1 10 9 12 1 1 9 12 1 10 12 1 10 12 1 10 12 1 1 10 12 1 10 12 1 10 12 1 10 7 12 1 1 1 10 12 1 10 12 1 1 8 1 10 12 1 1 7 1 10 12 1 7 1 10 10 12 1 10 12 1 10 12 1 10 7 12 1 1 1 10 12 1 1 100 1 10 12 1 10 12 1 7 1 10 12 1 10 12 1 1 10 12 1 1 10 12 1 8 10 100 12 1 1 1 10 12 1 10 12 1 10 12 1 1 10 12 1 9 7 12 1 1 1 7 1 10 12 1 10 7 12 1 1 1 10 12 1 10 12 1 1 9 12 1 1 100 1 10 8 1 10 12 1 1 10 12 1 10 12 1 10 10 12 1 10 12 1 10 12 1 10 12 1 10 12 1 1 10 12 1 10 12 1 1 10 12 1 10 12 1 1 10 10 7 12 1 1 1 10 12 1 10 12 1 1 10 12 1 10 12 1 1 8 1 9 7 12 1 1 1 8 1 9 12 1 9 12 1 8 1 9 12 1 9 12 1 8 1 9 12 1 9 12 1 8 1 10 12 1 10 12 1 1 9 12 1 1 7 1 10 12 1 1 100 1 10 7 12 1 1 1 10 12 1 1 10 12 1 10 12 1 1 7 1 10 12 1 1 10 12 1 10 12 1 1 7 1 10 12 1 1 10 7 12 1 1 1 10 12 1 10 12 1 10 12 1 9 12 1 1 10 7 1 9 12 9 12 1 10 7 12 1 1 1 10 12 1 7 1 7 1 7 1 9 12 1 1 10 7 12 1 10 12 1 1 10 12 1 100 1 10 12 1 10 12 1 1 9 100 12 1 1 1 10 12 1 1 100 1 10 100 12 1 1 1 10 12 1 10 12 1 8 1 9 12 1 9 12 1 10 12 1 9 12 1 1 10 100 12 1 1 1 9 12 1 1 9 12 1 1 10 12 1 10 12 1 10 12 1 10 12 1 10 12 1 1 10 12 1 10 7 12 1 1 9 12 1 10 12 1 10 12 1 10 12 1 10 12 1 1 10 12 1 1 9 12 1 1 10 12 1 1 9 7 12 1 1 1 9 12 1 9 12 1 9 12 1 9 12 1 9 12 1 9 12 1 9 12 1 9 12 1 9 12 1 9 12 1 9 12 1 9 12 1 9 12 1 9 12 1 9 12 1 9 12 1 9 12 1 9 12 1 9 12 1 9 12 1 9 12 1 9 12 1 9 12 1 9 12 1 9 12 1 9 12 1 9 12 1 9 12 1 9 12 1 9 12 1 9 12 1 9 12 1 9 12 1 9 12 1 9 12 1 9 12 1 8 1 9 12 1 1 9 12 1 1 10 12 1 10 12 1 1 9 7 1 10 12 1 9 12 1 1 10 12 10 12 1 10 12 1 10 12 1 10 8 1 8 1 8 1 8 1 10 12 1 1 9 12 1 1 10 12 1 10 100 12 1 1 1 8 9 12 1 1 10 12 1 1 8 1 8 8 9 12 1 8 1 8 8 8 8 8 1 8 10 12 1 10 12 1 8 1 8 1 10 12 1 10 12 1 10 12 1 10 12 1 1 7 1 1 1 1 3 1 3 1 3 1 3 1 3 1 3 1 3 1 3 1 3 1 3 1 1 1 1 1 1 1 1 1 1 3 1 3 1 1 1 1 3 1 1 1 1 1 1 1 1 1 1 1 1 1 1 1 1 1 1 1 1 1 1 1 1 1 1 1 1 1 1 1 1 1 1 1 1 1 1 1 1 1 1 1 1 1 1 1 1 1 1 1 1 1 1 1 1 100 1 1 1 1 1 1 1 1 1 1 1 1 100 1 1 1 1 1 1 1 1 1 1 1 1 1 1 1 1 1 1 1 1 1 1 1 1 1 1 1 1 1 1 1 1 1 1 1 1 1 1 1 1 1 1 1 1 1 1 1 1 1 1 1
staticfield java/lang/invoke/DirectMethodHandle IMPL_NAMES Ljava/lang/invoke/MemberName$Factory; java/lang/invoke/MemberName$Factory
staticfield java/lang/invoke/DirectMethodHandle FT_UNCHECKED_REF I 8
staticfield java/lang/invoke/DirectMethodHandle ACCESSOR_FORMS [Ljava/lang/invoke/LambdaForm; 132 [Ljava/lang/invoke/LambdaForm;
staticfield java/lang/invoke/DirectMethodHandle ALL_WRAPPERS [Lsun/invoke/util/Wrapper; 10 [Lsun/invoke/util/Wrapper;
staticfield java/lang/invoke/DirectMethodHandle NFS [Ljava/lang/invoke/LambdaForm$NamedFunction; 12 [Ljava/lang/invoke/LambdaForm$NamedFunction;
staticfield java/lang/invoke/DirectMethodHandle OBJ_OBJ_TYPE Ljava/lang/invoke/MethodType; java/lang/invoke/MethodType
staticfield java/lang/invoke/DirectMethodHandle LONG_OBJ_TYPE Ljava/lang/invoke/MethodType; java/lang/invoke/MethodType
staticfield java/lang/invoke/DirectMethodHandle $assertionsDisabled Z 1
ciInstanceKlass java/lang/invoke/LambdaForm 1 1 1052 100 1 9 7 12 1 1 1 10 7 12 1 1 1 10 7 12 1 1 9 12 1 1 9 12 1 1 10 12 1 1 100 1 10 9 12 1 10 12 1 1 9 12 1 10 7 12 1 1 1 9 12 1 9 12 1 9 12 1 1 9 12 1 10 12 1 1 7 1 10 12 1 10 100 12 1 1 1 10 100 12 1 1 1 10 12 1 10 12 1 1 9 100 12 1 1 1 10 12 1 1 9 12 1 10 12 1 1 10 12 1 10 12 1 1 10 12 1 1 10 100 12 1 1 1 7 1 10 10 12 1 1 8 1 10 12 1 10 12 1 10 12 1 1 7 1 10 7 12 1 1 1 10 12 1 1 10 12 1 10 12 1 1 9 12 1 1 9 12 1 9 12 1 1 10 12 1 9 12 1 10 100 12 1 1 1 10 12 1 1 10 12 1 9 12 1 1 10 100 12 1 1 1 10 12 1 10 12 1 10 12 1 10 12 1 10 12 1 10 12 1 1 10 12 1 10 12 1 1 8 1 10 12 1 10 12 1 8 1 8 1 9 12 1 9 12 1 9 12 1 1 10 12 1 1 10 12 1 9 12 1 10 12 1 1 10 7 12 1 1 1 10 12 1 1 10 12 1 10 12 1 10 12 1 1 9 12 1 10 12 1 8 1 8 1 8 1 8 1 8 1 8 1 8 1 8 1 10 12 1 9 12 1 7 1 10 12 1 1 9 12 1 10 12 1 10 12 1 1 10 12 10 12 1 10 12 1 1 10 12 1 1 10 10 12 1 1 10 12 1 1 7 1 8 1 10 12 1 1 10 12 1 10 12 1 1 10 8 1 10 12 1 1 8 1 8 1 8 1 10 12 1 9 12 1 1 10 12 1 1 10 12 1 1 100 1 10 12 1 1 10 12 1 10 7 12 1 1 1 10 12 1 1 9 12 1 1 8 1 10 100 12 1 1 1 10 7 12 1 1 10 12 10 10 12 1 1 9 12 1 8 10 12 1 1 100 1 10 12 1 1 10 12 1 9 7 12 1 1 9 12 1 1 8 1 10 100 12 1 1 10 12 1 1 100 1 100 1 10 10 12 1 1 10 12 1 1 8 1 8 1 100 1 8 1 10 12 10 12 1 10 12 1 10 12 1 1 8 1 8 1 9 100 12 1 1 1 10 12 1 10 12 1 1 8 1 8 1 8 1 100 1 8 1 100 1 8 1 100 1 8 1 10 12 1 8 1 9 10 7 12 1 1 1 10 12 1 9 12 1 1 10 12 1 10 10 12 1 10 12 1 10 12 1 10 12 1 1 10 12 1 10 12 1 1 10 12 1 1 10 12 1 1 8 1 100 10 12 1 10 12 1 9 12 1 1 10 7 12 1 1 8 1 8 1 100 1 8 1 8 1 8 1 8 1 8 1 8 1 8 1 8 1 10 12 1 1 10 12 1 1 10 12 1 10 12 1 8 1 8 1 8 1 10 12 1 8 1 10 12 1 8 1 8 1 8 1 8 1 8 1 10 12 1 10 12 1 10 12 1 1 10 7 12 1 1 1 10 12 1 10 12 1 10 12 1 10 12 1 10 12 1 10 12 1 10 12 1 9 12 1 1 8 1 10 12 1 1 9 12 1 1 10 12 1 1 9 12 1 9 12 1 1 9 12 1 9 12 1 1 7 1 10 7 12 1 1 1 9 12 1 10 12 1 10 12 1 8 1 10 12 1 9 12 1 1 7 1 10 7 12 1 1 1 8 1 100 1 10 12 1 9 12 1 9 12 1 10 12 1 10 12 1 10 7 12 1 1 1 10 12 1 9 7 12 1 1 10 12 1 1 10 12 1 10 12 1 9 12 10 12 1 10 10 12 1 9 9 12 1 7 9 12 1 1 10 12 1 1 9 12 1 10 12 1 10 7 1 9 1 1 1 1 3 1 3 1 3 1 1 1 1 1 1 1 1 1 1 1 1 1 1 1 1 1 1 1 1 1 1 1 1 1 1 1 1 1 1 1 1 1 1 1 1 1 1 1 1 1 1 1 1 1 1 1 1 1 1 1 1 1 1 1 1 100 1 1 1 1 1 1 1 1 1 1 1 1 1 1 1 1 1 1 1 1 1 1 1 1 1 1 1 1 1 1 1 1 1 1 1 1 1 1 1 1 1 1 1 1 1 1 1 1 1 1 1 1 1 1 1 1 1 1 1 100 1 1 1 1 1 1 1 1 1 1 1 1 1 1 1 1 1 1 1 1 1 1 1 1 1 1 1 1 1 1 1 1 1 1 100 1 1 1 1 1 1 1 1 1 1 1 1 1 1 1 1 1 1 1 1 1 1 100 1 1 1 100 1 1 100 1 1 1 1 1 1 1 1 1 1 1
staticfield java/lang/invoke/LambdaForm COMPILE_THRESHOLD I 0
staticfield java/lang/invoke/LambdaForm INTERNED_ARGUMENTS [[Ljava/lang/invoke/LambdaForm$Name; 5 [[Ljava/lang/invoke/LambdaForm$Name;
staticfield java/lang/invoke/LambdaForm IMPL_NAMES Ljava/lang/invoke/MemberName$Factory; java/lang/invoke/MemberName$Factory
staticfield java/lang/invoke/LambdaForm LF_identity [Ljava/lang/invoke/LambdaForm; 6 [Ljava/lang/invoke/LambdaForm;
staticfield java/lang/invoke/LambdaForm LF_zero [Ljava/lang/invoke/LambdaForm; 6 [Ljava/lang/invoke/LambdaForm;
staticfield java/lang/invoke/LambdaForm NF_identity [Ljava/lang/invoke/LambdaForm$NamedFunction; 6 [Ljava/lang/invoke/LambdaForm$NamedFunction;
staticfield java/lang/invoke/LambdaForm NF_zero [Ljava/lang/invoke/LambdaForm$NamedFunction; 6 [Ljava/lang/invoke/LambdaForm$NamedFunction;
staticfield java/lang/invoke/LambdaForm createFormsLock Ljava/lang/Object; java/lang/Object
staticfield java/lang/invoke/LambdaForm DEBUG_NAME_COUNTERS Ljava/util/HashMap; null
staticfield java/lang/invoke/LambdaForm DEBUG_NAMES Ljava/util/HashMap; null
staticfield java/lang/invoke/LambdaForm TRACE_INTERPRETER Z 0
staticfield java/lang/invoke/LambdaForm $assertionsDisabled Z 1
ciInstanceKlass java/lang/invoke/MethodHandleNatives 1 1 684 100 1 10 7 12 1 1 1 9 7 12 1 1 1 10 12 1 1 100 1 10 10 12 1 1 10 12 1 10 12 1 8 1 8 1 8 1 8 1 8 1 8 1 8 1 8 1 8 1 8 1 10 12 1 1 7 1 10 7 12 1 1 1 10 100 12 1 1 1 7 1 10 10 12 1 1 8 1 10 12 1 8 1 10 12 1 1 8 1 10 12 1 1 9 100 12 1 1 1 8 1 10 100 12 1 1 1 100 1 10 12 100 1 100 1 8 1 7 1 10 10 12 1 7 1 9 7 12 1 1 10 12 1 1 10 12 1 10 7 12 1 1 1 7 1 10 12 1 1 10 7 12 1 1 1 10 12 1 10 12 1 1 10 12 1 1 9 12 1 8 1 10 12 1 8 1 10 12 1 8 1 8 1 8 1 100 1 10 12 1 8 1 10 12 1 1 10 12 1 10 100 12 1 1 1 100 1 8 1 10 100 12 1 1 1 7 1 8 1 10 12 1 8 1 8 1 8 1 8 1 8 1 10 12 1 1 10 12 1 1 10 12 1 10 12 1 1 10 12 1 1 7 1 10 12 1 100 1 100 1 10 12 1 10 12 1 8 1 8 1 10 10 12 1 1 10 12 1 1 8 1 10 100 12 1 1 1 8 1 8 1 10 12 1 1 10 7 12 1 1 1 100 1 10 12 1 1 7 1 9 12 1 1 10 7 12 1 1 1 10 10 12 1 9 12 1 10 12 1 1 9 12 1 9 12 1 10 12 1 1 10 12 1 10 12 1 1 7 1 7 1 10 12 1 1 10 12 1 10 12 1 1 10 7 12 1 1 1 10 12 1 8 1 10 12 1 10 12 1 10 12 1 1 10 12 1 10 7 12 1 1 1 10 12 1 1 100 1 8 1 10 9 7 12 1 1 1 10 12 1 1 10 12 1 1 100 1 10 12 1 1 10 12 1 1 100 1 100 1 10 10 100 1 100 1 10 100 1 10 10 12 1 1 10 100 1 10 12 1 10 12 1 10 12 1 1 10 12 1 1 10 12 1 1 10 12 1 10 12 1 1 10 8 1 100 1 10 12 1 10 12 1 10 12 1 10 12 1 10 12 1 1 10 12 1 9 12 1 1 10 7 12 1 1 1 9 12 1 1 11 7 12 1 1 1 10 12 1 10 12 1 10 10 12 1 10 7 12 1 1 1 1 1 1 1 1 1 1 1 1 1 1 1 100 1 1 1 1 1 1 1 1 1 1 1 1 1 1 1 1 1 1 1 1 1 1 1 1 1 1 1 1 1 1 1 1 1 1 1 1 1 1 1 1 1 1 1 1 1 1 1 1 1 1 1 1 1 1 1 1 1 1 1 1 1 1 1 1 1 1 1 1 1 1 1 1 1 1 1 1 1 1 1 1 1 1 1 1 1 1 1 1 1 1 1 1 1 1 1 1 1 1 100 1 1 1 1 1 1 1 1 1 1 1 1 1 1 1 1 1 1 1 1 1 1 1 1 1 1 1 1 100 1 1 1 1 1 1 1 100 1 1 1
staticfield java/lang/invoke/MethodHandleNatives JLA Ljdk/internal/access/JavaLangAccess; java/lang/System$2
staticfield java/lang/invoke/MethodHandleNatives $assertionsDisabled Z 1
ciInstanceKlass jdk/internal/reflect/CallerSensitive 0 0 17 100 1 100 1 100 1 1 1 1 1 1 1 1 1 1 1
ciInstanceKlass jdk/internal/reflect/ConstantPool 1 1 142 10 100 12 1 1 1 9 7 12 1 1 1 10 12 1 1 10 12 1 1 10 12 1 10 12 1 1 10 12 1 1 10 12 1 10 12 1 1 10 12 1 10 12 1 1 10 12 1 10 12 1 10 12 1 10 12 1 1 10 12 1 1 10 12 1 1 10 12 1 1 10 12 1 10 12 1 1 10 100 12 1 1 1 8 11 7 12 1 1 1 10 7 12 1 1 1 1 1 1 1 1 1 1 1 1 1 1 1 1 1 1 1 1 1 1 1 1 1 1 1 1 1 1 1 1 1 1 1 1 1 1 1 1 1 1 1 1 1 1 1 1
instanceKlass jdk/internal/reflect/UnsafeQualifiedStaticFieldAccessorImpl
ciInstanceKlass jdk/internal/reflect/UnsafeStaticFieldAccessorImpl 1 1 47 10 7 12 1 1 1 9 7 12 1 1 1 10 7 12 1 1 1 9 12 1 1 8 11 7 12 1 1 1 10 7 12 1 1 1 1 1 1 1 1 1 1 1 1 1 1
instanceKlass jdk/internal/reflect/UnsafeFieldAccessorImpl
ciInstanceKlass jdk/internal/reflect/FieldAccessorImpl 1 1 59 10 7 12 1 1 1 100 1 100 1 1 1 1 1 1 1 1 1 100 1 1 1 1 1 1 1 1 1 1 1 1 1 1 1 1 1 1 1 100 1 1 1 1 1 1 1 1 1 1 1 1 1 1 1 1 1 1 1
instanceKlass jdk/internal/reflect/UnsafeBooleanFieldAccessorImpl
instanceKlass jdk/internal/reflect/UnsafeQualifiedFieldAccessorImpl
instanceKlass jdk/internal/reflect/UnsafeObjectFieldAccessorImpl
instanceKlass jdk/internal/reflect/UnsafeStaticFieldAccessorImpl
ciInstanceKlass jdk/internal/reflect/UnsafeFieldAccessorImpl 1 1 254 10 7 12 1 1 1 9 7 12 1 1 1 10 7 12 1 1 1 10 7 12 1 1 1 9 12 1 1 10 7 12 1 1 1 9 12 1 1 10 12 1 10 12 1 9 12 1 10 12 1 1 10 7 12 1 1 10 7 12 1 1 1 10 12 1 1 100 1 10 10 12 1 1 10 12 1 1 8 1 10 10 12 1 100 1 8 1 10 12 1 8 1 10 12 1 8 1 10 12 1 100 1 10 12 1 1 10 8 1 10 12 1 1 8 1 10 100 12 1 1 8 1 10 100 12 1 1 8 1 10 100 12 1 1 8 1 10 100 12 1 1 8 1 10 100 12 1 1 8 1 10 100 12 1 1 8 1 10 100 12 1 1 8 1 10 100 12 1 1 10 12 1 1 8 1 8 1 8 1 8 1 8 1 8 1 10 100 12 1 1 1 8 1 8 1 8 1 10 12 10 12 1 1 1 1 1 1 1 1 1 1 1 1 1 1 1 1 1 1 1 1 1 1 1 1 1 1 1 1 1 1 1 1 1 1 1 1 1 1 1 1 1 1 1 1 1 1 1 1 1 1 1 1
staticfield jdk/internal/reflect/UnsafeFieldAccessorImpl unsafe Ljdk/internal/misc/Unsafe; jdk/internal/misc/Unsafe
ciInstanceKlass jdk/internal/reflect/NativeConstructorAccessorImpl 1 1 126 10 7 12 1 1 1 9 7 12 1 1 1 9 12 1 1 10 7 12 1 1 1 10 7 12 1 1 1 10 7 12 1 1 1 9 12 1 9 12 1 1 9 12 1 1 10 7 12 1 1 1 7 1 10 10 12 1 1 10 12 1 10 12 1 10 12 1 1 9 12 1 1 10 7 12 1 1 1 100 1 10 12 1 1 10 12 1 1 8 10 12 1 1 1 1 1 1 1 1 1 1 1 1 1 1 1 1 1 1 1 1 1 1 100 1 100 1 100 1 1 1 1 1 1 1
staticfield jdk/internal/reflect/NativeConstructorAccessorImpl U Ljdk/internal/misc/Unsafe; jdk/internal/misc/Unsafe
staticfield jdk/internal/reflect/NativeConstructorAccessorImpl GENERATED_OFFSET J 16
ciInstanceKlass java/lang/invoke/ConstantCallSite 1 1 65 10 7 12 1 1 1 9 7 12 1 1 1 9 12 1 1 10 7 12 1 1 1 10 12 1 100 1 10 12 9 12 1 1 100 1 10 10 12 1 1 10 12 1 1 1 1 1 1 1 1 1 1 1 1 1 100 1 1 1 1 1 1 1 1
staticfield java/lang/invoke/ConstantCallSite UNSAFE Ljdk/internal/misc/Unsafe; jdk/internal/misc/Unsafe
ciInstanceKlass java/lang/invoke/MutableCallSite 0 0 63 10 100 12 1 1 1 10 12 1 9 100 12 1 1 1 10 12 1 10 12 1 1 9 12 1 1 10 100 12 1 1 1 10 100 12 1 1 1 10 12 1 1 1 1 1 1 1 1 1 1 1 1 1 1 1 1 1 1 100 1 1 1
instanceKlass java/lang/invoke/VarHandleInts$FieldInstanceReadOnly
instanceKlass java/lang/invoke/VarHandleReferences$Array
instanceKlass java/lang/invoke/VarHandleReferences$FieldInstanceReadOnly
ciInstanceKlass java/lang/invoke/VarHandle 1 1 390 10 7 12 1 1 1 10 7 12 1 1 9 12 1 1 9 12 1 1 100 1 10 8 1 10 12 1 1 10 7 12 1 1 1 10 12 1 1 10 100 12 1 1 1 9 100 12 1 1 1 10 12 1 1 10 100 12 1 1 1 10 12 1 1 9 12 1 10 12 1 9 12 1 1 10 100 12 1 1 10 12 1 9 100 12 1 1 1 9 12 1 1 10 12 1 1 100 1 100 1 10 8 1 10 12 1 1 10 12 1 8 1 10 12 1 10 12 1 10 12 1 1 9 100 12 1 1 1 10 12 1 10 12 1 1 10 12 1 10 10 100 12 1 1 1 10 12 1 1 10 12 1 1 10 100 12 1 1 1 10 100 12 1 1 1 10 100 12 1 1 1 9 12 1 1 10 9 12 1 1 10 12 1 10 12 1 10 12 1 1 10 12 1 10 100 12 1 1 1 9 12 1 1 10 12 1 1 9 12 1 10 12 1 10 12 1 10 100 12 1 1 100 1 10 9 7 12 1 1 1 9 12 1 1 10 7 12 1 1 1 10 12 1 10 12 1 10 12 1 10 12 1 10 12 1 10 12 1 1 7 1 10 10 7 12 1 1 1 9 12 1 1 8 10 12 1 1 7 1 10 12 1 1 100 1 1 1 1 1 1 1 1 1 1 1 1 1 1 1 1 1 1 1 1 1 1 1 1 1 1 1 1 1 1 1 1 1 1 1 1 1 1 1 1 1 1 1 1 1 1 1 1 1 1 1 1 1 1 1 1 1 1 1 1 1 1 1 1 1 1 1 1 1 1 1 1 1 1 1 1 1 1 1 1 1 1 1 1 1 1 1 1 1 100 1 100 1 100 1 1 1 1 1 1 1 100 1 1 1
staticfield java/lang/invoke/VarHandle AIOOBE_SUPPLIER Ljava/util/function/BiFunction; jdk/internal/util/Preconditions$1
staticfield java/lang/invoke/VarHandle VFORM_OFFSET J 16
staticfield java/lang/invoke/VarHandle $assertionsDisabled Z 1
ciInstanceKlass java/lang/invoke/MemberName 1 1 757 7 1 7 1 100 1 9 12 1 1 10 7 12 1 1 1 9 12 1 1 10 12 1 1 10 12 1 1 10 12 1 1 10 12 1 10 12 1 1 10 7 12 1 1 1 10 12 1 9 100 12 1 1 10 12 1 100 1 100 1 10 12 1 8 1 10 12 1 1 10 12 1 10 12 1 1 10 12 1 9 12 1 1 8 1 10 100 12 1 1 1 7 1 10 10 12 1 1 100 1 100 1 10 12 1 1 9 12 1 1 100 1 8 1 10 12 1 10 12 1 10 12 1 10 12 1 10 12 1 1 10 12 1 10 12 1 10 12 1 1 10 12 1 1 10 12 1 8 1 8 1 8 1 10 100 12 1 1 1 10 12 1 9 12 1 1 3 10 12 1 10 12 1 10 12 1 10 10 7 12 1 1 1 10 12 1 10 12 1 10 12 1 10 12 1 7 1 8 10 12 1 1 10 12 1 1 8 1 9 100 1 8 9 100 1 10 12 1 1 10 12 1 10 12 1 8 1 10 12 1 1 10 12 1 10 12 1 10 12 1 10 12 1 1 100 1 10 12 1 1 10 12 1 8 1 10 12 1 10 12 1 8 1 10 12 1 1 10 12 1 1 100 1 10 12 1 1 10 12 8 1 8 1 100 1 10 12 1 10 100 12 1 1 1 100 1 10 12 10 12 1 10 12 1 10 12 1 10 12 1 10 10 12 1 10 12 1 10 12 1 3 10 12 1 3 10 12 1 3 3 3 3 3 3 3 100 1 10 12 1 10 7 12 1 1 1 10 12 1 3 9 12 1 10 12 1 1 3 10 12 1 10 10 7 12 1 1 1 10 12 1 1 10 100 1 10 10 12 1 10 12 1 10 12 1 10 10 12 1 1 10 12 1 10 12 1 10 12 1 100 1 10 10 10 12 100 1 10 10 10 12 1 1 10 12 1 1 10 10 12 1 8 10 100 1 10 12 1 10 100 1 10 12 1 10 12 1 10 12 1 10 10 12 1 10 12 1 1 10 12 1 1 10 12 1 10 12 1 10 12 1 100 1 10 12 1 1 100 1 8 1 10 7 1 10 12 1 10 12 10 12 1 1 10 12 1 10 12 1 8 1 8 1 8 1 8 1 10 12 1 10 12 1 10 12 1 1 8 1 8 1 10 12 1 8 1 10 10 12 1 10 12 1 8 1 8 1 10 10 12 1 8 1 10 100 12 1 1 1 8 1 10 12 1 10 12 1 1 10 12 1 8 1 8 1 8 1 8 1 100 1 10 8 1 8 1 8 1 8 1 10 12 1 100 1 100 1 100 1 10 100 1 10 100 1 10 100 12 1 1 1 9 7 12 1 1 1 100 1 100 1 1 1 1 1 1 1 3 1 3 1 3 1 3 1 3 1 3 1 1 1 1 1 1 1 1 3 1 3 1 1 1 1 3 1 1 1 1 1 1 1 1 1 1 1 1 1 1 1 1 1 1 1 1 1 1 1 1 1 1 1 1 1 1 1 1 1 1 1 1 1 1 1 1 1 1 1 1 1 1 1 1 1 1 1 1 1 1 1 1 1 1 1 1 1 1 1 1 1 1 1 1 1 1 1 1 1 1 1 1 1 1 1 1 1 1 1 1 1 1 1 1 1 1 1 1 1 1 1 1 1 1 1 1 1 1 1 1 1 1 100 1 1 1 1 1 1 1 1 1 1 1 1 1 1 1
staticfield java/lang/invoke/MemberName $assertionsDisabled Z 1
ciInstanceKlass java/lang/invoke/ResolvedMethodName 1 1 16 10 100 12 1 1 1 100 1 1 1 1 1 1 1 1
ciInstanceKlass java/lang/StackWalker 0 0 235 9 100 12 1 1 1 10 100 12 1 1 1 100 1 10 100 12 1 1 1 10 12 1 1 11 100 12 1 1 1 10 12 1 1 10 12 1 1 10 12 1 1 100 1 8 1 10 12 1 10 12 1 10 12 1 10 100 12 1 1 9 12 1 1 9 12 1 1 9 12 1 1 9 12 1 1 10 12 1 1 9 12 1 1 10 100 12 1 1 1 11 12 1 1 100 1 8 1 10 10 100 12 1 1 9 12 1 1 10 12 1 1 10 100 12 1 1 1 10 100 12 1 1 1 18 12 1 1 100 1 8 1 10 10 12 1 1 10 100 12 1 1 1 9 100 12 1 1 11 100 12 1 1 1 10 12 1 1 1 1 1 1 1 1 1 1 1 1 1 1 1 1 1 1 1 1 1 1 1 1 1 1 1 1 1 1 1 1 1 1 1 1 1 1 1 1 1 1 1 1 1 1 1 1 1 1 1 100 1 1 15 10 100 12 1 1 1 16 15 10 12 16 1 1 1 1 1 1 1 100 1 100 1 1
ciInstanceKlass java/lang/StackStreamFactory$AbstractStackWalker 1 0 306 100 1 100 1 3 10 100 12 1 1 1 10 100 12 1 1 10 100 12 1 1 1 9 12 1 1 10 12 1 1 9 12 1 1 9 12 1 1 9 12 1 1 9 12 1 9 100 12 1 1 1 10 100 12 1 1 1 10 12 1 1 9 12 1 1 10 100 12 1 1 1 10 12 1 1 9 12 1 1 9 100 12 1 1 1 100 1 10 8 1 10 12 1 1 10 12 1 8 1 10 12 1 1 10 100 12 1 1 1 100 1 8 1 10 12 1 8 1 10 12 9 100 12 1 1 1 10 100 12 1 1 9 12 1 8 1 5 0 8 1 8 1 9 12 1 1 10 12 1 1 10 12 1 1 10 12 1 9 12 1 10 12 1 10 12 1 10 12 1 10 12 1 1 10 12 1 10 12 1 1 8 1 10 12 1 10 12 1 10 12 1 10 12 1 1 8 1 10 12 1 1 10 12 1 1 10 12 1 1 10 12 1 10 12 1 10 100 12 1 1 1 9 12 1 8 1 10 12 1 10 12 1 10 12 1 10 12 1 10 12 1 10 12 1 10 12 1 1 10 12 1 1 10 12 1 1 10 12 1 8 1 1 1 1 1 1 1 1 1 1 1 1 1 1 1 1 1 1 100 1 1 1 1 100 1 1 1 1 1 1 1 1 1 1 1 1 1 1 1 1 1 1 1 1 1
ciInstanceKlass jdk/internal/module/Modules 1 1 504 10 100 12 1 1 1 9 7 12 1 1 1 11 7 12 1 1 1 11 12 1 1 11 12 1 1 11 12 1 1 11 12 1 11 12 1 11 12 1 11 12 1 11 12 1 1 10 100 12 1 1 1 10 100 12 1 1 1 18 12 1 1 10 100 12 1 1 1 100 1 10 100 12 1 1 1 10 100 12 1 1 1 10 100 12 1 1 10 12 1 1 11 12 1 9 12 1 1 11 100 12 1 1 1 10 12 1 1 10 10 12 1 10 9 12 1 1 10 100 12 1 1 10 12 1 1 10 100 12 1 1 100 1 11 100 12 1 1 1 10 100 12 1 1 1 11 100 12 1 1 10 12 1 1 10 100 12 1 1 10 100 12 1 1 1 10 12 1 1 10 12 1 1 11 12 1 1 18 12 1 1 11 100 12 1 1 10 100 12 1 1 1 11 100 12 1 1 1 100 1 11 12 1 1 11 100 12 1 1 1 11 12 1 1 10 12 1 1 10 100 12 1 1 18 12 1 1 11 12 1 1 18 12 1 1 11 12 1 1 10 12 1 18 18 10 12 1 1 9 12 1 1 11 100 12 1 1 1 100 1 10 11 12 1 11 12 1 1 11 12 1 1 10 100 1 10 12 1 1 10 100 12 1 1 10 12 1 1 11 12 10 12 1 1 100 1 10 18 12 1 10 12 1 1 100 1 8 1 10 12 1 10 100 12 1 1 18 12 1 11 11 12 10 12 1 10 10 100 1 18 12 1 10 10 10 7 12 1 1 10 7 12 1 1 1 10 12 1 1 1 1 1 1 1 1 1 1 1 1 1 1 1 1 1 1 1 1 1 1 1 1 1 1 1 1 1 1 1 1 1 100 1 1 1 1 1 1 1 1 1 1 1 1 1 1 1 1 1 1 1 1 1 1 1 1 1 1 1 1 1 1 1 1 1 1 1 100 1 1 1 1 1 1 1 1 1 1 1 1 1 1 1 1 1 1 1 1 1 1 1 15 10 100 12 1 1 1 16 15 10 12 1 16 16 15 10 12 1 16 1 16 1 15 10 12 1 16 1 16 1 15 10 12 16 1 15 10 16 1 15 10 12 16 1 15 10 12 16 15 10 12 16 15 10 12 1 1 1 100 1 100 1 1
staticfield jdk/internal/module/Modules JLA Ljdk/internal/access/JavaLangAccess; java/lang/System$2
staticfield jdk/internal/module/Modules JLMA Ljdk/internal/access/JavaLangModuleAccess; java/lang/module/ModuleDescriptor$1
staticfield jdk/internal/module/Modules $assertionsDisabled Z 1
ciInstanceKlass java/util/LinkedHashMap$LinkedEntryIterator 1 1 49 9 7 12 1 1 1 10 7 12 1 1 1 10 12 1 1 10 12 1 1 100 1 1 1 1 1 1 1 1 1 1 1 1 1 1 1 100 1 1 1 1 100 1 1 100 1 100 1
ciInstanceKlass java/util/HashMap$EntrySet 1 1 133 9 7 12 1 1 1 10 7 12 1 1 1 9 7 12 1 1 1 10 12 1 7 1 10 12 1 100 1 11 12 1 1 10 12 1 1 10 100 12 1 1 1 11 12 1 10 12 1 1 10 12 1 1 100 1 10 12 1 100 1 10 9 12 1 1 9 12 1 11 100 12 1 1 1 9 12 1 1 100 1 10 1 1 1 1 1 1 1 1 1 1 1 1 1 1 1 1 1 1 1 1 1 1 100 1 1 1 1 1 1 1 1 1 1 1 1 1 1 100 1 1 1 1 1 1 1 1 100 1 1 1 1
instanceKlass java/util/LinkedHashMap$Entry
ciInstanceKlass java/util/HashMap$Node 1 1 95 10 7 12 1 1 1 9 7 12 1 1 1 9 12 1 1 9 12 1 9 12 1 1 100 1 10 10 12 1 1 8 1 10 12 1 10 12 1 1 10 7 12 1 1 1 100 1 11 12 1 1 10 12 1 1 11 12 1 1 1 1 1 1 1 1 1 1 1 1 1 1 1 1 1 1 1 1 1 1 1 1 1 1 1 1 1 1 100 1 1 1 100 1 1
instanceKlass java/util/HashMap$TreeNode
ciInstanceKlass java/util/LinkedHashMap$Entry 1 1 41 10 7 12 1 1 1 100 1 1 1 1 1 1 1 1 1 1 1 1 1 1 1 1 1 1 1 1 1 1 1 1 1 1 100 1 1 100 1 1 1
ciInstanceKlass java/util/HashMap$TreeNode 0 0 250 100 1 10 100 12 1 1 1 9 100 12 1 1 1 9 12 1 1 9 12 1 9 12 1 1 9 12 1 1 10 12 1 1 100 1 10 12 1 9 12 1 9 12 1 9 12 1 1 10 100 12 1 1 1 10 12 1 1 10 12 1 1 10 12 1 1 10 12 1 1 10 12 1 1 10 100 12 1 1 1 10 100 12 1 1 1 10 100 12 1 1 1 9 12 1 10 12 1 1 10 12 1 1 10 12 1 1 10 12 1 1 9 100 1 10 12 1 1 10 12 1 1 10 12 1 10 12 1 1 10 12 1 10 12 1 10 12 1 1 1 1 1 1 1 1 1 1 1 1 1 1 1 1 1 1 1 1 1 1 1 1 1 1 100 1 1 1 1 1 1 1 1 1 1 1 1 1 1 1 1 1 1 1 1 1 1 1 1 1 1 1 1 1 1 1 1 1 1 1 1 1 1 1 1 1 1 1 1 1 1 1 1 1 1 1 1 1 1 1 1 1 1 1 1 1 1 1 1 1 1 1 1 1 1 1 1 1 1 1 1 1 1 1 1 100 1 1 1 1
ciMethod java/util/LinkedHashMap$Entry <init> (ILjava/lang/Object;Ljava/lang/Object;Ljava/util/HashMap$Node;)V 514 0 5446 0 736
ciMethod java/util/HashMap$Node <init> (ILjava/lang/Object;Ljava/lang/Object;Ljava/util/HashMap$Node;)V 648 0 10837 0 0
ciInstanceKlass java/util/concurrent/ConcurrentHashMap$MapEntry 1 1 89 10 7 12 1 1 1 9 7 12 1 1 1 9 12 1 9 12 1 1 10 12 1 1 10 100 12 1 1 1 100 1 11 12 1 1 11 12 1 10 12 1 1 100 1 10 10 7 12 1 1 1 1 1 1 1 1 1 1 1 1 1 1 1 1 1 1 1 1 1 1 1 1 1 1 1 1 1 1 1 1 1 1 1 1 1 100 1 1
ciInstanceKlass java/util/concurrent/ConcurrentHashMap$EntryIterator 1 1 90 10 7 12 1 1 1 9 7 12 1 1 1 100 1 10 12 1 9 7 12 1 1 1 9 12 1 9 12 1 10 12 1 1 7 1 9 12 1 1 10 12 1 10 12 1 100 1 1 1 1 1 1 1 1 1 1 1 1 1 1 1 1 1 1 1 1 1 1 1 1 1 1 1 1 1 1 1 100 1 1 1 1 1 1 100 1 100 1 1
ciInstanceKlass java/util/Collections$UnmodifiableMap 1 1 175 10 7 12 1 1 1 100 1 10 9 7 12 1 1 1 11 7 12 1 1 1 11 12 1 1 11 12 1 1 11 12 1 11 12 1 1 100 1 10 9 12 1 1 11 12 1 10 7 12 1 1 1 9 12 1 7 1 11 12 10 12 1 9 12 1 1 11 12 1 10 12 1 1 11 12 1 11 12 1 10 12 1 1 11 12 1 1 11 12 1 1 100 1 1 1 1 5 0 1 1 1 1 1 1 1 1 1 1 1 1 1 1 1 1 1 1 1 1 1 1 1 1 1 1 1 1 1 1 1 1 1 1 1 1 1 1 1 1 1 1 1 1 1 1 1 1 1 1 1 1 1 1 1 1 1 1 1 1 1 1 1 1 1 1 1 1 1 1 1 1 1 100 1 1
instanceKlass java/util/ArrayList$ListItr
ciInstanceKlass java/util/ArrayList$Itr 1 1 103 9 7 12 1 1 1 10 7 12 1 1 1 9 12 1 1 9 7 12 1 1 9 12 1 9 12 1 9 12 1 10 12 1 100 1 10 9 12 1 1 100 1 10 100 1 10 10 12 1 1 100 1 10 100 12 1 1 1 10 12 1 1 11 100 12 1 1 1 100 1 1 1 1 1 1 1 1 1 1 1 1 1 1 1 100 1 1 1 1 1 1 1 1 1 1 1 1 1 1 1 1 1
ciMethod java/util/ArrayList$Itr hasNext ()Z 512 0 5394 0 96
ciMethod java/util/ArrayList$Itr next ()Ljava/lang/Object; 516 0 5379 0 256
ciMethod java/util/ArrayList$Itr <init> (Ljava/util/ArrayList;)V 514 0 10658 0 0
ciMethod java/util/ArrayList$Itr checkForComodification ()V 514 0 13065 0 128
ciInstanceKlass java/util/Collections$SynchronizedSet 1 1 67 10 7 12 1 1 1 10 12 1 9 100 12 1 1 1 9 12 1 1 11 100 12 1 1 1 11 12 1 1 100 1 1 1 1 5 0 1 1 1 1 1 1 1 1 1 1 1 1 1 1 1 1 1 100 1 100 1 1 1 1 1 100 1 1 1 1
ciInstanceKlass java/util/LinkedHashMap$LinkedEntrySet 1 1 136 9 7 12 1 1 1 10 7 12 1 1 1 9 7 12 1 1 1 10 12 1 7 1 10 12 1 100 1 11 12 1 1 10 12 1 1 10 100 12 1 1 1 11 12 1 10 100 12 1 1 1 10 12 1 1 100 1 10 100 12 1 1 1 100 1 10 9 12 1 9 12 1 1 11 100 12 1 1 1 9 100 12 1 1 100 1 10 1 1 1 1 1 1 1 1 1 1 1 1 1 1 1 1 1 1 1 1 1 1 1 100 1 1 1 1 1 1 1 1 1 1 1 1 1 1 1 1 1 1 1 1 100 1 1 1
ciMethod java/util/HashMap$TreeNode putTreeVal (Ljava/util/HashMap;[Ljava/util/HashMap$Node;ILjava/lang/Object;Ljava/lang/Object;)Ljava/util/HashMap$TreeNode; 0 0 1 0 -1
ciMethod java/util/HashMap$TreeNode split (Ljava/util/HashMap;[Ljava/util/HashMap$Node;II)V 0 0 1 0 -1
ciMethod java/util/HashMap removeNode (ILjava/lang/Object;Ljava/lang/Object;ZZ)Ljava/util/HashMap$Node; 772 16 1939 0 -1
ciMethod java/util/HashMap putMapEntries (Ljava/util/Map;Z)V 476 266 3607 0 0
ciMethod java/util/HashMap resize ()[Ljava/util/HashMap$Node; 22 270 4438 0 3040
ciMethod java/util/HashMap treeifyBin ([Ljava/util/HashMap$Node;I)V 0 0 1 0 -1
ciMethod java/util/HashMap putVal (ILjava/lang/Object;Ljava/lang/Object;ZZ)Ljava/lang/Object; 4110 152 13368 0 2176
ciMethod java/util/HashMap tableSizeFor (I)I 512 0 8419 0 0
ciMethod java/util/HashMap hash (Ljava/lang/Object;)I 516 0 39337 0 0
ciMethod java/util/HashMap <init> ()V 574 0 19251 0 64
ciMethod java/util/LinkedHashMap <init> (Ljava/util/Map;)V 472 0 3217 0 0
ciMethod java/util/LinkedHashMap newNode (ILjava/lang/Object;Ljava/lang/Object;Ljava/util/HashMap$Node;)Ljava/util/HashMap$Node; 514 0 5502 0 1088
ciMethod java/util/LinkedHashMap afterNodeAccess (Ljava/util/HashMap$Node;)V 0 0 504 0 0
ciMethod java/util/LinkedHashMap afterNodeInsertion (Z)V 548 0 5401 0 96
ciMethod java/util/LinkedHashMap linkNodeLast (Ljava/util/LinkedHashMap$Entry;)V 514 0 5502 0 0
ciMethod java/util/LinkedHashMap removeEldestEntry (Ljava/util/Map$Entry;)Z 266 0 4026 0 -1
ciMethod java/util/AbstractList <init> ()V 296 0 81464 0 0
ciMethod java/util/List add (Ljava/lang/Object;)Z 0 0 1 0 -1
ciMethod java/util/List iterator ()Ljava/util/Iterator; 0 0 1 0 -1
ciMethod java/util/List addAll (Ljava/util/Collection;)Z 0 0 1 0 -1
ciMethod java/util/Collection toArray ()[Ljava/lang/Object; 0 0 1 0 -1
ciMethod java/util/AbstractMap <init> ()V 648 0 35280 0 64
ciMethod java/util/Arrays copyOf ([Ljava/lang/Object;I)[Ljava/lang/Object; 86 0 6285 0 0
ciMethod java/util/Arrays copyOf ([Ljava/lang/Object;ILjava/lang/Class;)[Ljava/lang/Object; 274 0 5889 0 -1
ciMethod java/lang/Math max (II)I 532 0 78859 0 -1
ciMethod java/util/Map$Entry getKey ()Ljava/lang/Object; 0 0 1 0 -1
ciMethod java/util/Map$Entry getValue ()Ljava/lang/Object; 0 0 1 0 -1
ciMethod java/util/Set iterator ()Ljava/util/Iterator; 0 0 1 0 -1
ciMethod java/util/Hashtable cloneHashtable ()Ljava/util/Hashtable; 514 0 3065 0 0
ciMethod java/util/Map entrySet ()Ljava/util/Set; 0 0 1 0 -1
ciMethod java/util/Map size ()I 0 0 1 0 -1
ciMethod java/lang/StringBuilder <init> ()V 180 0 51144 0 -1
ciMethod java/lang/StringBuilder toString ()Ljava/lang/String; 190 0 44953 0 -1
ciMethod java/lang/StringBuilder append (Ljava/lang/String;)Ljava/lang/StringBuilder; 390 0 150598 0 -1
ciMethod java/lang/String equals (Ljava/lang/Object;)Z 1024 0 5641 0 448
ciMethod java/util/concurrent/ConcurrentHashMap putAll (Ljava/util/Map;)V 256 6156 1305 0 4928
ciMethod java/util/concurrent/ConcurrentHashMap <init> (Ljava/util/Map;)V 514 0 3065 0 0
ciMethod java/util/concurrent/ConcurrentHashMap putVal (Ljava/lang/Object;Ljava/lang/Object;Z)Ljava/lang/Object; 730 18 6640 0 -1
ciMethod java/util/concurrent/ConcurrentHashMap tryPresize (I)V 256 312 1305 0 -1
ciMethod java/util/ArrayList addAll (Ljava/util/Collection;)Z 4 0 5186 0 2240
ciMethod java/util/ArrayList iterator ()Ljava/util/Iterator; 512 0 5387 0 192
ciMethod java/util/ArrayList add (Ljava/lang/Object;)Z 496 0 33861 0 1920
ciMethod java/util/ArrayList <init> ()V 232 0 66259 0 256
ciMethod java/util/ArrayList add (Ljava/lang/Object;[Ljava/lang/Object;I)V 496 0 33861 0 0
ciMethod java/util/ArrayList grow (I)[Ljava/lang/Object; 76 0 5348 0 1536
ciMethod java/util/ArrayList grow ()[Ljava/lang/Object; 76 0 4552 0 0
ciMethod java/util/Iterator hasNext ()Z 0 0 1 0 -1
ciMethod java/util/Iterator next ()Ljava/lang/Object; 0 0 1 0 -1
ciMethod java/lang/Object getClass ()Ljava/lang/Class; 256 0 128 0 -1
ciMethod java/lang/Object <init> ()V 1024 0 584964 0 128
ciInstanceKlass org/codehaus/plexus/util/xml/Xpp3Dom 1 1 371 7 1 10 7 12 1 1 1 9 12 1 1 7 1 10 9 12 1 1 10 12 1 9 12 1 1 10 12 1 1 10 12 1 10 12 1 1 10 12 1 10 12 1 10 12 1 10 12 1 1 10 12 1 1 10 12 1 1 10 12 1 1 10 12 1 10 12 1 9 12 1 9 12 1 1 11 7 12 1 1 1 9 12 1 1 11 12 1 1 11 7 12 1 1 1 100 11 12 1 1 7 1 10 100 12 1 1 11 12 1 100 1 8 1 10 8 1 7 1 10 11 12 1 1 11 7 12 1 1 11 12 1 11 12 1 1 11 7 12 1 1 11 12 1 1 10 12 1 1 10 12 1 11 12 1 11 9 12 1 1 11 7 10 12 1 1 10 7 12 1 1 1 11 12 1 1 11 7 12 1 1 11 12 1 10 11 12 11 12 9 12 1 1 100 1 10 12 1 10 100 12 1 1 1 10 12 1 100 1 8 1 8 1 10 10 12 1 10 12 1 1 11 10 100 12 1 1 8 1 8 1 10 12 1 1 11 12 1 11 12 1 8 10 12 1 10 12 1 1 11 11 10 12 1 11 11 100 1 10 100 1 8 1 10 12 1 10 12 1 10 12 1 10 12 1 10 12 1 100 1 1 1 1 5 0 1 1 1 1 1 8 1 1 1 1 1 1 1 1 1 1 1 1 1 1 1 1 1 1 1 1 1 1 1 1 1 1 1 1 1 1 1 1 1 1 1 1 1 1 1 1 1 1 1 1 1 1 1 1 1 1 1 1 1 1 1 1 1 1 1 1 1 1 1 1 1 1 1 1 1 1 1 1 1 1 1 1 1 1 1
staticfield org/codehaus/plexus/util/xml/Xpp3Dom EMPTY_STRING_ARRAY [Ljava/lang/String; 0 [Ljava/lang/String;
staticfield org/codehaus/plexus/util/xml/Xpp3Dom EMPTY_DOM_ARRAY [Lorg/codehaus/plexus/util/xml/Xpp3Dom; 0 [Lorg/codehaus/plexus/util/xml/Xpp3Dom;
ciInstanceKlass com/google/inject/spi/Dependency 1 1 160 10 9 8 10 7 9 9 9 7 10 10 10 11 11 11 7 10 11 10 7 10 10 10 10 100 10 10 10 10 10 1 1 1 1 1 1 1 1 1 1 1 1 1 1 1 1 1 1 1 1 1 1 1 1 1 1 1 1 1 1 1 1 7 7 1 1 1 1 1 1 1 1 1 1 1 1 1 1 1 1 1 1 1 1 1 1 1 1 12 12 7 12 1 12 12 12 1 7 12 12 7 12 7 12 12 12 1 12 12 7 12 1 7 12 7 12 12 12 1 12 12 12 12 1 1 1 1 1 1 1 1 1 1 1 1 1 1 1 1 1 1 1 1 1 1 1 1 1 1 1 1 1 1 1 1 1 1 1 1
ciInstanceKlass java/lang/CloneNotSupportedException 0 0 26 10 100 12 1 1 1 10 12 1 100 1 1 1 1 5 0 1 1 1 1 1 1 1 1 1
instanceKlass com/google/common/cache/CacheLoader$UnsupportedLoadingOperationException
ciInstanceKlass java/lang/UnsupportedOperationException 0 0 34 10 100 12 1 1 1 10 12 1 10 12 1 10 12 1 100 1 1 1 1 5 0 1 1 1 1 1 1 1 1 1 1 1
ciInstanceKlass java/util/Collections$UnmodifiableMap$UnmodifiableEntrySet 1 1 196 10 7 12 1 1 1 18 12 1 1 10 100 12 1 1 1 9 100 12 1 1 1 10 12 1 11 100 12 1 1 1 100 1 11 12 1 1 10 12 1 10 10 100 12 1 1 1 7 1 10 12 1 11 12 1 1 100 1 100 1 10 12 1 10 100 12 1 1 1 11 12 1 10 100 12 1 1 1 11 12 1 1 11 12 1 1 11 100 12 1 1 1 11 12 1 1 10 100 1 11 12 1 1 11 10 12 1 1 11 100 12 1 1 1 1 1 5 0 1 1 1 1 1 1 1 1 1 1 1 1 1 1 1 1 1 1 1 1 1 1 1 1 1 1 1 100 1 1 1 1 1 1 1 1 1 1 1 1 1 1 1 1 1 1 100 1 1 15 10 100 12 1 1 1 16 15 10 12 16 1 1 100 1 1 1 1 1 100 1 1 100 1 100 1 1
ciInstanceKlass java/util/Collections$UnmodifiableMap$UnmodifiableEntrySet$1 1 1 91 9 7 12 1 1 1 10 7 12 1 1 1 9 7 12 1 1 1 11 7 12 1 1 1 9 12 1 1 11 7 12 1 1 1 7 1 11 12 1 1 7 1 10 12 1 100 1 10 10 12 1 1 11 12 1 1 10 12 1 1 1 1 1 1 1 1 1 1 1 1 1 1 1 1 1 1 1 1 1 100 1 1 100 1 1 1 1 100 1 1
ciInstanceKlass java/util/Collections$UnmodifiableMap$UnmodifiableEntrySet$UnmodifiableEntry 1 1 84 10 7 12 1 1 1 10 7 12 1 1 1 7 1 9 7 12 1 1 1 11 12 1 1 11 12 1 100 1 10 11 12 1 1 10 100 12 1 1 1 10 12 1 1 1 1 1 1 1 1 1 1 1 1 1 1 1 1 1 1 1 1 1 1 1 1 1 1 1 1 1 1 1 100 1 1 100 1 1 100 1 1 1
ciInstanceKlass java/util/NoSuchElementException 0 0 34 10 100 12 1 1 1 10 12 1 10 12 1 10 12 1 100 1 1 1 1 5 0 1 1 1 1 1 1 1 1 1 1 1
ciInstanceKlass java/util/ConcurrentModificationException 0 0 34 10 100 12 1 1 1 10 12 1 10 12 1 10 12 1 100 1 1 1 1 5 0 1 1 1 1 1 1 1 1 1 1 1
ciInstanceKlass com/google/common/collect/SingletonImmutableList 1 1 114 10 7 12 1 1 1 10 7 12 1 1 1 9 7 12 1 1 1 10 12 1 1 10 7 12 1 1 1 10 100 12 1 1 1 11 100 12 1 1 1 10 12 1 1 10 12 1 1 100 1 10 10 12 1 1 10 100 12 1 1 1 10 12 1 10 10 12 1 1 10 12 1 1 10 12 1 1 1 1 1 1 1 1 1 1 1 1 1 1 1 1 1 1 1 1 1 1 1 1 1 1 1 1 1 1 1 1 1 1 1 1 1 1
ciInstanceKlass org/apache/maven/model/Dependency 1 1 281 10 7 12 1 1 1 8 1 9 7 12 1 1 1 10 12 1 1 11 7 12 1 1 1 10 12 1 1 9 12 1 1 7 1 10 11 12 1 1 11 7 12 1 1 1 11 12 1 7 1 10 12 1 9 12 1 1 100 1 10 12 1 100 1 100 1 7 1 10 10 12 1 1 10 100 12 1 1 1 10 12 1 1 8 1 10 12 1 10 12 1 10 12 1 1 100 1 9 12 1 9 12 1 9 12 1 7 1 10 12 1 1 8 1 10 12 1 8 8 8 1 8 8 8 1 8 1 8 8 1 9 12 1 1 9 12 1 9 12 1 9 12 1 9 12 1 9 12 1 9 12 1 9 12 1 9 12 1 9 12 1 10 12 1 1 9 12 10 12 1 1 10 11 100 12 1 1 1 11 12 1 1 100 1 9 12 9 12 9 12 11 12 1 10 100 12 1 1 1 10 12 1 1 8 1 8 1 8 1 8 1 8 1 9 12 1 8 1 10 12 1 100 1 100 1 100 1 1 1 1 1 1 1 1 1 1 1 1 1 1 1 1 1 1 1 1 1 1 1 1 1 1 1 1 1 1 1 1 1 1 1 1 1 1 1 1 1 1 1 1 1 1 1 1 1 1 100 1 1 1
instanceKlass org/apache/maven/model/Profile
instanceKlass org/apache/maven/model/Model
ciInstanceKlass org/apache/maven/model/ModelBase 1 1 320 10 7 12 1 1 1 10 7 12 1 1 1 11 7 12 1 1 1 10 12 1 10 12 1 10 12 1 1 10 7 12 1 1 1 10 12 1 10 12 1 1 9 12 1 1 7 1 10 11 12 1 1 9 12 1 1 10 7 12 1 1 9 12 1 1 10 9 12 1 1 10 7 12 1 1 9 12 1 11 12 1 1 11 7 12 1 1 1 11 12 1 7 1 10 12 1 9 12 1 7 1 10 12 1 9 12 1 9 12 1 1 100 1 10 12 1 9 12 1 1 10 7 12 1 1 9 12 1 1 7 1 10 12 1 100 1 100 1 100 1 10 10 12 1 1 10 100 12 1 1 1 10 12 1 1 8 1 10 12 1 10 12 1 10 12 1 1 100 1 7 1 10 12 1 1 8 1 10 12 1 8 8 8 8 8 8 8 8 8 9 12 1 1 9 12 1 9 12 1 9 12 1 9 12 1 9 12 1 9 12 1 9 12 1 9 12 1 9 12 1 10 12 1 1 10 12 1 1 10 11 7 1 11 12 1 1 7 1 10 11 12 1 10 12 1 100 1 100 1 100 1 1 1 1 1 1 1 1 1 1 1 1 1 1 1 1 1 1 1 1 1 1 1 1 1 1 1 1 1 1 1 1 1 1 1 1 1 1 1 1 1 1 1 1 1 1 1 1 1 1 1 1 1 1 1 1 1 1 1 1 1 1 1 1 1 7 1 1 1
ciInstanceKlass org/apache/maven/model/Model 1 1 402 10 7 12 1 1 1 8 1 9 7 12 1 1 1 8 1 9 12 1 10 12 1 1 11 7 12 1 1 1 10 12 1 10 12 1 10 12 1 10 12 1 10 12 1 1 9 12 1 1 10 7 12 1 1 9 12 1 1 10 7 12 1 1 9 12 1 1 7 1 10 11 12 1 1 11 7 12 1 1 1 11 12 1 1 7 1 10 12 1 9 12 1 7 1 10 12 1 9 12 1 7 1 10 12 1 9 12 1 7 1 10 12 1 9 12 1 1 10 7 12 1 1 9 12 1 1 10 7 12 1 1 9 12 1 1 10 7 12 1 1 9 12 1 1 10 7 12 1 1 9 12 1 1 10 7 12 1 1 9 12 1 7 1 10 12 1 10 12 1 1 100 1 100 1 7 1 10 10 100 12 1 1 1 10 100 12 1 1 1 10 12 1 1 8 1 10 12 1 10 12 1 10 12 1 1 100 1 9 12 1 9 12 1 9 12 1 9 12 1 9 12 1 9 12 1 9 12 1 9 12 1 9 12 1 11 12 1 9 12 1 1 10 7 12 1 1 1 10 12 1 10 12 1 10 12 1 8 1 8 1 10 12 1 10 12 1 10 12 1 10 12 1 10 100 12 1 1 1 10 100 12 1 1 1 10 12 1 100 1 100 1 1 1 1 1 1 1 1 1 1 1 1 1 1 1 1 1 1 1 1 1 1 1 1 1 1 1 1 1 1 1 1 1 1 1 1 1 1 1 1 1 1 1 1 1 1 1 1 1 1 1 1 1 1 1 1 1 1 1 1 1 1 1 1 1 1 1 1 1 1 1 1 1 1 1 1 1 1 1 1 1 1 1 1 1 1 1 1 1 1 1 1 1 1 1 1 1 1 1 1 1 1 1 1 1 1 1 7 1 1 1
instanceKlass org/apache/maven/model/ReportSet
instanceKlass org/apache/maven/model/ReportPlugin
instanceKlass org/apache/maven/model/PluginExecution
instanceKlass org/apache/maven/model/Plugin
ciInstanceKlass org/apache/maven/model/ConfigurationContainer 1 1 167 10 7 12 1 1 1 9 7 12 1 1 1 10 12 1 1 9 12 1 1 7 1 10 12 1 9 12 1 1 7 1 10 12 1 100 1 100 1 100 1 10 10 12 1 1 10 100 12 1 1 1 10 12 1 1 8 1 10 12 1 10 12 1 10 12 1 1 100 1 9 12 1 1 7 1 10 12 1 1 8 1 10 12 1 1 8 8 9 12 1 1 9 12 1 9 12 1 10 12 1 1 10 12 1 1 10 11 7 12 1 1 1 11 12 1 1 7 1 10 7 12 1 1 1 10 12 1 1 10 12 1 100 1 100 1 100 1 1 1 1 1 1 1 1 1 1 1 1 1 1 1 1 1 1 1 1 1 1 1 1 1 1 100 1 1 1
ciInstanceKlass org/apache/maven/model/Plugin 1 1 269 10 7 12 1 1 1 8 1 9 7 12 1 1 1 9 12 1 1 10 12 1 1 11 7 12 1 1 1 10 12 1 10 12 1 1 9 12 1 1 7 1 10 11 12 1 1 11 7 12 1 1 1 11 12 1 1 7 1 10 12 1 9 12 1 7 1 10 12 1 9 12 1 1 100 1 10 12 1 100 1 100 1 7 1 10 10 100 12 1 1 1 10 100 12 1 1 1 10 12 1 1 8 1 10 12 1 10 12 1 10 12 1 1 100 1 9 12 1 9 12 1 9 12 1 11 12 1 10 100 12 1 1 1 10 7 12 1 1 1 7 1 10 10 12 1 11 7 12 1 1 100 1 8 1 8 1 10 12 1 8 1 10 11 12 1 1 10 12 1 10 12 1 8 1 8 1 10 12 1 8 1 10 12 1 8 1 10 12 1 1 10 12 1 10 12 1 1 8 1 8 1 10 12 1 100 1 100 1 1 1 1 1 1 1 1 1 1 1 1 1 1 1 1 1 1 1 1 1 1 1 1 1 1 1 1 1 1 1 1 1 1 1 1 1 1 1 1 1 1 1 1 1 1 1 1 1 1 1 1 1 1 1 1 1 100 1 1 1
instanceKlass org/apache/maven/model/Repository
ciInstanceKlass org/apache/maven/model/RepositoryBase 1 1 177 10 7 12 1 1 1 8 1 9 7 12 1 1 1 10 12 1 1 9 12 1 1 100 1 10 12 1 100 1 100 1 100 1 10 10 12 1 1 10 100 12 1 1 1 10 12 1 1 8 1 10 12 1 10 12 1 10 12 1 1 100 1 10 12 1 10 7 12 1 1 1 9 12 1 10 12 1 1 8 1 8 8 1 8 1 8 9 12 1 1 9 12 1 9 12 1 9 12 1 9 12 1 10 12 1 1 9 12 10 12 1 1 10 11 100 12 1 1 1 11 12 1 1 100 1 9 12 10 12 1 8 1 8 1 10 12 1 100 1 100 1 100 1 1 1 1 1 1 1 1 1 1 1 1 1 1 1 1 1 1 1 1 1 1 1 1 1 1 1 1 1 1 100 1 1 1
instanceKlass org/apache/maven/model/DeploymentRepository
ciInstanceKlass org/apache/maven/model/Repository 1 1 89 10 7 12 1 1 1 10 12 1 1 7 1 9 12 1 1 10 7 12 1 1 9 12 1 100 1 100 1 100 1 10 10 100 12 1 1 1 10 100 12 1 1 1 10 12 1 1 8 1 10 12 1 10 12 1 10 12 1 1 100 1 10 12 1 100 1 100 1 1 1 1 1 1 1 1 1 1 1 1 1 1 1 1 1 100 1 1 1
ciInstanceKlass org/apache/maven/model/DeploymentRepository 1 1 81 10 7 12 1 1 1 9 7 12 1 1 1 10 12 1 1 100 1 100 1 100 1 10 10 100 12 1 1 1 10 100 12 1 1 1 10 12 1 1 8 1 10 12 1 10 12 1 10 12 1 1 100 1 10 12 1 100 1 100 1 1 1 1 1 1 1 1 1 1 1 1 1 1 1 1 1 100 1 1 1
ciInstanceKlass org/apache/maven/model/RepositoryPolicy 1 1 165 10 7 12 1 1 1 10 12 1 1 7 1 9 12 1 1 100 1 10 12 1 100 1 100 1 100 1 10 10 12 1 1 10 100 12 1 1 1 10 12 1 1 8 1 10 12 1 10 12 1 10 12 1 1 100 1 9 12 1 1 9 12 1 7 1 10 12 1 1 8 1 10 12 1 1 8 8 1 8 9 12 1 1 9 12 1 9 12 1 9 12 1 10 12 1 1 10 12 1 1 10 11 100 12 1 1 1 11 12 1 1 100 1 9 12 10 7 12 1 1 1 10 12 1 1 10 12 1 100 1 100 1 100 1 1 1 1 1 1 1 1 1 1 1 1 1 1 1 1 1 1 1 1 1 1 1 1 1 1 1 100 1 1 1
ciInstanceKlass org/apache/maven/model/PluginExecution 1 1 131 10 7 12 1 1 1 8 1 9 7 12 1 1 1 9 12 1 1 10 12 1 1 11 7 12 1 1 1 10 12 1 1 9 12 1 1 7 1 10 11 12 1 1 100 1 100 1 100 1 10 10 100 12 1 1 1 10 100 12 1 1 1 10 12 1 1 8 1 10 12 1 10 12 1 10 12 1 1 100 1 9 12 1 11 12 1 10 12 1 10 12 1 100 1 100 1 1 1 1 1 1 1 1 1 1 1 1 1 1 1 1 1 1 1 1 1 1 1 1 1 1 1 1 1 1 1 100 1 1 1
ciInstanceKlass org/apache/maven/model/Reporting 1 1 222 10 7 12 1 1 1 10 7 12 1 1 1 11 7 12 1 1 1 10 12 1 1 9 12 1 1 7 1 10 11 12 1 1 11 7 12 1 1 1 11 12 1 7 1 10 12 1 9 12 1 1 100 1 10 12 1 100 1 100 1 100 1 10 10 12 1 1 10 100 12 1 1 1 10 12 1 1 8 1 10 12 1 10 12 1 10 12 1 1 100 1 9 12 1 1 7 1 10 12 1 1 8 1 10 12 1 8 8 1 8 9 12 1 1 9 12 1 9 12 1 9 12 1 10 12 1 1 10 12 1 1 10 11 100 12 1 1 1 11 12 1 1 100 1 9 12 11 12 1 10 100 12 1 1 1 10 12 1 1 9 12 1 10 12 1 10 12 1 100 1 100 1 100 1 1 1 1 1 1 1 1 1 1 1 1 1 1 1 1 1 1 1 1 1 1 1 1 1 1 1 1 1 1 1 1 1 1 1 1 1 1 1 1 1 1 1 1 7 1 1 1
ciInstanceKlass org/apache/maven/model/ReportPlugin 1 1 172 10 7 12 1 1 1 8 1 9 7 12 1 1 1 9 12 1 1 10 12 1 1 11 7 12 1 1 1 10 12 1 1 9 12 1 1 7 1 10 11 12 1 1 11 7 12 1 1 1 11 12 1 1 7 1 10 12 1 100 1 100 1 7 1 10 10 100 12 1 1 1 10 100 12 1 1 1 10 12 1 1 8 1 10 12 1 10 12 1 10 12 1 1 100 1 9 12 1 9 12 1 11 12 1 100 1 10 10 12 1 11 100 12 1 1 1 10 12 1 1 8 1 10 12 1 100 1 100 1 1 1 1 1 1 1 1 1 1 1 1 1 1 1 1 1 1 1 1 1 1 1 1 1 1 1 1 1 1 1 1 1 1 1 1 1 1 1 100 1 1 1
ciInstanceKlass org/apache/maven/model/ReportSet 1 1 116 10 7 12 1 1 1 8 1 9 7 12 1 1 1 10 12 1 1 11 7 12 1 1 1 10 12 1 1 9 12 1 1 7 1 10 11 12 1 1 100 1 100 1 100 1 10 10 100 12 1 1 1 10 100 12 1 1 1 10 12 1 1 8 1 10 12 1 10 12 1 10 12 1 1 100 1 11 12 1 10 12 1 10 12 1 100 1 100 1 1 1 1 1 1 1 1 1 1 1 1 1 1 1 1 1 1 1 1 1 1 1 100 1 1 1
ciInstanceKlass org/apache/maven/model/Profile 1 1 126 10 7 12 1 1 1 8 1 9 7 12 1 1 1 8 1 9 12 1 10 12 1 1 9 12 1 1 10 7 12 1 1 9 12 1 1 10 7 12 1 1 100 1 100 1 100 1 10 10 100 12 1 1 1 10 100 12 1 1 1 10 12 1 1 8 1 10 12 1 10 12 1 10 12 1 1 100 1 8 1 10 12 1 8 1 10 12 1 8 1 10 12 1 100 1 100 1 1 1 1 8 1 1 1 1 1 1 1 1 1 1 1 1 1 1 1 1 1 1 1 1 100 1 1 1
ciInstanceKlass org/apache/maven/model/InputLocation 1 1 217 10 7 12 1 1 1 9 7 12 1 1 1 9 12 1 9 12 1 1 10 12 1 1 9 12 1 1 7 1 10 12 1 100 1 100 1 100 1 10 10 12 1 1 10 100 12 1 1 1 10 12 1 1 8 1 10 12 1 10 12 1 10 12 1 1 100 1 7 1 10 12 1 1 8 1 10 12 1 1 9 12 1 1 10 12 1 1 10 12 1 1 10 11 7 12 1 1 1 11 12 1 1 10 12 1 10 12 1 10 12 1 1 10 12 1 10 12 1 1 11 12 1 10 12 1 11 100 12 1 1 1 11 100 12 1 1 1 11 12 1 100 1 10 12 1 10 12 1 1 11 12 1 10 12 1 8 1 8 1 10 12 1 10 12 1 100 1 100 1 100 1 1 1 1 1 1 1 1 1 1 1 1 1 1 1 1 1 1 1 1 1 1 1 1 1 1 1 1 1 1 1 1 1 1 1 1 1 1 100 1 1 1 1 100 1 1
ciInstanceKlass org/apache/maven/model/Relocation 0 0 160 10 100 12 1 1 1 10 12 1 1 100 1 9 12 1 1 100 1 10 12 1 100 1 100 1 100 1 10 10 12 1 1 10 100 12 1 1 1 10 12 1 1 8 1 10 12 1 10 12 1 10 12 1 1 100 1 9 12 1 1 9 12 1 100 1 10 12 1 1 8 1 10 12 1 1 8 8 8 1 8 1 9 12 1 1 9 12 1 9 12 1 9 12 1 9 12 1 10 12 1 1 9 12 10 12 1 1 10 11 100 12 1 1 1 11 12 1 1 100 1 9 12 10 12 1 100 1 100 1 100 1 1 1 1 1 1 1 1 1 1 1 1 1 1 1 1 1 1 1 1 1 1 1 1 1 100 1 1 1
ciInstanceKlass com/google/inject/spi/ProviderLookup 1 1 163 9 8 10 7 10 10 10 8 9 8 7 9 10 11 8 10 8 7 10 11 11 10 7 10 7 10 10 10 10 10 10 7 10 100 1 1 1 1 1 1 1 1 1 1 1 1 1 1 1 1 1 1 1 1 1 1 1 1 1 1 1 1 1 1 1 1 1 1 1 1 1 1 1 1 1 1 1 1 1 1 1 1 1 1 1 1 1 1 1 1 1 1 1 1 1 1 1 1 12 7 12 1 12 12 12 12 1 12 12 7 12 1 12 1 12 100 12 12 12 1 12 1 100 12 100 12 100 12 12 12 1 7 12 1 1 1 1 1 1 1 1 1 1 1 1 1 1 1 1 1 1 1 1 1 1 1 1 1 1 1 1 1
ciInstanceKlass org/apache/maven/model/DependencyManagement 1 1 176 10 7 12 1 1 1 10 7 12 1 1 1 11 7 12 1 1 1 10 12 1 1 9 12 1 1 7 1 10 11 12 1 1 11 7 12 1 1 1 11 12 1 7 1 10 12 1 9 12 1 1 100 1 10 12 1 100 1 100 1 100 1 10 10 12 1 1 10 100 12 1 1 1 10 12 1 1 8 1 10 12 1 10 12 1 10 12 1 1 100 1 7 1 10 12 1 1 8 1 10 12 1 8 9 12 1 1 9 12 1 10 12 1 1 10 12 1 1 10 11 100 12 1 1 1 11 12 1 1 100 1 11 12 1 10 12 1 100 1 100 1 100 1 1 1 1 1 1 1 1 1 1 1 1 1 1 1 1 1 1 1 1 1 1 1 1 1 1 1 1 1 100 1 1 1
ciInstanceKlass org/apache/maven/model/DistributionManagement 1 1 199 10 7 12 1 1 1 10 12 1 1 7 1 9 12 1 1 10 7 12 1 1 9 12 1 9 12 1 1 10 7 12 1 1 9 12 1 1 10 100 12 1 1 9 12 1 1 100 1 10 12 1 100 1 100 1 100 1 10 10 12 1 1 10 100 12 1 1 1 10 12 1 1 8 1 10 12 1 10 12 1 10 12 1 1 100 1 9 12 1 1 7 1 10 12 1 1 8 1 10 12 1 1 8 8 8 8 8 8 1 9 12 1 1 9 12 1 9 12 1 9 12 1 9 12 1 9 12 1 9 12 1 10 12 1 1 10 12 1 1 10 11 100 12 1 1 1 11 12 1 1 100 1 9 12 10 12 1 100 1 100 1 100 1 1 1 1 1 1 1 1 1 1 1 1 1 1 1 1 1 1 1 1 1 1 1 1 1 1 1 1 1 1 1 1 100 1 1 1
ciInstanceKlass org/apache/maven/model/Site 1 1 173 10 7 12 1 1 1 10 12 1 1 7 1 9 12 1 1 100 1 10 12 1 100 1 100 1 100 1 10 10 12 1 1 10 100 12 1 1 1 10 12 1 1 8 1 10 12 1 10 12 1 10 12 1 1 100 1 9 12 1 1 9 12 1 7 1 10 12 1 1 8 1 10 12 1 1 8 8 1 8 1 8 9 12 1 1 9 12 1 9 12 1 9 12 1 9 12 1 10 12 1 1 9 12 10 12 1 1 10 11 100 12 1 1 1 11 12 1 1 100 1 9 12 10 100 12 1 1 1 10 12 1 1 10 12 1 100 1 100 1 100 1 1 1 1 1 1 1 1 1 1 1 1 1 1 1 1 1 1 1 1 1 1 1 1 1 1 1 1 100 1 1 1
ciInstanceKlass org/apache/maven/model/Exclusion 1 1 142 10 7 12 1 1 1 10 12 1 1 7 1 9 12 1 1 100 1 10 12 1 100 1 100 1 100 1 10 10 12 1 1 10 100 12 1 1 1 10 12 1 1 8 1 10 12 1 10 12 1 10 12 1 1 100 1 9 12 1 1 9 12 1 100 1 10 12 1 1 8 1 10 12 1 1 8 8 9 12 1 1 9 12 1 9 12 1 10 12 1 1 10 12 1 1 10 11 100 12 1 1 1 11 12 1 1 100 1 10 12 1 100 1 100 1 100 1 1 1 1 1 1 1 1 1 1 1 1 1 1 1 1 1 1 1 1 1 100 1 1 1
ciMethodData java/lang/Object <init> ()V 2 584984 orig 80 1 0 0 0 0 0 0 0 0 0 0 0 0 0 0 0 0 0 0 0 0 0 0 0 0 0 0 0 0 0 0 0 0 0 0 0 0 0 0 0 0 0 0 0 0 0 0 0 0 0 0 0 0 0 0 0 0 0 0 0 0 0 0 0 0 0 0 0 0 0 0 0 0 0 0 0 0 0 0 0 data 4 0x0 0x9 0x1 0x0 oops 0 methods 0
ciMethodData java/lang/String equals (Ljava/lang/Object;)Z 2 5641 orig 80 0 0 0 0 0 0 0 0 0 0 0 0 0 0 0 0 0 0 0 0 0 0 0 0 0 0 0 0 0 0 0 0 0 0 0 0 0 0 0 0 0 0 0 0 0 0 0 0 0 0 0 0 0 0 0 0 0 0 0 0 0 0 0 0 0 0 0 0 0 0 0 0 0 0 0 0 0 0 0 0 data 49 0x20007 0x10ed 0x20 0x31d 0x80104 0x0 0x0 0x2227e8a8220 0x10da 0x0 0x0 0xb0007 0x13 0xe0 0x10da 0xf0004 0x0 0x0 0x2227e8a8220 0x10da 0x0 0x0 0x160007 0x0 0x40 0x10da 0x210007 0x0 0x68 0x10da 0x2c0002 0x10da 0x2f0007 0xc85 0x38 0x455 0x330003 0x455 0x18 0x0 0x0 0x0 0x0 0x0 0x0 0x9 0x2 0x0 0x0 oops 2 7 java/lang/String 18 java/lang/String methods 0
ciMethodData java/util/AbstractCollection <init> ()V 2 104989 orig 80 0 0 0 0 0 0 0 0 0 0 0 0 34 2 0 0 0 0 0 0 0 0 0 0 0 0 0 0 0 0 0 0 0 0 0 0 0 0 0 0 0 0 0 0 0 0 0 0 0 0 0 0 0 0 0 0 0 0 0 0 0 0 0 0 0 0 0 0 0 0 0 0 0 0 0 0 0 0 0 0 data 7 0x10002 0x19886 0x0 0x0 0x9 0x1 0x0 oops 0 methods 0
ciMethodData java/util/HashMap hash (Ljava/lang/Object;)I 2 39337 orig 80 1 0 0 0 0 0 0 0 0 0 0 0 34 2 0 0 0 0 0 0 0 0 0 0 0 0 0 0 0 0 0 0 0 0 0 0 0 0 0 2 0 0 0 0 0 0 0 0 0 0 0 0 0 0 0 0 0 0 0 0 0 0 0 0 0 0 0 0 0 0 0 0 0 0 0 0 0 0 0 0 data 23 0x8000000600010007 0x98a7 0x38 0x2 0x50003 0x2 0x50 0x90005 0x1e5a 0x0 0x2227e8a8220 0x7a3a 0x2227e8ab240 0x13 0x0 0x0 0x0 0x0 0x0 0x0 0x9 0x1 0xffffffffffffffff oops 2 10 java/lang/String 12 jdk/internal/loader/ClassLoaders$AppClassLoader methods 0
ciMethodData java/util/HashMap putVal (ILjava/lang/Object;Ljava/lang/Object;ZZ)Ljava/lang/Object; 2 13368 orig 80 2 0 0 0 1 0 0 0 0 0 0 0 34 2 0 0 0 0 0 0 4 0 0 1 0 0 0 0 0 0 0 0 0 0 0 0 0 0 0 2 0 0 0 0 0 0 0 0 0 0 0 0 0 0 0 0 0 0 0 0 0 0 0 0 0 0 0 0 0 0 0 0 0 0 0 0 0 0 0 0 data 198 0x70007 0x5d3 0x40 0x265e 0x100007 0x265e 0x58 0x0 0x140005 0x5d3 0x0 0x0 0x0 0x0 0x0 0x2c0007 0x9c3 0xa8 0x226e 0x380005 0x39 0x0 0x22246e4d530 0x15eb 0x22245ce7a40 0xc4a 0x3b0004 0x0 0x0 0x222469e2fc0 0x1624 0x222469e7360 0xc4a 0x3c0003 0x226e 0x410 0x450007 0x90e 0xd0 0xb5 0x510007 0x64 0x98 0x51 0x550007 0x0 0x90 0x51 0x7fffffff005b0005 0xd 0x0 0x2227e8ab000 0x4 0x2227e8a8220 0x42 0x5e0007 0x0 0x38 0x53 0x650003 0xb7 0x2a8 0x6a0004 0xfffffffffffff6f2 0x0 0x222469e2fc0 0x4d 0x222469e7360 0x25 0x6d0007 0x90e 0xa8 0x0 0x720004 0x0 0x0 0x0 0x0 0x0 0x0 0x7b0005 0x0 0x0 0x0 0x0 0x0 0x0 0x800003 0x0 0x1c8 0x8e0007 0x218 0xc8 0x8e7 0x980005 0x1e 0x0 0x22246e4d530 0x5fc 0x22245ce7a40 0x2cd 0xa20007 0x8e7 0x158 0x0 0xa90005 0x0 0x0 0x0 0x0 0x0 0x0 0xac0003 0x0 0x100 0x8000000600b50007 0x1f1 0xd0 0x29 0xc10007 0x1a 0xc8 0xf 0xc50007 0x0 0x90 0xf 0xcb0005 0x0 0x0 0x2224592c130 0xd 0x2227e8a8220 0x2 0xce0007 0x0 0x38 0xf 0xd10003 0xf 0x30 0xdb0003 0x1f1 0xfffffffffffffe68 0xe00007 0x8e7 0x98 0xe0 0xec0007 0xe0 0x40 0x0 0xf10007 0x0 0x20 0x0 0x8000000400fd0005 0x0 0x0 0x22245ce7a40 0x47 0x22246e4d530 0x9c 0x11c0007 0x2aab 0x58 0xaa 0x1200005 0xaa 0x0 0x0 0x0 0x0 0x0 0x1270005 0x57 0x0 0x22246e4d530 0x1be7 0x22245ce7a40 0xf17 0x0 0x0 0x0 0x0 0x0 0x0 0x0 0x0 0x0 0x9 0x6 0x0 0x0 0x0 0x0 0x0 0x0 oops 16 22 java/util/HashMap 24 java/util/LinkedHashMap 29 java/util/HashMap$Node 31 java/util/LinkedHashMap$Entry 51 java/net/URL 53 java/lang/String 65 java/util/HashMap$Node 67 java/util/LinkedHashMap$Entry 97 java/util/HashMap 99 java/util/LinkedHashMap 130 com/google/inject/spi/ProviderLookup 132 java/lang/String 159 java/util/LinkedHashMap 161 java/util/HashMap 177 java/util/HashMap 179 java/util/LinkedHashMap methods 0
ciMethodData java/util/HashMap resize ()[Ljava/util/HashMap$Node; 2 13905 orig 80 0 0 0 0 0 0 0 0 0 0 0 0 34 2 0 0 0 0 0 0 0 0 0 0 0 0 0 0 0 0 0 0 0 0 0 0 0 0 0 0 0 0 0 0 0 0 0 0 0 0 0 0 0 0 0 0 0 0 0 0 0 0 0 0 0 0 0 0 0 0 0 0 0 0 0 0 0 0 0 0 data 171 0x60007 0x156 0x38 0xff5 0xa0003 0xff5 0x18 0x190007 0xff5 0x98 0x156 0x1f0007 0x156 0x20 0x0 0x320007 0x0 0x90 0x156 0x380007 0x44 0x70 0x112 0x400003 0x112 0x50 0x440007 0xa3f 0x38 0x5b6 0x4a0003 0x5b6 0x18 0x570007 0xb51 0x78 0x5fa 0x680007 0x0 0x58 0x5fa 0x700007 0x0 0x38 0x5fa 0x760003 0x5fa 0x18 0x910007 0xff5 0x378 0x156 0x9a0007 0x156 0x358 0x2bc1 0xa40007 0x1477 0x320 0x174a 0xab0104 0x0 0x0 0x0 0x0 0x0 0x0 0xb10007 0x7ef 0x70 0xf5b 0xc20004 0x0 0x0 0x222469e2fc0 0x9bb 0x222469e7360 0x5a0 0xc30003 0xf5b 0x270 0xc80004 0xfffffffffffff811 0x0 0x222469e2fc0 0x61 0x222469e7360 0x39 0xcb0007 0x7ef 0xa8 0x0 0xd00004 0x0 0x0 0x0 0x0 0x0 0x0 0xd90005 0x0 0x0 0x0 0x0 0x0 0x0 0xdc0003 0x0 0x190 0xf90007 0x924 0x70 0x8d4 0xfe0007 0x2be 0x38 0x616 0x1050003 0x616 0x18 0x1130003 0x8d4 0x50 0x1180007 0x2e0 0x38 0x644 0x11f0003 0x644 0x18 0x1320007 0xa09 0xffffffffffffff58 0x7ef 0x1370007 0x1d9 0x58 0x616 0x1460004 0x0 0x0 0x222469e2fc0 0x3c0 0x222469e7360 0x256 0x1490007 0x1ab 0x58 0x644 0x15a0004 0x0 0x0 0x222469e2fc0 0x3b8 0x222469e7360 0x28c 0x15e0003 0x2bc1 0xfffffffffffffcc0 0x0 0x0 0x0 0x0 0x0 0x0 0x0 0x0 0x0 0x9 0x1 0x0 oops 8 74 java/util/HashMap$Node 76 java/util/LinkedHashMap$Entry 84 java/util/HashMap$Node 86 java/util/LinkedHashMap$Entry 141 java/util/HashMap$Node 143 java/util/LinkedHashMap$Entry 152 java/util/HashMap$Node 154 java/util/LinkedHashMap$Entry methods 0
ciMethodData java/util/HashMap$Node <init> (ILjava/lang/Object;Ljava/lang/Object;Ljava/util/HashMap$Node;)V 2 10837 orig 80 0 0 0 0 0 0 0 0 0 0 0 0 34 2 0 0 0 0 0 0 0 0 0 0 0 0 0 0 0 0 0 0 0 0 0 0 0 0 0 0 0 0 0 0 0 0 0 0 0 0 0 0 0 0 0 0 0 0 0 0 0 0 0 0 0 0 0 0 0 0 0 0 0 0 0 0 0 0 0 0 data 13 0x10002 0x2911 0x0 0x0 0x0 0x0 0x9 0x5 0xe 0x0 0x0 0x0 0x0 oops 0 methods 0
ciMethodData java/util/AbstractMap <init> ()V 2 35280 orig 80 0 0 0 0 0 0 0 0 0 0 0 0 34 2 0 0 0 0 0 0 0 0 0 0 0 0 0 0 0 0 0 0 0 0 0 0 0 0 0 0 0 0 0 0 0 0 0 0 0 0 0 0 0 0 0 0 0 0 0 0 0 0 0 0 0 0 0 0 0 0 0 0 0 0 0 0 0 0 0 0 data 7 0x10002 0x888c 0x0 0x0 0x9 0x1 0x0 oops 0 methods 0
ciMethodData jdk/internal/util/ArraysSupport newLength (III)I 1 954 orig 80 0 0 0 0 0 0 0 0 0 0 0 0 34 2 0 0 0 0 0 0 0 0 0 0 0 0 0 0 0 0 0 0 0 0 0 0 0 0 0 0 0 0 0 0 0 0 0 0 0 0 0 0 0 0 0 0 0 0 0 0 0 0 0 0 0 0 0 0 0 0 0 0 0 0 0 0 0 0 0 0 data 23 0x30002 0x2ba 0xa0007 0x0 0x40 0x2ba 0x100007 0x0 0x20 0x2ba 0x170002 0x0 0x0 0x0 0x0 0x0 0x0 0x0 0x9 0x3 0x0 0x0 0x0 oops 0 methods 0
ciMethodData jdk/internal/util/ArraysSupport hugeLength (II)I 1 0 orig 80 0 0 0 0 0 0 0 0 0 0 0 0 34 2 0 0 0 0 0 0 0 0 0 0 0 0 0 0 0 0 0 0 0 0 0 0 0 0 0 0 0 0 0 0 0 0 0 0 0 0 0 0 0 0 0 0 0 0 0 0 0 0 0 0 0 0 0 0 0 0 0 0 0 0 0 0 0 0 0 0 data 64 0x50007 0x0 0x190 0x0 0x100002 0x0 0x150005 0x0 0x0 0x0 0x0 0x0 0x0 0x190005 0x0 0x0 0x0 0x0 0x0 0x0 0x1e0005 0x0 0x0 0x0 0x0 0x0 0x0 0x220005 0x0 0x0 0x0 0x0 0x0 0x0 0x270005 0x0 0x0 0x0 0x0 0x0 0x0 0x2a0005 0x0 0x0 0x0 0x0 0x0 0x0 0x2d0002 0x0 0x340007 0x0 0x20 0x0 0x0 0x0 0x0 0x0 0x0 0x0 0x9 0x2 0x0 0x0 oops 0 methods 0
ciMethodData java/util/LinkedHashMap newNode (ILjava/lang/Object;Ljava/lang/Object;Ljava/util/HashMap$Node;)Ljava/util/HashMap$Node; 2 5502 orig 80 0 0 0 0 0 0 0 0 0 0 0 0 34 2 0 0 0 0 0 0 0 0 0 0 0 0 0 0 0 0 0 0 0 0 0 0 0 0 0 0 0 0 0 0 0 0 0 0 0 0 0 0 0 0 0 0 0 0 0 0 0 0 0 0 0 0 0 0 0 0 0 0 0 0 0 0 0 0 0 0 data 22 0x90002 0x147d 0x110005 0x147d 0x0 0x0 0x0 0x0 0x0 0x0 0x0 0x0 0x0 0x0 0x0 0x9 0x5 0x0 0x0 0x0 0x0 0x0 oops 0 methods 0
ciMethodData java/util/LinkedHashMap$Entry <init> (ILjava/lang/Object;Ljava/lang/Object;Ljava/util/HashMap$Node;)V 2 5446 orig 80 0 0 0 0 0 0 0 0 0 0 0 0 34 2 0 0 0 0 0 0 0 0 0 0 0 0 0 0 0 0 0 0 0 0 0 0 0 0 0 0 0 0 0 0 0 0 0 0 0 0 0 0 0 0 0 0 0 0 0 0 0 0 0 0 0 0 0 0 0 0 0 0 0 0 0 0 0 0 0 0 data 11 0x60002 0x1445 0x0 0x0 0x9 0x5 0x0 0x0 0x0 0x0 0x0 oops 0 methods 0
ciMethodData java/util/LinkedHashMap linkNodeLast (Ljava/util/LinkedHashMap$Entry;)V 2 5502 orig 80 0 0 0 0 0 0 0 0 0 0 0 0 34 2 0 0 0 0 0 0 0 0 0 0 0 0 0 0 0 0 0 0 0 0 0 0 0 0 0 0 0 0 0 0 0 0 0 0 0 0 0 0 0 0 0 0 0 0 0 0 0 0 0 0 0 0 0 0 0 0 0 0 0 0 0 0 0 0 0 0 data 17 0xb0007 0xe2e 0x38 0x64f 0x130003 0x64f 0x18 0x0 0x0 0x0 0x0 0x0 0x0 0x9 0x2 0x0 0x0 oops 0 methods 0
ciMethodData java/util/LinkedHashMap afterNodeInsertion (Z)V 2 5401 orig 80 0 0 0 0 0 0 0 0 0 0 0 0 34 2 0 0 0 0 0 0 0 0 0 0 0 0 0 0 0 0 0 0 0 0 0 0 0 0 0 0 0 0 0 0 0 0 0 0 0 0 0 0 0 0 0 0 0 0 0 0 0 0 0 0 0 0 0 0 0 0 0 0 0 0 0 0 0 0 0 0 data 38 0x10007 0x4d2 0xe0 0xf35 0xa0007 0x0 0xc0 0xf35 0xf0005 0x0 0x0 0x22245ce7a40 0xf35 0x0 0x0 0x120007 0xf35 0x68 0x0 0x1c0002 0x0 0x230005 0x0 0x0 0x0 0x0 0x0 0x0 0x0 0x0 0x0 0x0 0x0 0x0 0x9 0x2 0x0 0x0 oops 1 11 java/util/LinkedHashMap methods 0
ciMethodData java/util/ArrayList add (Ljava/lang/Object;)Z 2 33861 orig 80 0 0 0 0 0 0 0 0 0 0 0 0 34 2 0 0 0 0 0 0 0 0 0 0 0 0 0 0 0 0 0 0 0 0 0 0 0 0 0 0 0 0 0 0 0 0 0 0 0 0 0 0 0 0 0 0 0 0 0 0 0 0 0 0 0 0 0 0 0 0 0 0 0 0 0 0 0 0 0 0 data 17 0x140005 0x834d 0x0 0x0 0x0 0x0 0x0 0x0 0x0 0x0 0x0 0x0 0x0 0x9 0x2 0xe 0x0 oops 0 methods 0
ciMethodData java/util/ArrayList add (Ljava/lang/Object;[Ljava/lang/Object;I)V 2 33861 orig 80 0 0 0 0 0 0 0 0 0 0 0 0 34 2 0 0 0 0 0 0 0 0 0 0 0 0 0 0 0 0 0 0 0 0 0 0 0 0 0 0 0 0 0 0 0 0 0 0 0 0 0 0 0 0 0 0 0 0 0 0 0 0 0 0 0 0 0 0 0 0 0 0 0 0 0 0 0 0 0 0 data 30 0x30007 0x71cd 0x58 0x1180 0x70005 0x1180 0x0 0x0 0x0 0x0 0x0 0xe0104 0x0 0x0 0x2227e8a82b0 0xb81 0x2227e8abf00 0x7ce 0x0 0x0 0x0 0x0 0x0 0x0 0x9 0x4 0xc 0x0 0xffffffffffffffff 0x0 oops 2 14 java/lang/Class 16 java/lang/Integer methods 0
ciMethodData java/util/ArrayList grow ()[Ljava/lang/Object; 2 4552 orig 80 0 0 0 0 0 0 0 0 0 0 0 0 34 2 0 0 0 0 0 0 0 0 0 0 0 0 0 0 0 0 0 0 0 0 0 0 0 0 0 0 0 0 0 0 0 0 0 0 0 0 0 0 0 0 0 0 0 0 0 0 0 0 0 0 0 0 0 0 0 0 0 0 0 0 0 0 0 0 0 0 data 16 0x70005 0x11a2 0x0 0x0 0x0 0x0 0x0 0x0 0x0 0x0 0x0 0x0 0x0 0x9 0x1 0xc oops 0 methods 0
ciMethodData java/util/ArrayList grow (I)[Ljava/lang/Object; 2 5348 orig 80 0 0 0 0 0 0 0 0 0 0 0 0 34 2 0 0 0 0 0 0 0 0 0 0 0 0 0 0 0 0 0 0 0 0 0 0 0 0 0 0 0 0 0 0 0 0 0 0 0 0 0 0 0 0 0 0 0 0 0 0 0 0 0 0 0 0 0 0 0 0 0 0 0 0 0 0 0 0 0 0 data 24 0x70007 0xba 0x40 0x1404 0x110007 0x1400 0x40 0x4 0x1b0002 0xbe 0x250002 0xbe 0x310002 0x1400 0x0 0x0 0x0 0x0 0x0 0x0 0x9 0x2 0xc 0x0 oops 0 methods 0
ciMethodData java/util/HashMap <init> ()V 2 19251 orig 80 0 0 0 0 0 0 0 0 0 0 0 0 34 2 0 0 0 0 0 0 0 0 0 0 0 0 0 0 0 0 0 0 0 0 0 0 0 0 0 0 0 0 0 0 0 0 0 0 0 0 0 0 0 0 0 0 0 0 0 0 0 0 0 0 0 0 0 0 0 0 0 0 0 0 0 0 0 0 0 0 data 9 0x10002 0x4a14 0x0 0x0 0x0 0x0 0x9 0x1 0x10 oops 0 methods 0
ciMethodData java/util/Arrays copyOf ([Ljava/lang/Object;I)[Ljava/lang/Object; 2 6285 orig 80 0 0 0 0 0 0 0 0 0 0 0 0 34 2 0 0 0 0 0 0 0 0 0 0 0 0 0 0 0 0 0 0 0 0 0 0 0 0 0 0 0 0 0 0 0 0 0 0 0 0 0 0 0 0 0 0 0 0 0 0 0 0 0 0 0 0 0 0 0 0 0 0 0 0 0 0 0 0 0 0 data 19 0x30005 0x1862 0x0 0x0 0x0 0x0 0x0 0x60002 0x1862 0x0 0x0 0x0 0x0 0x0 0x0 0x9 0x2 0x0 0x0 oops 0 methods 0
ciMethodData java/util/LinkedHashMap afterNodeAccess (Ljava/util/HashMap$Node;)V 1 504 orig 80 0 0 0 0 0 0 0 0 0 0 0 0 34 2 0 0 0 0 0 0 0 0 0 0 0 0 0 0 0 0 0 0 0 0 0 0 0 0 0 0 0 0 0 0 0 0 0 0 0 0 0 0 0 0 0 0 0 0 0 0 0 0 0 0 0 0 0 0 0 0 0 0 0 0 0 0 0 0 0 0 data 46 0x40007 0x1f8 0x120 0x0 0xe0007 0x0 0x100 0x0 0x120004 0x0 0x0 0x0 0x0 0x0 0x0 0x290007 0x0 0x38 0x0 0x320003 0x0 0x18 0x3e0007 0x0 0x38 0x0 0x480003 0x0 0x18 0x4f0007 0x0 0x38 0x0 0x570003 0x0 0x18 0x0 0x0 0x0 0x0 0x0 0x0 0x9 0x2 0xc8 0x18 oops 0 methods 0
ciMethodData java/util/ArrayList <init> ()V 2 66276 orig 80 0 0 0 0 0 0 0 0 0 0 0 0 34 2 0 0 0 0 0 0 0 0 0 0 0 0 0 0 0 0 0 0 0 0 0 0 0 0 0 0 0 0 0 0 0 0 0 0 0 0 0 0 0 0 0 0 0 0 0 0 0 0 0 0 0 0 0 0 0 0 0 0 0 0 0 0 0 0 0 0 data 9 0x10002 0x10270 0x0 0x0 0x0 0x0 0x9 0x1 0x0 oops 0 methods 0
ciMethodData java/util/AbstractList <init> ()V 2 81469 orig 80 0 0 0 0 0 0 0 0 0 0 0 0 34 2 0 0 0 0 0 0 0 0 0 0 0 0 0 0 0 0 0 0 0 0 0 0 0 0 0 0 0 0 0 0 0 0 0 0 0 0 0 0 0 0 0 0 0 0 0 0 0 0 0 0 0 0 0 0 0 0 0 0 0 0 0 0 0 0 0 0 data 9 0x10002 0x13da8 0x0 0x0 0x0 0x0 0x9 0x1 0x6 oops 0 methods 0
ciMethodData java/util/ArrayList addAll (Ljava/util/Collection;)Z 2 5186 orig 80 0 0 0 0 0 0 0 0 0 0 0 0 34 2 0 0 0 0 0 0 0 0 0 0 0 0 0 0 0 0 0 0 0 0 0 0 0 0 0 0 0 0 0 0 0 0 0 0 0 0 0 0 0 0 0 0 0 0 0 0 0 0 0 0 0 0 0 0 0 0 0 0 0 0 0 0 0 0 0 0 data 34 0x10005 0x1292 0x0 0x22245955020 0x1 0x222459550d0 0x1ad 0x150007 0x12e4 0x20 0x15c 0x2b0007 0xd1 0x58 0x1213 0x330005 0x1213 0x0 0x0 0x0 0x0 0x0 0x3f0002 0x12e4 0x0 0x0 0x0 0x0 0x0 0x0 0x9 0x2 0x0 0x0 oops 2 3 java/util/ImmutableCollections$List12 5 com/google/common/collect/SingletonImmutableList methods 0
ciMethodData java/util/ArrayList$Itr hasNext ()Z 2 5394 orig 80 0 0 0 0 0 0 0 0 0 0 0 0 34 2 0 0 0 0 0 0 0 0 0 0 0 0 0 0 0 0 0 0 0 0 0 0 0 0 0 0 0 0 0 0 0 0 0 0 0 0 0 0 0 0 0 0 0 0 0 0 0 0 0 0 0 0 0 0 0 0 0 0 0 0 0 0 0 0 0 0 data 14 0xb0007 0x9c7 0x38 0xa4b 0xf0003 0xa4b 0x18 0x0 0x0 0x0 0x0 0x9 0x1 0x0 oops 0 methods 0
ciMethodData java/util/ArrayList$Itr checkForComodification ()V 2 13065 orig 80 0 0 0 0 0 0 0 0 0 0 0 0 34 2 0 0 0 0 0 0 0 0 0 0 0 0 0 0 0 0 0 0 0 0 0 0 0 0 0 0 0 0 0 0 0 0 0 0 0 0 0 0 0 0 0 0 0 0 0 0 0 0 0 0 0 0 0 0 0 0 0 0 0 0 0 0 0 0 0 0 data 13 0xb0007 0x3208 0x30 0x0 0x120002 0x0 0x0 0x0 0x0 0x0 0x9 0x1 0x0 oops 0 methods 0
ciMethodData java/util/ArrayList$Itr next ()Ljava/lang/Object; 2 5379 orig 80 0 0 0 0 0 0 0 0 0 0 0 0 34 2 0 0 0 0 0 0 0 0 0 0 0 0 0 0 0 0 0 0 0 0 0 0 0 0 0 0 0 0 0 0 0 0 0 0 0 0 0 0 0 0 0 0 0 0 0 0 0 0 0 0 0 0 0 0 0 0 0 0 0 0 0 0 0 0 0 0 data 28 0x10005 0x1401 0x0 0x0 0x0 0x0 0x0 0x110007 0x1401 0x30 0x0 0x180002 0x0 0x270007 0x1401 0x30 0x0 0x2e0002 0x0 0x0 0x0 0x0 0x0 0x0 0x0 0x9 0x1 0x6 oops 0 methods 0
ciMethodData java/util/ArrayList$Itr <init> (Ljava/util/ArrayList;)V 2 10658 orig 80 0 0 0 0 0 0 0 0 0 0 0 0 34 2 0 0 0 0 0 0 0 0 0 0 0 0 0 0 0 0 0 0 0 0 0 0 0 0 0 0 0 0 0 0 0 0 0 0 0 0 0 0 0 0 0 0 0 0 0 0 0 0 0 0 0 0 0 0 0 0 0 0 0 0 0 0 0 0 0 0 data 10 0x60002 0x28a1 0x0 0x0 0x0 0x0 0x9 0x2 0xc 0x0 oops 0 methods 0
ciMethodData java/util/ArrayList iterator ()Ljava/util/Iterator; 2 5387 orig 80 0 0 0 0 0 0 0 0 0 0 0 0 34 2 0 0 0 0 0 0 0 0 0 0 0 0 0 0 0 0 0 0 0 0 0 0 0 0 0 0 0 0 0 0 0 0 0 0 0 0 0 0 0 0 0 0 0 0 0 0 0 0 0 0 0 0 0 0 0 0 0 0 0 0 0 0 0 0 0 0 data 8 0x50002 0x140b 0x0 0x0 0x0 0x9 0x1 0x0 oops 0 methods 0
ciMethodData java/util/HashMap tableSizeFor (I)I 2 8419 orig 80 0 0 0 0 0 0 0 0 0 0 0 0 34 2 0 0 0 0 0 0 0 0 0 0 0 0 0 0 0 0 0 0 0 0 0 0 0 0 0 0 0 0 0 0 0 0 0 0 0 0 0 0 0 0 0 0 0 0 0 0 0 0 0 0 0 0 0 0 0 0 0 0 0 0 0 0 0 0 0 0 data 25 0x40002 0x1fe3 0xa0007 0x1c4b 0x38 0x398 0xe0003 0x398 0x50 0x140007 0x1c4b 0x38 0x0 0x190003 0x0 0x18 0x0 0x0 0x0 0x0 0x0 0x0 0x9 0x1 0x0 oops 0 methods 0
ciMethodData java/util/LinkedHashMap <init> (Ljava/util/Map;)V 2 3245 orig 80 0 0 0 0 0 0 0 0 0 0 0 0 34 2 0 0 0 0 0 0 0 0 0 0 0 0 0 0 0 0 0 0 0 0 0 0 0 0 0 0 0 0 0 0 0 0 0 0 0 0 0 0 0 0 0 0 0 0 0 0 0 0 0 0 0 0 0 0 0 0 0 0 0 0 0 0 0 0 0 0 data 19 0x10002 0xbc1 0xc0005 0xbc1 0x0 0x0 0x0 0x0 0x0 0x0 0x0 0x0 0x0 0x0 0x0 0x9 0x2 0xffffffffffffffff 0xffffffffffffffff oops 0 methods 0
ciMethodData java/util/HashMap putMapEntries (Ljava/util/Map;Z)V 2 7358 orig 80 0 0 0 0 0 0 0 0 0 0 0 0 34 2 0 0 0 0 0 0 0 0 0 0 0 0 0 0 0 0 0 0 0 0 0 0 0 0 0 0 0 0 0 0 0 0 0 0 0 0 0 0 0 0 0 0 0 0 0 0 0 0 0 0 0 0 0 0 0 0 0 0 0 0 0 0 0 0 0 0 data 125 0x10005 0x2c 0x0 0x22246e4d530 0x36f 0x22245ce7a40 0x98e 0x80007 0xda 0x358 0xc4f 0xf0007 0x6 0xa0 0xc49 0x220007 0x0 0x38 0xc49 0x280003 0xc49 0x18 0x350007 0x0 0x30 0xc49 0x3b0002 0xc49 0x410003 0xc49 0xa8 0x490007 0x6 0x90 0x4 0x530007 0x0 0x70 0x4 0x570005 0x4 0x0 0x0 0x0 0x0 0x0 0x5b0003 0x4 0xffffffffffffff88 0x5f0005 0x1f 0x0 0x22246e4d530 0x2a2 0x22245ce7a40 0x98e 0x640005 0x1f 0x0 0x222469e70a0 0x2a2 0x222469e7150 0x98e 0x6d0005 0x10f 0x0 0x222469e7200 0xb15 0x222469e72b0 0x1c60 0x720007 0xc4f 0x160 0x1c35 0x770005 0xf0 0x0 0x222469e7200 0x873 0x222469e72b0 0x12d2 0x7c0004 0x0 0x0 0x222469e2fc0 0x873 0x222469e7360 0x12d2 0x830005 0xf0 0x0 0x222469e2fc0 0x873 0x222469e7360 0x12d2 0x8c0005 0xf0 0x0 0x222469e2fc0 0x873 0x222469e7360 0x12d2 0x960002 0x1c35 0x9f0005 0x1c35 0x0 0x0 0x0 0x0 0x0 0xa30003 0x1c35 0xfffffffffffffe80 0x0 0x0 0x0 0x0 0x0 0x0 0x9 0x3 0x0 0x0 0x0 oops 16 3 java/util/HashMap 5 java/util/LinkedHashMap 52 java/util/HashMap 54 java/util/LinkedHashMap 59 java/util/HashMap$EntrySet 61 java/util/LinkedHashMap$LinkedEntrySet 66 java/util/HashMap$EntryIterator 68 java/util/LinkedHashMap$LinkedEntryIterator 77 java/util/HashMap$EntryIterator 79 java/util/LinkedHashMap$LinkedEntryIterator 84 java/util/HashMap$Node 86 java/util/LinkedHashMap$Entry 91 java/util/HashMap$Node 93 java/util/LinkedHashMap$Entry 98 java/util/HashMap$Node 100 java/util/LinkedHashMap$Entry methods 0
ciMethodData java/util/Properties clone ()Ljava/lang/Object; 2 3065 orig 80 0 0 0 0 0 0 0 0 0 0 0 0 34 2 0 0 0 0 0 0 0 0 0 0 0 0 0 0 0 0 0 0 0 0 0 0 0 0 0 0 0 0 0 0 0 0 0 0 0 0 0 0 0 0 0 0 0 0 0 0 0 0 0 0 0 0 0 0 0 0 0 0 0 0 0 0 0 0 0 0 data 25 0x10005 0xbd0 0x0 0x0 0x0 0x0 0x0 0x40004 0x0 0x0 0x2227e8a9680 0xbd0 0x0 0x0 0x110002 0xbd0 0x0 0x0 0x0 0x0 0x0 0x0 0x9 0x1 0x0 oops 1 10 java/util/Properties methods 0
ciMethodData java/util/concurrent/ConcurrentHashMap putAll (Ljava/util/Map;)V 2 23954 orig 80 1 0 0 0 0 0 0 0 0 0 0 0 34 2 0 0 0 0 0 0 0 0 0 0 4 0 0 0 0 0 0 0 0 0 0 0 0 0 0 0 0 0 0 0 0 0 0 0 0 0 0 0 0 0 0 0 0 0 0 0 0 0 0 0 0 0 0 0 0 0 0 0 0 0 0 0 0 0 0 0 data 87 0x20005 0x2e9 0x0 0x2227e8a9680 0x154 0x22246e52380 0x5c 0x70005 0x499 0x0 0x0 0x0 0x0 0x0 0xb0005 0x2e9 0x0 0x2227e8a9680 0x154 0x22246e52380 0x5c 0x100005 0x2e9 0x0 0x22246e52430 0x154 0x22246e524e0 0x5c 0x170005 0x0 0x0 0x22246e52590 0x3c73 0x22246e52640 0x19b2 0x80000008001c0007 0x49d 0x150 0x518c 0x200005 0x0 0x0 0x22246e52590 0x3836 0x22246e52640 0x1956 0x250004 0x0 0x0 0x22246e526f0 0x3836 0x22246e527a0 0x1956 0x2b0005 0x0 0x0 0x22246e526f0 0x3836 0x22246e527a0 0x1956 0x310005 0x0 0x0 0x22246e526f0 0x3836 0x22246e527a0 0x1956 0x370005 0x518c 0x0 0x0 0x0 0x0 0x0 0x3b0003 0x518c 0xfffffffffffffe90 0x0 0x0 0x0 0x0 0x0 0x0 0x9 0x2 0xffffffffffffffff 0xffffffffffffffff oops 16 3 java/util/Properties 5 java/util/Collections$UnmodifiableMap 17 java/util/Properties 19 java/util/Collections$UnmodifiableMap 24 java/util/Collections$SynchronizedSet 26 java/util/Collections$UnmodifiableMap$UnmodifiableEntrySet 31 java/util/concurrent/ConcurrentHashMap$EntryIterator 33 java/util/Collections$UnmodifiableMap$UnmodifiableEntrySet$1 42 java/util/concurrent/ConcurrentHashMap$EntryIterator 44 java/util/Collections$UnmodifiableMap$UnmodifiableEntrySet$1 49 java/util/concurrent/ConcurrentHashMap$MapEntry 51 java/util/Collections$UnmodifiableMap$UnmodifiableEntrySet$UnmodifiableEntry 56 java/util/concurrent/ConcurrentHashMap$MapEntry 58 java/util/Collections$UnmodifiableMap$UnmodifiableEntrySet$UnmodifiableEntry 63 java/util/concurrent/ConcurrentHashMap$MapEntry 65 java/util/Collections$UnmodifiableMap$UnmodifiableEntrySet$UnmodifiableEntry methods 0
ciMethodData java/util/concurrent/ConcurrentHashMap tryPresize (I)V 2 1476 orig 80 0 0 0 0 0 0 0 0 0 0 0 0 34 2 0 0 0 0 0 0 0 0 0 0 0 0 0 0 0 0 0 0 0 0 0 0 0 0 0 0 0 0 0 0 0 0 0 0 0 0 0 0 0 0 0 0 0 0 0 0 0 0 0 0 0 0 0 0 0 0 0 0 0 0 0 0 0 0 0 0 data 99 0x40007 0x499 0x38 0x0 0x90003 0x0 0x28 0x130002 0x499 0x1d0007 0x0 0x270 0x9c1 0x280007 0x3e6 0x40 0x5db 0x310007 0x5db 0x100 0x0 0x360007 0x10a 0x38 0x2dc 0x3a0003 0x2dc 0x18 0x490005 0x6f 0x0 0x0 0x0 0x0 0x0 0x4c0007 0x0 0x188 0x3e6 0x550007 0x0 0x20 0x3e6 0x720003 0x3e6 0x18 0x7f0003 0x3e6 0x130 0x840007 0x499 0x130 0x142 0x8b0007 0x142 0x38 0x0 0x8e0003 0x0 0xf0 0x970007 0x0 0xc0 0x142 0x9c0002 0x142 0xb00005 0x23 0x0 0x0 0x0 0x0 0x0 0xb30007 0x0 0x58 0x142 0xba0005 0x142 0x0 0x0 0x0 0x0 0x0 0xbd0003 0x528 0xfffffffffffffda8 0x0 0x0 0x0 0x0 0x0 0x0 0x0 0x0 0x9 0x2 0x0 0x0 oops 0 methods 0
ciMethodData java/util/concurrent/ConcurrentHashMap <init> (Ljava/util/Map;)V 2 3065 orig 80 0 0 0 0 0 0 0 0 0 0 0 0 34 2 0 0 0 0 0 0 0 0 0 0 0 0 0 0 0 0 0 0 0 0 0 0 0 0 0 0 0 0 0 0 0 0 0 0 0 0 0 0 0 0 0 0 0 0 0 0 0 0 0 0 0 0 0 0 0 0 0 0 0 0 0 0 0 0 0 0 data 19 0x10002 0xaf8 0xc0005 0x0 0x0 0x2227e8ab3f0 0xaf8 0x0 0x0 0x0 0x0 0x0 0x0 0x0 0x0 0x9 0x2 0x0 0x0 oops 1 5 java/util/concurrent/ConcurrentHashMap methods 0
ciMethodData java/util/Hashtable cloneHashtable ()Ljava/util/Hashtable; 2 3065 orig 80 0 0 0 0 0 0 0 0 0 0 0 0 34 2 0 0 0 0 0 0 0 0 0 0 0 0 0 0 0 0 0 0 0 0 0 0 0 0 0 0 0 0 0 0 0 0 0 0 0 0 0 0 0 0 0 0 0 0 0 0 0 0 0 0 0 0 0 0 0 0 0 0 0 0 0 0 0 0 0 0 data 20 0x10002 0xaf8 0x40004 0x0 0x0 0x2227e8a9680 0xaf8 0x0 0x0 0xe0002 0x0 0x0 0x0 0x0 0x0 0x0 0x0 0x9 0x1 0x0 oops 1 5 java/util/Properties methods 0
ciMethod com/google/inject/spi/Dependency equals (Ljava/lang/Object;)Z 52 0 26 0 -1
ciMethod org/apache/maven/model/ConfigurationContainer clone ()Lorg/apache/maven/model/ConfigurationContainer; 534 0 6174 0 -1
ciMethod org/apache/maven/model/Dependency clone ()Lorg/apache/maven/model/Dependency; 246 0 1880 0 0
ciMethod org/apache/maven/model/ModelBase clone ()Lorg/apache/maven/model/ModelBase; 526 358 5386 0 -1
ciMethod org/apache/maven/model/Repository clone ()Lorg/apache/maven/model/Repository; 512 0 1523 0 0
ciMethod org/apache/maven/model/RepositoryBase clone ()Lorg/apache/maven/model/RepositoryBase; 512 0 1575 0 0
ciMethod org/apache/maven/model/DeploymentRepository clone ()Lorg/apache/maven/model/DeploymentRepository; 512 0 810 0 0
ciMethod org/apache/maven/model/RepositoryPolicy clone ()Lorg/apache/maven/model/RepositoryPolicy; 372 0 846 0 0
ciMethod org/apache/maven/model/Reporting clone ()Lorg/apache/maven/model/Reporting; 110 232 523 0 0
ciMethod org/apache/maven/model/ReportPlugin clone ()Lorg/apache/maven/model/ReportPlugin; 520 272 904 0 0
ciMethod org/apache/maven/model/ReportSet clone ()Lorg/apache/maven/model/ReportSet; 280 0 252 0 -1
ciMethod org/apache/maven/model/Relocation clone ()Lorg/apache/maven/model/Relocation; 0 0 1 0 -1
ciMethod com/google/inject/spi/ProviderLookup equals (Ljava/lang/Object;)Z 52 0 26 0 0
ciMethod org/apache/maven/model/DependencyManagement clone ()Lorg/apache/maven/model/DependencyManagement; 64 430 216 0 0
ciMethod org/apache/maven/model/DistributionManagement clone ()Lorg/apache/maven/model/DistributionManagement; 54 0 488 0 0
ciMethod org/apache/maven/model/Site clone ()Lorg/apache/maven/model/Site; 162 0 90 0 0
ciMethodData org/apache/maven/model/ConfigurationContainer clone ()Lorg/apache/maven/model/ConfigurationContainer; 2 6174 orig 80 0 0 0 0 0 0 0 0 0 0 0 0 34 2 0 0 0 0 0 0 0 0 0 0 0 0 0 0 0 0 0 0 0 0 0 0 0 0 0 0 0 0 0 0 0 0 0 0 0 0 0 0 0 0 0 0 0 0 0 0 0 0 0 0 0 0 0 0 0 0 0 0 0 0 0 0 0 0 0 0 data 90 0x10002 0x1713 0x40004 0x0 0x0 0x22246e4fa00 0x603 0x22246e4fab0 0xe53 0xc0007 0x1073 0x68 0x6a0 0x180004 0x0 0x0 0x22245ce7f50 0x6a0 0x0 0x0 0x1b0002 0x6a0 0x250007 0x13c7 0x30 0x34c 0x310002 0x34c 0x420002 0x0 0x460005 0x0 0x0 0x0 0x0 0x0 0x0 0x490005 0x0 0x0 0x0 0x0 0x0 0x0 0x4c0005 0x0 0x0 0x0 0x0 0x0 0x0 0x510005 0x0 0x0 0x0 0x0 0x0 0x0 0x540005 0x0 0x0 0x0 0x0 0x0 0x0 0x570002 0x0 0x5b0005 0x0 0x0 0x0 0x0 0x0 0x0 0x5e0004 0x0 0x0 0x0 0x0 0x0 0x0 0x0 0x0 0x0 0x0 0x0 0x0 0x9 0x1 0xffffffffffffffff oops 3 5 org/apache/maven/model/PluginExecution 7 org/apache/maven/model/Plugin 16 org/codehaus/plexus/util/xml/Xpp3Dom methods 0
ciMethodData org/apache/maven/model/Dependency clone ()Lorg/apache/maven/model/Dependency; 2 1896 orig 80 0 0 0 0 0 0 0 0 0 0 0 0 34 2 0 0 0 0 0 0 0 0 0 0 0 0 0 0 0 0 0 0 0 0 0 0 0 0 0 0 0 0 0 0 0 0 0 0 0 0 0 0 0 0 0 0 0 0 0 0 0 0 0 0 0 0 0 0 0 0 0 0 0 0 0 0 0 0 0 0 data 132 0x10002 0x6ed 0x40004 0x0 0x0 0x22246c2a830 0x6ed 0x0 0x0 0xc0007 0x629 0x1b8 0xc4 0x140002 0xc4 0x1e0005 0x0 0x0 0x2227e8ab530 0xc4 0x0 0x0 0x250005 0x0 0x0 0x22246c2a780 0xf3 0x0 0x0 0x2a0007 0xc4 0x118 0x2f 0x2e0005 0x0 0x0 0x22246c2a780 0x2f 0x0 0x0 0x330004 0x0 0x0 0x22245d41850 0x2f 0x0 0x0 0x3c0005 0x0 0x0 0x22245d41850 0x2f 0x0 0x0 0x3f0005 0x0 0x0 0x2227e8ab530 0x2f 0x0 0x0 0x450003 0x2f 0xfffffffffffffec8 0x4c0007 0x6ed 0x30 0x0 0x580002 0x0 0x690002 0x0 0x6d0005 0x0 0x0 0x0 0x0 0x0 0x0 0x700005 0x0 0x0 0x0 0x0 0x0 0x0 0x730005 0x0 0x0 0x0 0x0 0x0 0x0 0x780005 0x0 0x0 0x0 0x0 0x0 0x0 0x7b0005 0x0 0x0 0x0 0x0 0x0 0x0 0x7e0002 0x0 0x820005 0x0 0x0 0x0 0x0 0x0 0x0 0x850004 0x0 0x0 0x0 0x0 0x0 0x0 0x0 0x0 0x0 0x0 0x0 0x0 0x9 0x1 0x0 oops 7 5 org/apache/maven/model/Dependency 18 java/util/ArrayList 25 java/util/ArrayList$Itr 36 java/util/ArrayList$Itr 43 org/apache/maven/model/Exclusion 50 org/apache/maven/model/Exclusion 57 java/util/ArrayList methods 0
ciMethod org/apache/maven/model/Exclusion clone ()Lorg/apache/maven/model/Exclusion; 6 0 47 0 0
ciMethodData org/apache/maven/model/Exclusion clone ()Lorg/apache/maven/model/Exclusion; 1 47 orig 80 0 0 0 0 0 0 0 0 0 0 0 0 34 2 0 0 0 0 0 0 0 0 0 0 0 0 0 0 0 0 0 0 0 0 0 0 0 0 0 0 0 0 0 0 0 0 0 0 0 0 0 0 0 0 0 0 0 0 0 0 0 0 0 0 0 0 0 0 0 0 0 0 0 0 0 0 0 0 0 0 data 77 0x10002 0x2c 0x40004 0x0 0x0 0x22245d41850 0x2c 0x0 0x0 0xc0007 0x2c 0x30 0x0 0x180002 0x0 0x290002 0x0 0x2d0005 0x0 0x0 0x0 0x0 0x0 0x0 0x300005 0x0 0x0 0x0 0x0 0x0 0x0 0x330005 0x0 0x0 0x0 0x0 0x0 0x0 0x380005 0x0 0x0 0x0 0x0 0x0 0x0 0x3b0005 0x0 0x0 0x0 0x0 0x0 0x0 0x3e0002 0x0 0x420005 0x0 0x0 0x0 0x0 0x0 0x0 0x450004 0x0 0x0 0x0 0x0 0x0 0x0 0x0 0x0 0x0 0x0 0x0 0x0 0x9 0x1 0xffffffffffffffff oops 1 5 org/apache/maven/model/Exclusion methods 0
ciMethodData org/apache/maven/model/ModelBase clone ()Lorg/apache/maven/model/ModelBase; 2 5386 orig 80 0 0 0 0 0 0 0 0 0 0 0 0 34 2 0 0 0 0 0 0 0 0 0 0 0 0 0 0 0 0 0 0 0 0 0 0 0 0 0 0 0 0 0 0 0 0 0 0 0 0 0 0 0 0 0 0 0 0 0 0 0 0 0 0 0 0 0 0 0 0 0 0 0 0 0 0 0 0 0 0 data 332 0x10002 0x1403 0x40004 0x0 0x0 0x22246c2a4c0 0x1158 0x22246c2a570 0x2ab 0xc0007 0x1287 0x68 0x17c 0x140002 0x17c 0x220005 0x0 0x0 0x2227e8ab530 0x17c 0x0 0x0 0x2c0007 0x123e 0x58 0x1c5 0x340005 0x0 0x0 0x22246c2a620 0x1c5 0x0 0x0 0x3e0007 0x8b5 0x90 0xb4e 0x460005 0x0 0x0 0x2227e8a9680 0xb4e 0x0 0x0 0x490004 0x0 0x0 0x2227e8a9680 0xb4e 0x0 0x0 0x530007 0x1352 0x58 0xb1 0x5b0005 0x0 0x0 0x22246c2a6d0 0xb1 0x0 0x0 0x650007 0x1306 0x1b8 0xfd 0x6d0002 0xfd 0x770005 0x0 0x0 0x2227e8ab530 0xfd 0x0 0x0 0x7e0005 0x0 0x0 0x22246c2a780 0x357 0x0 0x0 0x830007 0xfd 0x118 0x25a 0x870005 0x0 0x0 0x22246c2a780 0x25a 0x0 0x0 0x8c0004 0x0 0x0 0x22246c2a830 0x25a 0x0 0x0 0x950005 0x0 0x0 0x22246c2a830 0x25a 0x0 0x0 0x980005 0x0 0x0 0x2227e8ab530 0x25a 0x0 0x0 0x9e0003 0x25a 0xfffffffffffffec8 0xa50007 0x1267 0x1b8 0x19c 0xad0002 0x19c 0xb70005 0x0 0x0 0x2227e8ab530 0x19c 0x0 0x0 0xbe0005 0x0 0x0 0x22246c2a780 0x31c 0x0 0x0 0xc30007 0x19c 0x118 0x180 0xc70005 0x0 0x0 0x22246c2a780 0x180 0x0 0x0 0xcc0004 0x0 0x0 0x22246c2a8e0 0x180 0x0 0x0 0xd50005 0x0 0x0 0x22246c2a8e0 0x180 0x0 0x0 0xd80005 0x0 0x0 0x2227e8ab530 0x180 0x0 0x0 0xde0003 0x180 0xfffffffffffffec8 0xe50007 0x12dc 0x1b8 0x127 0xed0002 0x127 0xf70005 0x0 0x0 0x2227e8ab530 0x127 0x0 0x0 0xfe0005 0x0 0x0 0x22246c2a780 0x230 0x0 0x0 0x1030007 0x127 0x118 0x109 0x1070005 0x0 0x0 0x22246c2a780 0x109 0x0 0x0 0x10c0004 0x0 0x0 0x22246c2a8e0 0x109 0x0 0x0 0x1150005 0x0 0x0 0x22246c2a8e0 0x109 0x0 0x0 0x1180005 0x0 0x0 0x2227e8ab530 0x109 0x0 0x0 0x11e0003 0x109 0xfffffffffffffec8 0x1250007 0x1403 0x68 0x0 0x1310004 0x0 0x0 0x0 0x0 0x0 0x0 0x1340002 0x0 0x13e0007 0x1230 0x58 0x1d3 0x1460005 0x0 0x0 0x22246c2a990 0x1d3 0x0 0x0 0x1500007 0x11ba 0x30 0x249 0x15c0002 0x249 0x16d0002 0x0 0x1710005 0x0 0x0 0x0 0x0 0x0 0x0 0x1740005 0x0 0x0 0x0 0x0 0x0 0x0 0x1770005 0x0 0x0 0x0 0x0 0x0 0x0 0x17c0005 0x0 0x0 0x0 0x0 0x0 0x0 0x17f0005 0x0 0x0 0x0 0x0 0x0 0x0 0x1820002 0x0 0x1860005 0x0 0x0 0x0 0x0 0x0 0x0 0x1890004 0x0 0x0 0x0 0x0 0x0 0x0 0x0 0x0 0x0 0x0 0x0 0x0 0x0 0x0 0x0 0x0 0x0 0x0 0x0 0x0 0x0 0x0 0x0 0x0 0x0 0x9 0x1 0x0 oops 26 5 org/apache/maven/model/Profile 7 org/apache/maven/model/Model 18 java/util/ArrayList 29 org/apache/maven/model/DistributionManagement 40 java/util/Properties 47 java/util/Properties 58 org/apache/maven/model/DependencyManagement 71 java/util/ArrayList 78 java/util/ArrayList$Itr 89 java/util/ArrayList$Itr 96 org/apache/maven/model/Dependency 103 org/apache/maven/model/Dependency 110 java/util/ArrayList 126 java/util/ArrayList 133 java/util/ArrayList$Itr 144 java/util/ArrayList$Itr 151 org/apache/maven/model/Repository 158 org/apache/maven/model/Repository 165 java/util/ArrayList 181 java/util/ArrayList 188 java/util/ArrayList$Itr 199 java/util/ArrayList$Itr 206 org/apache/maven/model/Repository 213 org/apache/maven/model/Repository 220 java/util/ArrayList 247 org/apache/maven/model/Reporting methods 0
ciMethodData org/apache/maven/model/DistributionManagement clone ()Lorg/apache/maven/model/DistributionManagement; 1 494 orig 80 0 0 0 0 0 0 0 0 0 0 0 0 34 2 0 0 0 0 0 0 0 0 0 0 0 0 0 0 0 0 0 0 0 0 0 0 0 0 0 0 0 0 0 0 0 0 0 0 0 0 0 0 0 0 0 0 0 0 0 0 0 0 0 0 0 0 0 0 0 0 0 0 0 0 0 0 0 0 0 0 data 124 0x10002 0x1d3 0x40004 0x0 0x0 0x22246c2a620 0x1d3 0x0 0x0 0xc0007 0x38 0x58 0x19b 0x140005 0x0 0x0 0x222467a3810 0x19b 0x0 0x0 0x1e0007 0x52 0x58 0x181 0x260005 0x0 0x0 0x222467a3810 0x181 0x0 0x0 0x300007 0x18e 0x58 0x45 0x380005 0x0 0x0 0x2227f5e87b0 0x45 0x0 0x0 0x420007 0x1d3 0x58 0x0 0x4a0005 0x0 0x0 0x0 0x0 0x0 0x0 0x540007 0x1d3 0x30 0x0 0x600002 0x0 0x710002 0x0 0x750005 0x0 0x0 0x0 0x0 0x0 0x0 0x780005 0x0 0x0 0x0 0x0 0x0 0x0 0x7b0005 0x0 0x0 0x0 0x0 0x0 0x0 0x800005 0x0 0x0 0x0 0x0 0x0 0x0 0x830005 0x0 0x0 0x0 0x0 0x0 0x0 0x860002 0x0 0x8a0005 0x0 0x0 0x0 0x0 0x0 0x0 0x8d0004 0x0 0x0 0x0 0x0 0x0 0x0 0x0 0x0 0x0 0x0 0x0 0x0 0x0 0x0 0x0 0x9 0x1 0x0 oops 4 5 org/apache/maven/model/DistributionManagement 16 org/apache/maven/model/DeploymentRepository 27 org/apache/maven/model/DeploymentRepository 38 org/apache/maven/model/Site methods 0
ciMethodData org/apache/maven/model/DependencyManagement clone ()Lorg/apache/maven/model/DependencyManagement; 1 985 orig 80 0 0 0 0 0 0 0 0 0 0 0 0 34 2 0 0 0 0 0 0 0 0 0 0 0 0 0 0 0 0 0 0 0 0 0 0 0 0 0 0 0 0 0 0 0 0 0 0 0 0 0 0 0 0 0 0 0 0 0 0 0 0 0 0 0 0 0 0 0 0 0 0 0 0 0 0 0 0 0 0 data 132 0x10002 0xc4 0x40004 0x0 0x0 0x22246c2a6d0 0xc4 0x0 0x0 0xc0007 0x0 0x1b8 0xc4 0x140002 0xc4 0x1e0005 0x0 0x0 0x2227e8ab530 0xc4 0x0 0x0 0x250005 0x0 0x0 0x22246c2a780 0x3c6 0x0 0x0 0x2a0007 0xc4 0x118 0x302 0x2e0005 0x0 0x0 0x22246c2a780 0x302 0x0 0x0 0x330004 0x0 0x0 0x22246c2a830 0x302 0x0 0x0 0x3c0005 0x0 0x0 0x22246c2a830 0x302 0x0 0x0 0x3f0005 0x0 0x0 0x2227e8ab530 0x302 0x0 0x0 0x450003 0x302 0xfffffffffffffec8 0x4c0007 0xc4 0x30 0x0 0x580002 0x0 0x690002 0x0 0x6d0005 0x0 0x0 0x0 0x0 0x0 0x0 0x700005 0x0 0x0 0x0 0x0 0x0 0x0 0x730005 0x0 0x0 0x0 0x0 0x0 0x0 0x780005 0x0 0x0 0x0 0x0 0x0 0x0 0x7b0005 0x0 0x0 0x0 0x0 0x0 0x0 0x7e0002 0x0 0x820005 0x0 0x0 0x0 0x0 0x0 0x0 0x850004 0x0 0x0 0x0 0x0 0x0 0x0 0x0 0x0 0x0 0x0 0x0 0x0 0x9 0x1 0xffffffffffffffff oops 7 5 org/apache/maven/model/DependencyManagement 18 java/util/ArrayList 25 java/util/ArrayList$Itr 36 java/util/ArrayList$Itr 43 org/apache/maven/model/Dependency 50 org/apache/maven/model/Dependency 57 java/util/ArrayList methods 0
ciMethodData org/apache/maven/model/Reporting clone ()Lorg/apache/maven/model/Reporting; 1 902 orig 80 0 0 0 0 0 0 0 0 0 0 0 0 34 2 0 0 0 0 0 0 0 0 0 0 0 0 0 0 0 0 0 0 0 0 0 0 0 0 0 0 0 0 0 0 0 0 0 0 0 0 0 0 0 0 0 0 0 0 0 0 0 0 0 0 0 0 0 0 0 0 0 0 0 0 0 0 0 0 0 0 data 132 0x10002 0x1de 0x40004 0x0 0x0 0x22246c2a990 0x1de 0x0 0x0 0xc0007 0xef 0x1b8 0xef 0x140002 0xef 0x1e0005 0x0 0x0 0x2227e8ab530 0xef 0x0 0x0 0x250005 0x0 0x0 0x22246c2a780 0x401 0x0 0x0 0x2a0007 0xef 0x118 0x312 0x2e0005 0x0 0x0 0x22246c2a780 0x312 0x0 0x0 0x330004 0x0 0x0 0x222458b5fa0 0x312 0x0 0x0 0x3c0005 0x0 0x0 0x222458b5fa0 0x312 0x0 0x0 0x3f0005 0x0 0x0 0x2227e8ab530 0x312 0x0 0x0 0x450003 0x312 0xfffffffffffffec8 0x4c0007 0x1de 0x30 0x0 0x580002 0x0 0x690002 0x0 0x6d0005 0x0 0x0 0x0 0x0 0x0 0x0 0x700005 0x0 0x0 0x0 0x0 0x0 0x0 0x730005 0x0 0x0 0x0 0x0 0x0 0x0 0x780005 0x0 0x0 0x0 0x0 0x0 0x0 0x7b0005 0x0 0x0 0x0 0x0 0x0 0x0 0x7e0002 0x0 0x820005 0x0 0x0 0x0 0x0 0x0 0x0 0x850004 0x0 0x0 0x0 0x0 0x0 0x0 0x0 0x0 0x0 0x0 0x0 0x0 0x9 0x1 0x0 oops 7 5 org/apache/maven/model/Reporting 18 java/util/ArrayList 25 java/util/ArrayList$Itr 36 java/util/ArrayList$Itr 43 org/apache/maven/model/ReportPlugin 50 org/apache/maven/model/ReportPlugin 57 java/util/ArrayList methods 0
ciMethodData org/apache/maven/model/ReportPlugin clone ()Lorg/apache/maven/model/ReportPlugin; 1 910 orig 80 0 0 0 0 0 0 0 0 0 0 0 0 34 2 0 0 0 0 0 0 0 0 0 0 0 0 0 0 0 0 0 0 0 0 0 0 0 0 0 0 0 0 0 0 0 0 0 0 0 0 0 0 0 0 0 0 0 0 0 0 0 0 0 0 0 0 0 0 0 0 0 0 0 0 0 0 0 0 0 0 data 126 0x10002 0x28a 0x40004 0x0 0x0 0x222458b5fa0 0x28a 0x0 0x0 0xc0007 0x215 0x1b8 0x75 0x140002 0x75 0x1e0005 0x0 0x0 0x2227e8ab530 0x75 0x0 0x0 0x250005 0x0 0x0 0x22246c2a780 0xe9 0x0 0x0 0x2a0007 0x75 0x118 0x74 0x2e0005 0x0 0x0 0x22246c2a780 0x74 0x0 0x0 0x330004 0x0 0x0 0x22246e48b50 0x74 0x0 0x0 0x3c0005 0x0 0x0 0x22246e48b50 0x74 0x0 0x0 0x3f0005 0x0 0x0 0x2227e8ab530 0x74 0x0 0x0 0x450003 0x74 0xfffffffffffffec8 0x530002 0x0 0x570005 0x0 0x0 0x0 0x0 0x0 0x0 0x5a0005 0x0 0x0 0x0 0x0 0x0 0x0 0x5d0005 0x0 0x0 0x0 0x0 0x0 0x0 0x620005 0x0 0x0 0x0 0x0 0x0 0x0 0x650005 0x0 0x0 0x0 0x0 0x0 0x0 0x680002 0x0 0x6c0005 0x0 0x0 0x0 0x0 0x0 0x0 0x6f0004 0x0 0x0 0x0 0x0 0x0 0x0 0x0 0x0 0x0 0x0 0x0 0x0 0x9 0x1 0xffffffffffffffff oops 7 5 org/apache/maven/model/ReportPlugin 18 java/util/ArrayList 25 java/util/ArrayList$Itr 36 java/util/ArrayList$Itr 43 org/apache/maven/model/ReportSet 50 org/apache/maven/model/ReportSet 57 java/util/ArrayList methods 0
ciMethodData org/apache/maven/model/Repository clone ()Lorg/apache/maven/model/Repository; 2 1575 orig 80 0 0 0 0 0 0 0 0 0 0 0 0 34 2 0 0 0 0 0 0 0 0 0 0 0 0 0 0 0 0 0 0 0 0 0 0 0 0 0 0 0 0 0 0 0 0 0 0 0 0 0 0 0 0 0 0 0 0 0 0 0 0 0 0 0 0 0 0 0 0 0 0 0 0 0 0 0 0 0 0 data 93 0x10002 0x527 0x40004 0x0 0x0 0x222467a3810 0x2ff 0x22246c2a8e0 0x228 0xc0007 0x4a6 0x58 0x81 0x140005 0x0 0x0 0x222454df3e0 0x81 0x0 0x0 0x1e0007 0x314 0x58 0x213 0x260005 0x0 0x0 0x222454df3e0 0x213 0x0 0x0 0x370002 0x0 0x3b0005 0x0 0x0 0x0 0x0 0x0 0x0 0x3e0005 0x0 0x0 0x0 0x0 0x0 0x0 0x410005 0x0 0x0 0x0 0x0 0x0 0x0 0x460005 0x0 0x0 0x0 0x0 0x0 0x0 0x490005 0x0 0x0 0x0 0x0 0x0 0x0 0x4c0002 0x0 0x500005 0x0 0x0 0x0 0x0 0x0 0x0 0x530004 0x0 0x0 0x0 0x0 0x0 0x0 0x0 0x0 0x0 0x0 0x0 0x0 0x9 0x1 0xffffffffffffffff oops 4 5 org/apache/maven/model/DeploymentRepository 7 org/apache/maven/model/Repository 16 org/apache/maven/model/RepositoryPolicy 27 org/apache/maven/model/RepositoryPolicy methods 0
ciMethodData org/apache/maven/model/RepositoryBase clone ()Lorg/apache/maven/model/RepositoryBase; 2 1575 orig 80 0 0 0 0 0 0 0 0 0 0 0 0 34 2 0 0 0 0 0 0 0 0 0 0 0 0 0 0 0 0 0 0 0 0 0 0 0 0 0 0 0 0 0 0 0 0 0 0 0 0 0 0 0 0 0 0 0 0 0 0 0 0 0 0 0 0 0 0 0 0 0 0 0 0 0 0 0 0 0 0 data 77 0x10002 0x527 0x40004 0x0 0x0 0x222467a3810 0x2ff 0x22246c2a8e0 0x228 0xc0007 0x527 0x30 0x0 0x180002 0x0 0x290002 0x0 0x2d0005 0x0 0x0 0x0 0x0 0x0 0x0 0x300005 0x0 0x0 0x0 0x0 0x0 0x0 0x330005 0x0 0x0 0x0 0x0 0x0 0x0 0x380005 0x0 0x0 0x0 0x0 0x0 0x0 0x3b0005 0x0 0x0 0x0 0x0 0x0 0x0 0x3e0002 0x0 0x420005 0x0 0x0 0x0 0x0 0x0 0x0 0x450004 0x0 0x0 0x0 0x0 0x0 0x0 0x0 0x0 0x0 0x0 0x0 0x0 0x9 0x1 0xffffffffffffffff oops 2 5 org/apache/maven/model/DeploymentRepository 7 org/apache/maven/model/Repository methods 0
ciMethodData org/apache/maven/model/RepositoryPolicy clone ()Lorg/apache/maven/model/RepositoryPolicy; 1 846 orig 80 0 0 0 0 0 0 0 0 0 0 0 0 34 2 0 0 0 0 0 0 0 0 0 0 0 0 0 0 0 0 0 0 0 0 0 0 0 0 0 0 0 0 0 0 0 0 0 0 0 0 0 0 0 0 0 0 0 0 0 0 0 0 0 0 0 0 0 0 0 0 0 0 0 0 0 0 0 0 0 0 data 77 0x10002 0x294 0x40004 0x0 0x0 0x222454df3e0 0x294 0x0 0x0 0xc0007 0x294 0x30 0x0 0x180002 0x0 0x290002 0x0 0x2d0005 0x0 0x0 0x0 0x0 0x0 0x0 0x300005 0x0 0x0 0x0 0x0 0x0 0x0 0x330005 0x0 0x0 0x0 0x0 0x0 0x0 0x380005 0x0 0x0 0x0 0x0 0x0 0x0 0x3b0005 0x0 0x0 0x0 0x0 0x0 0x0 0x3e0002 0x0 0x420005 0x0 0x0 0x0 0x0 0x0 0x0 0x450004 0x0 0x0 0x0 0x0 0x0 0x0 0x0 0x0 0x0 0x0 0x0 0x0 0x9 0x1 0x0 oops 1 5 org/apache/maven/model/RepositoryPolicy methods 0
ciMethodData org/apache/maven/model/DeploymentRepository clone ()Lorg/apache/maven/model/DeploymentRepository; 1 903 orig 80 0 0 0 0 0 0 0 0 0 0 0 0 34 2 0 0 0 0 0 0 0 0 0 0 0 0 0 0 0 0 0 0 0 0 0 0 0 0 0 0 0 0 0 0 0 0 0 0 0 0 0 0 0 0 0 0 0 0 0 0 0 0 0 0 0 0 0 0 0 0 0 0 0 0 0 0 0 0 0 0 data 71 0x10002 0x287 0x40004 0x0 0x0 0x222467a3810 0x287 0x0 0x0 0x130002 0x0 0x170005 0x0 0x0 0x0 0x0 0x0 0x0 0x1a0005 0x0 0x0 0x0 0x0 0x0 0x0 0x1d0005 0x0 0x0 0x0 0x0 0x0 0x0 0x220005 0x0 0x0 0x0 0x0 0x0 0x0 0x250005 0x0 0x0 0x0 0x0 0x0 0x0 0x280002 0x0 0x2c0005 0x0 0x0 0x0 0x0 0x0 0x0 0x2f0004 0x0 0x0 0x0 0x0 0x0 0x0 0x0 0x0 0x0 0x0 0x0 0x0 0x9 0x1 0xffffffffffffffff oops 1 5 org/apache/maven/model/DeploymentRepository methods 0
ciMethodData org/apache/maven/model/Site clone ()Lorg/apache/maven/model/Site; 1 90 orig 80 0 0 0 0 0 0 0 0 0 0 0 0 34 2 0 0 0 0 0 0 0 0 0 0 0 0 0 0 0 0 0 0 0 0 0 0 0 0 0 0 0 0 0 0 0 0 0 0 0 0 0 0 0 0 0 0 0 0 0 0 0 0 0 0 0 0 0 0 0 0 0 0 0 0 0 0 0 0 0 0 data 77 0x10002 0x9 0x40004 0x0 0x0 0x2227f5e87b0 0x9 0x0 0x0 0xc0007 0x9 0x30 0x0 0x180002 0x0 0x290002 0x0 0x2d0005 0x0 0x0 0x0 0x0 0x0 0x0 0x300005 0x0 0x0 0x0 0x0 0x0 0x0 0x330005 0x0 0x0 0x0 0x0 0x0 0x0 0x380005 0x0 0x0 0x0 0x0 0x0 0x0 0x3b0005 0x0 0x0 0x0 0x0 0x0 0x0 0x3e0002 0x0 0x420005 0x0 0x0 0x0 0x0 0x0 0x0 0x450004 0x0 0x0 0x0 0x0 0x0 0x0 0x0 0x0 0x0 0x0 0x0 0x0 0x9 0x1 0xffffffffffffffff oops 1 5 org/apache/maven/model/Site methods 0
compile org/apache/maven/model/ModelBase clone ()Lorg/apache/maven/model/ModelBase; -1 4 inline 105 0 -1 org/apache/maven/model/ModelBase clone ()Lorg/apache/maven/model/ModelBase; 1 20 java/util/ArrayList <init> ()V 2 1 java/util/AbstractList <init> ()V 3 1 java/util/AbstractCollection <init> ()V 4 1 java/lang/Object <init> ()V 1 34 java/util/ArrayList addAll (Ljava/util/Collection;)Z 2 51 java/util/ArrayList grow (I)[Ljava/lang/Object; 3 27 jdk/internal/util/ArraysSupport newLength (III)I 3 37 java/util/Arrays copyOf ([Ljava/lang/Object;I)[Ljava/lang/Object; 1 52 org/apache/maven/model/DistributionManagement clone ()Lorg/apache/maven/model/DistributionManagement; 1 70 java/util/Properties clone ()Ljava/lang/Object; 2 1 java/util/Hashtable cloneHashtable ()Ljava/util/Hashtable; 2 17 java/util/concurrent/ConcurrentHashMap <init> (Ljava/util/Map;)V 3 1 java/util/AbstractMap <init> ()V 4 1 java/lang/Object <init> ()V 1 109 java/util/ArrayList <init> ()V 2 1 java/util/AbstractList <init> ()V 3 1 java/util/AbstractCollection <init> ()V 4 1 java/lang/Object <init> ()V 1 119 java/util/ArrayList iterator ()Ljava/util/Iterator; 2 5 java/util/ArrayList$Itr <init> (Ljava/util/ArrayList;)V 3 6 java/lang/Object <init> ()V 1 126 java/util/ArrayList$Itr hasNext ()Z 1 135 java/util/ArrayList$Itr next ()Ljava/lang/Object; 2 1 java/util/ArrayList$Itr checkForComodification ()V 1 149 org/apache/maven/model/Dependency clone ()Lorg/apache/maven/model/Dependency; 2 20 java/util/ArrayList <init> ()V 3 1 java/util/AbstractList <init> ()V 4 1 java/util/AbstractCollection <init> ()V 5 1 java/lang/Object <init> ()V 2 30 java/util/ArrayList iterator ()Ljava/util/Iterator; 3 5 java/util/ArrayList$Itr <init> (Ljava/util/ArrayList;)V 4 6 java/lang/Object <init> ()V 2 37 java/util/ArrayList$Itr hasNext ()Z 1 152 java/util/ArrayList add (Ljava/lang/Object;)Z 2 20 java/util/ArrayList add (Ljava/lang/Object;[Ljava/lang/Object;I)V 3 7 java/util/ArrayList grow ()[Ljava/lang/Object; 4 7 java/util/ArrayList grow (I)[Ljava/lang/Object; 5 27 jdk/internal/util/ArraysSupport newLength (III)I 5 37 java/util/Arrays copyOf ([Ljava/lang/Object;I)[Ljava/lang/Object; 1 173 java/util/ArrayList <init> ()V 2 1 java/util/AbstractList <init> ()V 3 1 java/util/AbstractCollection <init> ()V 4 1 java/lang/Object <init> ()V 1 183 java/util/ArrayList iterator ()Ljava/util/Iterator; 2 5 java/util/ArrayList$Itr <init> (Ljava/util/ArrayList;)V 3 6 java/lang/Object <init> ()V 1 190 java/util/ArrayList$Itr hasNext ()Z 1 199 java/util/ArrayList$Itr next ()Ljava/lang/Object; 2 1 java/util/ArrayList$Itr checkForComodification ()V 1 213 org/apache/maven/model/Repository clone ()Lorg/apache/maven/model/Repository; 2 1 org/apache/maven/model/RepositoryBase clone ()Lorg/apache/maven/model/RepositoryBase; 2 20 org/apache/maven/model/RepositoryPolicy clone ()Lorg/apache/maven/model/RepositoryPolicy; 2 38 org/apache/maven/model/RepositoryPolicy clone ()Lorg/apache/maven/model/RepositoryPolicy; 1 216 java/util/ArrayList add (Ljava/lang/Object;)Z 2 20 java/util/ArrayList add (Ljava/lang/Object;[Ljava/lang/Object;I)V 3 7 java/util/ArrayList grow ()[Ljava/lang/Object; 4 7 java/util/ArrayList grow (I)[Ljava/lang/Object; 5 27 jdk/internal/util/ArraysSupport newLength (III)I 5 37 java/util/Arrays copyOf ([Ljava/lang/Object;I)[Ljava/lang/Object; 1 237 java/util/ArrayList <init> ()V 2 1 java/util/AbstractList <init> ()V 3 1 java/util/AbstractCollection <init> ()V 4 1 java/lang/Object <init> ()V 1 247 java/util/ArrayList iterator ()Ljava/util/Iterator; 2 5 java/util/ArrayList$Itr <init> (Ljava/util/ArrayList;)V 3 6 java/lang/Object <init> ()V 1 254 java/util/ArrayList$Itr hasNext ()Z 1 263 java/util/ArrayList$Itr next ()Ljava/lang/Object; 2 1 java/util/ArrayList$Itr checkForComodification ()V 1 277 org/apache/maven/model/Repository clone ()Lorg/apache/maven/model/Repository; 2 1 org/apache/maven/model/RepositoryBase clone ()Lorg/apache/maven/model/RepositoryBase; 2 20 org/apache/maven/model/RepositoryPolicy clone ()Lorg/apache/maven/model/RepositoryPolicy; 2 38 org/apache/maven/model/RepositoryPolicy clone ()Lorg/apache/maven/model/RepositoryPolicy; 1 280 java/util/ArrayList add (Ljava/lang/Object;)Z 2 20 java/util/ArrayList add (Ljava/lang/Object;[Ljava/lang/Object;I)V 3 7 java/util/ArrayList grow ()[Ljava/lang/Object; 4 7 java/util/ArrayList grow (I)[Ljava/lang/Object; 5 27 jdk/internal/util/ArraysSupport newLength (III)I 5 37 java/util/Arrays copyOf ([Ljava/lang/Object;I)[Ljava/lang/Object; 1 326 org/apache/maven/model/Reporting clone ()Lorg/apache/maven/model/Reporting; 2 20 java/util/ArrayList <init> ()V 3 1 java/util/AbstractList <init> ()V 4 1 java/util/AbstractCollection <init> ()V 5 1 java/lang/Object <init> ()V 1 348 java/util/LinkedHashMap <init> (Ljava/util/Map;)V 2 1 java/util/HashMap <init> ()V 3 1 java/util/AbstractMap <init> ()V 4 1 java/lang/Object <init> ()V 2 12 java/util/HashMap putMapEntries (Ljava/util/Map;Z)V 3 59 java/util/HashMap tableSizeFor (I)I 3 150 java/util/HashMap hash (Ljava/lang/Object;)I 3 159 java/util/HashMap putVal (ILjava/lang/Object;Ljava/lang/Object;ZZ)Ljava/lang/Object; 4 56 java/util/LinkedHashMap newNode (ILjava/lang/Object;Ljava/lang/Object;Ljava/util/HashMap$Node;)Ljava/util/HashMap$Node; 5 9 java/util/LinkedHashMap$Entry <init> (ILjava/lang/Object;Ljava/lang/Object;Ljava/util/HashMap$Node;)V 6 6 java/util/HashMap$Node <init> (ILjava/lang/Object;Ljava/lang/Object;Ljava/util/HashMap$Node;)V 7 1 java/lang/Object <init> ()V 5 17 java/util/LinkedHashMap linkNodeLast (Ljava/util/LinkedHashMap$Entry;)V 4 152 java/util/LinkedHashMap newNode (ILjava/lang/Object;Ljava/lang/Object;Ljava/util/HashMap$Node;)Ljava/util/HashMap$Node; 5 9 java/util/LinkedHashMap$Entry <init> (ILjava/lang/Object;Ljava/lang/Object;Ljava/util/HashMap$Node;)V 6 6 java/util/HashMap$Node <init> (ILjava/lang/Object;Ljava/lang/Object;Ljava/util/HashMap$Node;)V 7 1 java/lang/Object <init> ()V 5 17 java/util/LinkedHashMap linkNodeLast (Ljava/util/LinkedHashMap$Entry;)V 4 253 java/util/LinkedHashMap afterNodeAccess (Ljava/util/HashMap$Node;)V 4 295 java/util/LinkedHashMap afterNodeInsertion (Z)V
